-- MySQL dump 10.13  Distrib 8.0.34, for macos13 (arm64)
--
-- Host: localhost    Database: alumverse_hcmus
-- ------------------------------------------------------
-- Server version	8.2.0

/*!40101 SET @OLD_CHARACTER_SET_CLIENT=@@CHARACTER_SET_CLIENT */;
/*!40101 SET @OLD_CHARACTER_SET_RESULTS=@@CHARACTER_SET_RESULTS */;
/*!40101 SET @OLD_COLLATION_CONNECTION=@@COLLATION_CONNECTION */;
/*!50503 SET NAMES utf8 */;
/*!40103 SET @OLD_TIME_ZONE=@@TIME_ZONE */;
/*!40103 SET TIME_ZONE='+00:00' */;
/*!40014 SET @OLD_UNIQUE_CHECKS=@@UNIQUE_CHECKS, UNIQUE_CHECKS=0 */;
/*!40014 SET @OLD_FOREIGN_KEY_CHECKS=@@FOREIGN_KEY_CHECKS, FOREIGN_KEY_CHECKS=0 */;
/*!40101 SET @OLD_SQL_MODE=@@SQL_MODE, SQL_MODE='NO_AUTO_VALUE_ON_ZERO' */;
/*!40111 SET @OLD_SQL_NOTES=@@SQL_NOTES, SQL_NOTES=0 */;

USE alumverse_hcmus;

--
-- Dumping data for table `achievement`
--

LOCK TABLES `achievement` WRITE;
/*!40000 ALTER TABLE `achievement` DISABLE KEYS */;
INSERT INTO `achievement` VALUES ('3f4933b4-088e-4205-8e66-d2e92ece2aec','67380894-cf8b-43ac-b6b2-d9d9ac154f8f','4 lần vinh danh trên bức tường danh dự của Viện Anderson','Hoá học','2020-10-20','PUBLIC','2024-07-27 17:45:37',0),('875a471d-890a-4cdf-a4fd-f6f2ec4d2501','56bd646a-44cf-4ae2-960c-d7fc24c528e5','Học bổng năm nhất','Học tập','2021-06-01','PUBLIC','2024-07-09 21:34:06',0),('b9dea272-fb4e-49f8-ac39-66b2d246b7a3','8f43f0d3-4a0d-4baa-920f-05ebe13a4787','Giải thưởng khoa học công nghệ thanh niên Quả cầu vàng','Giải thưởng','2022-11-25','PUBLIC','2024-07-27 20:21:04',0);
/*!40000 ALTER TABLE `achievement` ENABLE KEYS */;
UNLOCK TABLES;

--
-- Dumping data for table `alumni`
--

LOCK TABLES `alumni` WRITE;
/*!40000 ALTER TABLE `alumni` DISABLE KEYS */;
INSERT INTO `alumni` VALUES ('15fa6065-98cb-4bb8-9269-ff2c7b8f22c2','19128310',2019,NULL,NULL,'PUBLIC','PUBLIC','PUBLIC','PUBLIC'),('2cae08b7-ade2-4f4f-b757-14142a09bbac','21127293',2019,NULL,NULL,'PUBLIC','PUBLIC','PUBLIC','PUBLIC'),('3bdab96b-ac47-4d48-b9ca-256725fb72f7','20117293',2020,NULL,NULL,'PUBLIC','PUBLIC','PUBLIC','PUBLIC'),('425d8a36-aad9-4d3b-b944-a4a21c743b20','15129301',2015,NULL,NULL,'PUBLIC','PUBLIC','PUBLIC','PUBLIC'),('56bd646a-44cf-4ae2-960c-d7fc24c528e5','20127013',2020,2024,'20CLC11','PUBLIC','PUBLIC','PUBLIC','PUBLIC'),('56bd646a-44cf-4ae2-960c-d7fc24c528f2','20127575',2020,2024,'20CLC11','PUBLIC','PUBLIC','PUBLIC','PUBLIC'),('56bd646a-44cf-4ae2-960c-d7fc24c528f3','20127285',2020,2024,'20CLC11','PUBLIC','PUBLIC','PUBLIC','PUBLIC'),('56bd646a-44cf-4ae2-960c-d7fc24c528f4','20127306',2020,2024,'20CLC4','PUBLIC','PUBLIC','PUBLIC','PUBLIC'),('56bd646a-44cf-4ae2-960c-d7fc24c528f5','20127610',2020,2024,'20CLC11','PUBLIC','PUBLIC','PUBLIC','PUBLIC'),('67380894-cf8b-43ac-b6b2-d9d9ac154f8f','20019201',2001,NULL,NULL,'PUBLIC','PUBLIC','PUBLIC','PUBLIC'),('6fdfdf3f-81b0-46be-bdde-5ccdcb8ed77b','18129301',2018,NULL,NULL,'PUBLIC','PUBLIC','PUBLIC','PUBLIC'),('8f43f0d3-4a0d-4baa-920f-05ebe13a4787','20063829',2006,NULL,NULL,'PUBLIC','PUBLIC','PUBLIC','PUBLIC'),('a8a2a13d-1993-4cb4-b918-1b6305e81ff0','1998001',1998,2002,'19C1','PUBLIC','PUBLIC','PUBLIC','PUBLIC'),('c67d2ae1-6a5d-447a-91fb-b47400a41ebf','20127262',2012,NULL,NULL,'PUBLIC','PUBLIC','PUBLIC','PUBLIC'),('d4b8762d-17b7-45e9-887d-c369b6127e7e','19127281',2019,NULL,NULL,'PUBLIC','PUBLIC','PUBLIC','PUBLIC');
/*!40000 ALTER TABLE `alumni` ENABLE KEYS */;
UNLOCK TABLES;

--
-- Dumping data for table `comment_event`
--

LOCK TABLES `comment_event` WRITE;
/*!40000 ALTER TABLE `comment_event` DISABLE KEYS */;
INSERT INTO `comment_event` VALUES ('0a410887-eafe-4377-a0ff-d9f5aac41b61','56bd646a-44cf-4ae2-960c-d7fc24c528f2','2c9996e2-b9f5-4b47-9a12-a6b07df24c10',NULL,'Có team nào thiếu thành viên không',1,'2024-07-07 11:02:09','2024-07-07 11:02:09',0),('1786a95c-376f-46d3-9b54-598bf5497a24','56bd646a-44cf-4ae2-960c-d7fc24c528f3','cdc90076-1761-4051-bac3-ddbf33dcfc3d',NULL,'Có được quay video không BTC',0,'2024-07-07 11:11:06','2024-07-07 11:11:06',0),('2792e9d0-0cba-4b75-8421-7c4572b48856','56bd646a-44cf-4ae2-960c-d7fc24c528f4','cdc90076-1761-4051-bac3-ddbf33dcfc3d',NULL,'Em vô trễ 1 xíu có sao không ạ',0,'2024-07-07 11:22:16','2024-07-07 11:22:16',0),('2f58e367-5138-45ea-8b7a-3be2da8f9ba6','56bd646a-44cf-4ae2-960c-d7fc24c528f3','05c92f6c-2453-4349-8fe5-e198930ad1cb',NULL,'Có cơ hội được làm việc ở những công ty hàng đầu ',0,'2024-07-07 11:12:58','2024-07-07 11:12:58',0),('2fcd653b-8bbb-4191-95f3-31949d8cb18c','56bd646a-44cf-4ae2-960c-d7fc24c528f3','ac197087-b741-4be9-ac64-c1c3675c6636',NULL,'Đá team 5 hay team 7 vậy BTC',0,'2024-07-07 11:16:47','2024-07-07 11:16:47',0),('7a7ff586-bba0-4a6d-aa81-7b18f43dfa62','56bd646a-44cf-4ae2-960c-d7fc24c528f5','b70e7796-c51d-459f-964e-7cfa23efd268',NULL,'English camp này sẽ học được nhiều điều bổ ích',0,'2024-07-07 15:35:26','2024-07-07 15:35:26',0),('8db4fdfa-bc50-41cd-84ce-7571fccd2007','56bd646a-44cf-4ae2-960c-d7fc24c528e5','2c9996e2-b9f5-4b47-9a12-a6b07df24c10','0a410887-eafe-4377-a0ff-d9f5aac41b61','Team mình còn thừa 1 slot bạn ơi, có gì nhắn tin cho mình nha',0,'2024-07-07 11:06:16','2024-07-07 11:06:16',0),('a50abaac-afd2-4aee-b8cd-f8be0a8b0bc7','56bd646a-44cf-4ae2-960c-d7fc24c528f5','6e4313d3-07cb-4564-afce-d84775d7a191',NULL,'Có cần chuẩn bị gì trước khi đi hiến máu không ạ',0,'2024-07-07 15:34:50','2024-07-07 15:34:50',0),('ab6713f7-cc0b-4175-b116-7d1857129765','56bd646a-44cf-4ae2-960c-d7fc24c528f3','31f445c3-49d3-478a-bce4-6105425bd6ce',NULL,'Ngày hội này có gì hấp dẫn không nhỉ',0,'2024-07-07 11:17:20','2024-07-07 11:17:20',0),('af19d332-1456-4b62-b75d-bd6aa0afa315','56bd646a-44cf-4ae2-960c-d7fc24c528f3','2c9996e2-b9f5-4b47-9a12-a6b07df24c10',NULL,'Giải thưởng đợt này có vẻ hấp dẫn',0,'2024-07-07 11:10:23','2024-07-07 11:10:23',0),('c8be6c1f-dd5a-46d6-a9be-4086458c4cea','56bd646a-44cf-4ae2-960c-d7fc24c528f4','05c92f6c-2453-4349-8fe5-e198930ad1cb',NULL,'Các bạn mau đăng ký tham gia để gặp công ty bọn mình nhé',0,'2024-07-07 11:23:41','2024-07-07 11:23:41',0),('cb14e779-224b-4342-95ab-b9f169e28c5d','56bd646a-44cf-4ae2-960c-d7fc24c528f3','0c24a0a7-54fd-4a0e-9d29-da1030ffaa89',NULL,'Nhớ về cội nguồn, yêu quý truyền thống dân tộc',0,'2024-07-07 11:17:52','2024-07-07 11:17:52',0),('d4a7a3cd-34ce-446d-9540-04ce697e8a7c','56bd646a-44cf-4ae2-960c-d7fc24c528f3','6e4313d3-07cb-4564-afce-d84775d7a191','db65c9be-bf0e-4fbe-9add-c5aef3e601b6','Vừa có lợi cho sức khoẻ, vừa giúp được nhiều người khác',0,'2024-07-07 11:11:50','2024-07-07 11:11:50',0),('db65c9be-bf0e-4fbe-9add-c5aef3e601b6','56bd646a-44cf-4ae2-960c-d7fc24c528e5','6e4313d3-07cb-4564-afce-d84775d7a191',NULL,'Đi hiến máu đi mọi người ơi',1,'2024-07-07 11:06:45','2024-07-07 11:06:45',0),('e16a6060-04a4-487d-b991-2c646737b3fd','56bd646a-44cf-4ae2-960c-d7fc24c528f2','cdc90076-1761-4051-bac3-ddbf33dcfc3d',NULL,'Show âm nhạc này sẽ rất hấp dẫn đây',0,'2024-07-07 11:01:34','2024-07-07 11:01:34',0),('eb003880-9e74-426b-8a10-4d250e49d6bb','56bd646a-44cf-4ae2-960c-d7fc24c528f3','ac197087-b741-4be9-ac64-c1c3675c6636',NULL,'Team đang thiếu 1 slot hậu vệ, ai có nhu cầu thì nhắn tin cho mình',0,'2024-07-07 11:16:06','2024-07-07 11:16:06',0),('f247b49e-25db-4ac9-a932-dbd53ebbf9fb','56bd646a-44cf-4ae2-960c-d7fc24c528f2','ac197087-b741-4be9-ac64-c1c3675c6636',NULL,'Xin 1 slot làm thủ môn cho các team',0,'2024-07-07 11:02:57','2024-07-07 11:02:57',0),('fb299e66-32ec-475a-a1df-343764f79c62','56bd646a-44cf-4ae2-960c-d7fc24c528f4','b70e7796-c51d-459f-964e-7cfa23efd268',NULL,'English camp đợt trước thật tuyệt vời, đợt này mình cũng phải tham gia thôi',0,'2024-07-07 11:23:08','2024-07-07 11:23:08',0),('fd68116c-dc99-407d-82a4-1c42663bb4f8','56bd646a-44cf-4ae2-960c-d7fc24c528f5','2c9996e2-b9f5-4b47-9a12-a6b07df24c10',NULL,'Mỗi bảng gồm bao nhiêu đội ạ',0,'2024-07-07 15:34:12','2024-07-07 15:34:12',0);
/*!40000 ALTER TABLE `comment_event` ENABLE KEYS */;
UNLOCK TABLES;

--
-- Dumping data for table `comment_news`
--

LOCK TABLES `comment_news` WRITE;
/*!40000 ALTER TABLE `comment_news` DISABLE KEYS */;
INSERT INTO `comment_news` VALUES ('098862c8-7679-4328-b42b-aaf152b9b4ec','56bd646a-44cf-4ae2-960c-d7fc24c528f4','41efe1ab-1842-4739-8ff0-0d2a7ba72529','5648edfb-295a-4758-b5c8-1c8b8ecc1a25','Nhất là với môi trường đầy bụi như ở các thành phố lớn',0,'2024-07-07 11:21:15','2024-07-07 11:21:15',0),('0e71ccdd-b1cf-484b-a978-fa6daedf7192','56bd646a-44cf-4ae2-960c-d7fc24c528f3','f47b831c-c056-42ab-8e4c-b5d922ced1f6',NULL,'Lần sau phải không bỏ lỡ mới được',1,'2024-07-07 11:13:25','2024-07-07 11:13:25',0),('19212c65-3b33-4041-b703-3847b8ea4a7c','56bd646a-44cf-4ae2-960c-d7fc24c528f2','f534fa71-87b3-4a70-9aec-95f550fbf9ac',NULL,'Mấy em sinh viên thời nay thực sự rất giỏi',0,'2024-07-07 10:58:03','2024-07-07 10:58:03',0),('1fe790f7-64f5-4ebb-8e8f-cd6219e32a84','56bd646a-44cf-4ae2-960c-d7fc24c528f5','41efe1ab-1842-4739-8ff0-0d2a7ba72529','a87b63fd-6fb9-4f21-aee0-d4c38beb0635','Chủ đề 2 cũng rất hay',0,'2024-07-07 15:31:02','2024-07-07 15:31:02',0),('2a2272d2-172f-4c41-bd14-a1eb80d9cb94','56bd646a-44cf-4ae2-960c-d7fc24c528f4','f47b831c-c056-42ab-8e4c-b5d922ced1f6','94ff8a07-47f5-486a-87ff-4fcafbb5f4dc','Tôi cũng thế',0,'2024-07-07 11:31:38','2024-07-07 11:31:38',0),('2be12a7b-7ecc-466f-8630-2aebcfe9a0a1','56bd646a-44cf-4ae2-960c-d7fc24c528f4','003127ca-3a0c-4db1-991d-103933679dc3','d5ad39c3-961c-40bc-b35e-9315faf5668d','Trường mình giờ phát triển thật',0,'2024-07-07 11:19:48','2024-07-07 11:19:48',0),('55f4f6be-5c00-4e39-bcff-2556c5efe254','56bd646a-44cf-4ae2-960c-d7fc24c528f5','f47b831c-c056-42ab-8e4c-b5d922ced1f6',NULL,'Lần sau mình phải tham gia mới được',0,'2024-07-07 15:32:02','2024-07-07 15:32:02',0),('5648edfb-295a-4758-b5c8-1c8b8ecc1a25','56bd646a-44cf-4ae2-960c-d7fc24c528f3','41efe1ab-1842-4739-8ff0-0d2a7ba72529',NULL,'Chủ đề 3 thật gần gũi trong xã hội hiện nay',1,'2024-07-07 11:15:27','2024-07-07 11:15:27',0),('5efb069c-d6cb-4709-9a6c-143d86a4a46b','56bd646a-44cf-4ae2-960c-d7fc24c528f4','f47b831c-c056-42ab-8e4c-b5d922ced1f6','0e71ccdd-b1cf-484b-a978-fa6daedf7192','Có nhiều bạn bè cũ của mình tham dự quá',0,'2024-07-07 11:31:10','2024-07-07 11:31:10',0),('5f7d117d-c727-4c61-a214-c3c54242cafb','56bd646a-44cf-4ae2-960c-d7fc24c528f2','9a2fb9e3-1daa-438a-806b-5044064c0ab4',NULL,'Thầy thuyết trình rất hay và để lại nhiều bài học sâu sắc.',0,'2024-07-07 10:57:17','2024-07-07 10:57:17',0),('6fd26bc4-2e75-4ddc-a6d5-6eb726f53fd9','56bd646a-44cf-4ae2-960c-d7fc24c528f2','f47b831c-c056-42ab-8e4c-b5d922ced1f6',NULL,'Chúc đại hội cộng đồng cựu sinh viên diễn ra thành công tốt đẹp',0,'2024-07-07 10:59:01','2024-07-07 10:59:01',0),('887484b7-4bbd-477f-b5ed-5543c36d63bc','56bd646a-44cf-4ae2-960c-d7fc24c528f4','9a2fb9e3-1daa-438a-806b-5044064c0ab4',NULL,'Thầy rất tâm huyết với học trò',0,'2024-07-07 11:21:41','2024-07-07 11:21:41',0),('91ece1ae-aec5-4607-b449-959a01b87758','56bd646a-44cf-4ae2-960c-d7fc24c528e5','85f952d3-ca86-411f-9986-e396ab05cb8f',NULL,'Chúc cho ngày hội đạt được nhiều thành công',0,'2024-07-07 11:05:16','2024-07-07 11:05:16',0),('94ff8a07-47f5-486a-87ff-4fcafbb5f4dc','56bd646a-44cf-4ae2-960c-d7fc24c528e5','f47b831c-c056-42ab-8e4c-b5d922ced1f6',NULL,'Thật mong chờ vào kỳ đại hội lần sau',1,'2024-07-07 11:03:52','2024-07-07 11:03:52',0),('975c086b-931e-4a53-9b2e-817a0b699c37','56bd646a-44cf-4ae2-960c-d7fc24c528f5','97dbf166-86a1-4369-a0dc-2075fcf7de31',NULL,'Lễ tiếp nhận thật thành công tốt đẹp',0,'2024-07-07 15:32:43','2024-07-07 15:32:43',0),('a02df9de-e6ad-4596-b995-632cb2dbee5d','56bd646a-44cf-4ae2-960c-d7fc24c528f5','2107aeaa-bcfe-4c13-9428-13eff8203941',NULL,'Lễ ký kết thật thành công tốt đẹp',0,'2024-07-07 15:33:34','2024-07-07 15:33:34',0),('a87b63fd-6fb9-4f21-aee0-d4c38beb0635','56bd646a-44cf-4ae2-960c-d7fc24c528e5','41efe1ab-1842-4739-8ff0-0d2a7ba72529',NULL,'Nhiều chủ đề hay và hấp dẫn quá',1,'2024-07-07 11:08:04','2024-07-07 11:08:04',0),('b3a1522f-4012-489a-8e62-5afe489387f4','56bd646a-44cf-4ae2-960c-d7fc24c528f4','97dbf166-86a1-4369-a0dc-2075fcf7de31',NULL,'Chúc lễ tiếp nhận diễn ra thành công',0,'2024-07-07 11:20:15','2024-07-07 11:20:15',0),('bb0abf60-e588-4899-b7a9-93689f3c51ee','56bd646a-44cf-4ae2-960c-d7fc24c528f4','85f952d3-ca86-411f-9986-e396ab05cb8f',NULL,'Ngày mấy là kết thúc nhỉ',0,'2024-07-07 11:20:42','2024-07-07 11:20:42',0),('c6d32c3e-05cd-4677-ba97-dc47810c70f5','56bd646a-44cf-4ae2-960c-d7fc24c528f2','003127ca-3a0c-4db1-991d-103933679dc3',NULL,'Chúc lễ ký kết đạt được thành công ngoài mong muốn.',1,'2024-07-07 11:00:58','2024-07-07 11:00:58',0),('c84468de-9a08-48ae-b1c0-313da5aa1182','56bd646a-44cf-4ae2-960c-d7fc24c528f5','f47b831c-c056-42ab-8e4c-b5d922ced1f6',NULL,'Đại hội thật hấp dẫn',0,'2024-07-07 15:28:26','2024-07-07 15:28:26',0),('d5ad39c3-961c-40bc-b35e-9315faf5668d','56bd646a-44cf-4ae2-960c-d7fc24c528e5','003127ca-3a0c-4db1-991d-103933679dc3','c6d32c3e-05cd-4677-ba97-dc47810c70f5','Trường mình bây giờ tuyệt vời thế nhỉ',1,'2024-07-07 11:04:26','2024-07-07 11:04:26',0),('e932a75e-b037-4402-8cbf-c0833c26f386','56bd646a-44cf-4ae2-960c-d7fc24c528f5','f47b831c-c056-42ab-8e4c-b5d922ced1f6',NULL,'Tại sao mình lại bỏ lỡ chứ',0,'2024-07-07 15:31:39','2024-07-07 15:31:39',0),('ea3b2908-b997-4efa-bfe6-5e787092e036','56bd646a-44cf-4ae2-960c-d7fc24c528f3','003127ca-3a0c-4db1-991d-103933679dc3',NULL,'Lễ ký kết thật trang trọng',0,'2024-07-07 11:14:15','2024-07-07 11:14:15',0),('ec020938-2511-4515-938e-11edb2a6485b','56bd646a-44cf-4ae2-960c-d7fc24c528f3','85f952d3-ca86-411f-9986-e396ab05cb8f',NULL,'Nhiều bài giảng thú vị phết',0,'2024-07-07 11:14:44','2024-07-07 11:14:44',0);
/*!40000 ALTER TABLE `comment_news` ENABLE KEYS */;
UNLOCK TABLES;

--
-- Dumping data for table `comment_post_advise`
--

LOCK TABLES `comment_post_advise` WRITE;
/*!40000 ALTER TABLE `comment_post_advise` DISABLE KEYS */;
INSERT INTO `comment_post_advise` VALUES ('10204c86-2520-427e-93b2-1b1d6da1e0a9','56bd646a-44cf-4ae2-960c-d7fc24c528f4','d9e79351-1b3b-4651-849b-08a75eb6895b',NULL,'Anh chị có thể review chi tiết giúp em được không',1,'2024-07-07 15:40:11','2024-07-07 15:40:11',0),('24d227b5-0031-4629-8a79-326aeba5f849','d4b8762d-17b7-45e9-887d-c369b6127e7e','756b3209-458c-40c7-bc71-0d48db772d02',NULL,'Còn mình đã từng học khoá thứ 2 thì thấy chương trình dạy rất hay và hiệu quả',0,'2024-07-27 19:45:38','2024-07-27 19:45:38',0),('3364241c-d888-4da6-8218-97108df12359','56bd646a-44cf-4ae2-960c-d7fc24c528f3','756b3209-458c-40c7-bc71-0d48db772d02',NULL,'Mình học khoá ngay đầu tiên thì thấy khá ổn',0,'2024-07-07 16:11:32','2024-07-07 16:11:32',0),('3a9b0492-63aa-48b0-a8d9-3fd7bca45717','d4b8762d-17b7-45e9-887d-c369b6127e7e','fd19ca00-aa0b-49f1-a97b-71b4797a9652',NULL,'Bạn cần sự kiên trì và tỉ mỉ khi làm Tester ạ',0,'2024-07-27 19:45:03','2024-07-27 19:45:03',0),('4dfeb983-45cc-4448-980b-25332e793e2b','56bd646a-44cf-4ae2-960c-d7fc24c528e5','d9e79351-1b3b-4651-849b-08a75eb6895b',NULL,'Môi trường làm việc tại FPT rất thoải mái, đồng nghiệp hoà đồng với nhau',0,'2024-07-07 15:41:12','2024-07-07 15:41:12',0),('aad249c6-b8a1-4bdc-8bd5-1fba4172f272','6fdfdf3f-81b0-46be-bdde-5ccdcb8ed77b','65fb113d-6d92-4c02-8e4d-3d2aa96bbbe3',NULL,'Cầu lông cho mọi người cùng tham gia a',0,'2024-07-27 19:40:09','2024-07-27 19:40:09',0),('ad95ec0f-b38d-4d7f-a788-c2b1f9a59c80','425d8a36-aad9-4d3b-b944-a4a21c743b20','89fc7d33-1f2a-4982-a8c4-097ec2c5d8ad',NULL,'Có thể nhắn tin trực tiếp cho mình nha',0,'2024-07-27 19:43:55','2024-07-27 19:43:55',0),('b68e58f5-28fa-49de-86ea-0ef40c3d4777','56bd646a-44cf-4ae2-960c-d7fc24c528f5','d9e79351-1b3b-4651-849b-08a75eb6895b',NULL,'Công ty này khá ổn nhé em',0,'2024-07-07 16:21:00','2024-07-07 16:21:00',0),('cf474830-e2a8-49d3-b6f6-bd3705a3738c','2cae08b7-ade2-4f4f-b757-14142a09bbac','65fb113d-6d92-4c02-8e4d-3d2aa96bbbe3',NULL,'Cầu lông đi ạ',0,'2024-07-27 19:57:30','2024-07-27 19:57:30',0),('dc628eb2-a1ff-4f8a-aee6-e830b3a0ba60','56bd646a-44cf-4ae2-960c-d7fc24c528f5','65fb113d-6d92-4c02-8e4d-3d2aa96bbbe3',NULL,'Bóng đá đi ạ',0,'2024-07-07 16:20:35','2024-07-07 16:20:35',0),('f8047db5-a3b3-48d3-9b44-7bc30d6133b2','56bd646a-44cf-4ae2-960c-d7fc24c528f2','65fb113d-6d92-4c02-8e4d-3d2aa96bbbe3',NULL,'Bóng đá 5 người đi ạ',0,'2024-07-07 15:57:49','2024-07-07 15:57:49',0),('ff46144e-df6b-4ae9-bc9f-05ab95bfb93c','56bd646a-44cf-4ae2-960c-d7fc24c528f2','d9e79351-1b3b-4651-849b-08a75eb6895b','10204c86-2520-427e-93b2-1b1d6da1e0a9','Môi trường làm việc khá oke',0,'2024-07-07 16:03:41','2024-07-07 16:03:41',0);
/*!40000 ALTER TABLE `comment_post_advise` ENABLE KEYS */;
UNLOCK TABLES;

--
-- Dumping data for table `comment_post_group`
--

LOCK TABLES `comment_post_group` WRITE;
/*!40000 ALTER TABLE `comment_post_group` DISABLE KEYS */;
/*!40000 ALTER TABLE `comment_post_group` ENABLE KEYS */;
UNLOCK TABLES;

--
-- Dumping data for table `education`
--

LOCK TABLES `education` WRITE;
/*!40000 ALTER TABLE `education` DISABLE KEYS */;
INSERT INTO `education` VALUES ('1bcd3c84-5e01-441e-be40-63009d2546ef','56bd646a-44cf-4ae2-960c-d7fc24c528e5','Phú nhuận','Trung học phổ thông','2017-08-16','2020-05-31','PUBLIC','2024-07-09 21:32:43',0,0),('c07319f9-b0da-4477-ac21-9072de713aa2','56bd646a-44cf-4ae2-960c-d7fc24c528f2','Nguyễn thị minh khai','Trung học phổ thông','2017-08-16','2020-05-31','PUBLIC','2024-07-09 21:36:12',0,0);
/*!40000 ALTER TABLE `education` ENABLE KEYS */;
UNLOCK TABLES;

--
-- Dumping data for table `email_activation_code`
--

LOCK TABLES `email_activation_code` WRITE;
/*!40000 ALTER TABLE `email_activation_code` DISABLE KEYS */;
INSERT INTO `email_activation_code` VALUES ('dnduy20@clc.fitus.edu.vn','moZE5B59','2024-07-07 10:02:15'),('hcnguyen20@clc.fitus.edu.vn','ab35f9os','2024-07-07 10:02:15'),('hqanh18281@gmail.com','zpAwNcbZ','2024-07-27 18:12:17'),('lquynhnga1998@gmail.com','a9XML79Q','2024-07-27 17:23:41'),('lyenthanhcntt@gmail.com','OzUwNLw3','2024-07-27 17:46:37'),('ntnhuy8292@gmail.com','g3oocPMq','2024-07-27 18:08:50'),('nttn54@gmail.com','b7LvxiA0','2024-07-27 17:57:05'),('nvkhanh2931@gmail.com','npfEfI04','2024-07-27 17:53:13'),('pmliemhoahoc@gmail.com','i4Ab4Una','2024-07-27 17:41:28'),('pnathuhehe@gmail.com','8kI2igeG','2024-07-27 18:10:41'),('tnhattruong292@gmail.com','a5uJB7gL','2024-07-27 18:05:02'),('ttnhoakhcnvl@gmail.com','HhXFz2Qr','2024-07-27 17:50:48');
/*!40000 ALTER TABLE `email_activation_code` ENABLE KEYS */;
UNLOCK TABLES;

--
-- Dumping data for table `email_reset_code`
--

LOCK TABLES `email_reset_code` WRITE;
/*!40000 ALTER TABLE `email_reset_code` DISABLE KEYS */;
/*!40000 ALTER TABLE `email_reset_code` ENABLE KEYS */;
UNLOCK TABLES;

--
-- Dumping data for table `entity_type`
--

LOCK TABLES `entity_type` WRITE;
/*!40000 ALTER TABLE `entity_type` DISABLE KEYS */;
INSERT INTO `entity_type` VALUES (1,'comment_news','CREATE',NULL),(2,'comment_event','CREATE',NULL),(3,'interact_post_advise','CREATE',NULL),(4,'comment_post_advise','CREATE',NULL),(5,'request_join_group','CREATE',NULL),(6,'request_join_group','UPDATE',NULL),(7,'request_friend','CREATE',NULL),(8,'friend','CREATE',NULL),(9,'request_friend','DELETE',NULL),(10,'group','UPDATE',NULL);
/*!40000 ALTER TABLE `entity_type` ENABLE KEYS */;
UNLOCK TABLES;

--
-- Dumping data for table `event`
--

LOCK TABLES `event` WRITE;
/*!40000 ALTER TABLE `event` DISABLE KEYS */;
INSERT INTO `event` VALUES ('05c92f6c-2453-4349-8fe5-e198930ad1cb','30ff6fa7-035f-42e4-aa13-55c1c94ded1e','NGÀY HỘI VIỆC LÀM MY JOBS - LẦN 6, NĂM 2024','? NGÀY HỘI VIỆC LÀM MY JOBS - LẦN 6, NĂM 2024 ?\r\nNgày hội việc làm dành riêng cho lĩnh vực Sinh học, Công nghệ Sinh học \r\nBạn đang phân vân và trăn trở về việc làm trong tương lai ❓ Bạn muốn tìm hiểu về các cơ hội nghề nghiệp trong lĩnh vực Sinh học – Công nghệ Sinh học❓ Câu trả lời sẽ có tại Ngày hội việc làm My Jobs do Khoa Sinh học – Công nghệ Sinh học tổ chức.\r\n?Thời gian: 07:30 - 11:30, ngày 29/6/2024 (thứ bảy)\r\n?Địa điểm: Khuôn viên trường Đại học Khoa học tự nhiên, ĐHQG-HCM, cơ sở 227 Nguyễn Văn Cừ, phường 4, Quận 5, TP. HCM \r\n??? Với sự đồng hành từ các Doanh nghiệp, Đơn vị, Trung tâm, Viện nghiên cứu và các cựu sinh viên, Ngày hội việc làm My Jobs năm 2024 sẽ có những điểm đặc biệt sau:\r\n ? 36 gian hàng từ các doanh nghiệp, đơn vị trong lĩnh vực Sinh học - Công nghệ Sinh học, Y dược, Thực phẩm, Mỹ phẩm, Nông nghiệp, Sinh thái giúp các bạn sinh viên, học sinh tìm hiểu về cơ hội nghề nghiệp và triển vọng phát triển của ngành trong tương lai\r\n? Hoạt động góp ý và chỉnh sửa CV trực tiếp từ gian hàng chuyên về tuyển dụng\r\n? Hoạt động tư vấn 1-1 với cựu sinh viên khoa SH-CNSH\r\n? Phỏng vấn tuyển dụng trực tiếp từ các doanh nghiệp\r\n? Hoạt động giao lưu và bốc thăm trúng thưởng vô cùng hấp dẫn \r\n? Ngày hội việc làm My Jobs - Lần 6, năm 2024 hứa hẹn sẽ là nơi để các bạn sinh viên có thể tìm thấy giá trị bản thân trong thế giới nghề nghiệp bao la\r\n? Chương trình không giới hạn đối tượng tham gia. Hãy chia sẻ đến các bạn sinh viên, học sinh có cùng sự quan tâm về Sinh học - Công nghệ Sinh học\r\n? Hẹn gặp lại các bạn tại Ngày hội việc làm My Jobs thật bùng nổ','https://storage.googleapis.com/hcmus-alumverse-dev/images/events/05c92f6c-2453-4349-8fe5-e198930ad1cb',8,'Khuôn viên trường Đại học Khoa học tự nhiên, ĐHQG-HCM, cơ sở 227 Nguyễn Văn Cừ, phường 4, Quận 5, TP. HCM ','2024-08-31 07:30:00','2024-07-06 19:50:00','2024-07-06 19:50:00','2024-07-06 17:36:30',2,10,5,0,300,2),('0c24a0a7-54fd-4a0e-9d29-da1030ffaa89','30ff6fa7-035f-42e4-aa13-55c1c94ded1e','“HÀNH TRÌNH ĐẾN VỚI BẢO TÀNG” - BẢO TÀNG ÁO DÀI','?Trong lịch sử phát triển văn hóa nhân loại, bảo tàng ra đời như một loại thiết chế văn hóa được hiểu một cách phổ biến là nơi lưu giữ các giá trị vật chất và tinh thần tiêu biểu thuộc về quá khứ của một lĩnh vực, một nền văn hóa cộng đồng, rộng hơn là của nhân loại. ✨\r\n?Hoạt động “Hành trình đến với Bào tàng” là một hoạt động truyền thống của Khoa Sinh học – Công nghệ Sinh học. Vì vậy, chi Đoàn 23CSH2 chúng mình tổ chức chuyến tham quan đến Bảo Tàng Áo Dài, nơi lưu giữ và vinh danh những câu chuyện về chiếc Áo Dài Việt Nam suốt chiều dài lịch sử đất nước.✨\r\n?Bên cạnh việc tham quan những chiếc Áo Dài tuyệt đẹp, các bạn còn được tham gia những trò chơi theo đội và mang về cho mình những phần thưởng hấp dẫn từ BTC nè.?\r\n----------------------------\r\n?Thông tin hoạt động:\r\n?️Thời gian: 8h30 Ngày 12 tháng 5 năm 2024.\r\n?Địa điểm: Bảo tàng Áo Dài (Số 206/19, 30 Long Thuận, Long Phước, Quận 9, Thành phố Hồ Chí Minh).\r\n?Đối tượng: Sinh viên Trường Đại học Khoa học tự nhiên, ĐHQG-HCM.\r\n?Trang phục: Áo Thanh niên, Áo có logo trường.\r\n----------------------------\r\n?Lệ phí: 30.000 đồng/ 1 sinh viên (mang theo thẻ sinh viên khi đi tham quan)\r\nHình thức thanh toán:\r\n?Chuyển khoản qua ngân hàng: 6380220130787 – Agribank - LE DINH ANH HUY\r\n?Ví điện tử momo: 0939951028 – Lê Đình Anh Huy\r\n✍️Cú pháp: [HỌ TÊN – MSSV – BTAD]\r\n⏳Thời gian đăng ký: Từ 04/5/2024 đến 10/5/2024.\r\n?Link đăng ký: https://forms.gle/cr3Pg1AWFgLbVrAXA\r\n?Hãy nhanh tay đăng ký và tham gia với chúng mình nhé, những trò chơi thú vị và các phần quà hấp dẫn đang chờ đợi các bạn đó.?\r\n----------------------------------\r\nThắc mắc vui lòng liên hệ:\r\n?0939951028 – Anh Huy\r\n✉️bch.doan.23csh2@gmail.com\r\n?Fanpage: Chi Đoàn – Chi Hội 23CSH2','https://storage.googleapis.com/hcmus-alumverse-dev/images/events/0c24a0a7-54fd-4a0e-9d29-da1030ffaa89',8,'Bảo tàng Áo Dài (Số 206/19, 30 Long Thuận, Long Phước, Quận 9, Thành phố Hồ Chí Minh).','2024-09-01 08:30:00','2024-07-06 20:07:18','2024-07-06 20:07:18','2024-07-06 17:37:30',2,3,2,0,50,1),('10c0445a-d0e4-46a7-8dfb-ef40e113fa41','30ff6fa7-035f-42e4-aa13-55c1c94ded1e','Gia hạn đăng ký Diễn đàn khoa học – Doanh nghiệp và đổi mới sáng tạo lần 1 – 2023','Tham gia cùng chúng tôi để hòa mình vào không gian tri thức và sáng tạo, góp phần vào sự phát triển bền vững của cộng đồng khoa học và doanh nghiệp! Chương trình này không chỉ là một sự kiện, mà còn là cơ hội để:\r\n? Tạo cơ hội trao đổi, kết nối và hợp tác phát triển giữa các thế hệ cựu sinh viên Khoa học.\r\n? Tăng cường hợp tác nghiên cứu khoa học, chuyển giao công nghệ và đào tạo nguồn nhân lực giữa Nhà trường và Doanh nghiệp.\r\n? Truyền cảm hứng và rèn luyện tư duy đổi mới sáng tạo, giới thiệu cơ hội nghề nghiệp dành cho sinh viên.\r\n? Chương trình sự kiện hấp dẫn:\r\n? Phiên chợ khoa học công nghệ (Sci-Tech Marketplace): Khám phá những sản phẩm đổi mới sáng tạo của đội ngũ nhà khoa học và giảng viên, cùng với sản phẩm và dịch vụ khoa học, công nghệ của các Doanh nghiệp.\r\n? Diễn đàn Khoa học – Doanh nghiệp và Đổi mới Sáng tạo lần I – 2023 (FIIS): Tạo cơ hội trao đổi học thuật, kết nối giữa các nhà khoa học, giảng viên với doanh nghiệp, tư vấn, và trao đổi với sinh viên và các nhà khoa học.\r\n? Gala Kết nối Cộng đồng Cựu sinh viên Khoa học và Tổng kết Diễn đàn: Tổng kết sự kiện, nghe thông điệp từ Ban giám hiệu và Ban đại diện Cộng đồng Cựu sinh viên, và cùng ra mắt Quỹ đầu tư Đổi mới sáng tạo Cựu sinh viên Khoa học.\r\n? Thời gian: Từ 7:30 sáng đến 9:00 tối, ngày 28/10/2023 (Thứ Bảy).\r\n?Địa điểm: Trường ĐH KHTN (227 Nguyễn Văn Cừ, P.4, Q.5, Tp.HCM).\r\n? Đối tượng tham gia:\r\n– Các thế hệ sinh viên, giảng viên, và các nhà khoa học của Trường.\r\n– Các doanh nghiệp, công ty có nhu cầu kết nối ý tưởng, giới thiệu sản phẩm, và gặp gỡ sinh viên, giảng viên và các nhà khoa học.\r\n? Đăng ký và tìm hiểu thông tin chi tiết tại: https://fiis.hcmus.edu.vn/ (Hạn chót đăng ký 23h59′, ngày 22/10/2023).\r\n? Cùng tham gia FIIS & HCMUS ALUMNI DAY 2023 để khám phá những cơ hội mới trong lĩnh vực khoa học, công nghệ và doanh nghiệp. Hãy cùng nhau khởi nguồn sáng tạo và kết nối vượt xa! ?\r\n——————————\r\nLIÊN HỆ HỖ TRỢ:\r\n?0909804306 – Bà Nguyễn Thị Thẩm Thúy Hằng\r\n? Email: u-scihub@hcmus.edu.vn hoặc alumni@hcmus.edu.vn.\r\n? Fanpage: https://www.facebook.com/USciHub.KHTN','https://storage.googleapis.com/hcmus-alumverse-dev/images/events/10c0445a-d0e4-46a7-8dfb-ef40e113fa41',8,'Trường ĐH KHTN (227 Nguyễn Văn Cừ, P.4, Q.5, Tp.HCM).','2024-10-28 07:30:00','2024-07-06 17:12:19','2024-07-06 17:12:19','2024-07-06 17:45:30',2,1,3,0,200,0),('14e88a0e-51ec-49ab-9875-a83668fcdaf4','30ff6fa7-035f-42e4-aa13-55c1c94ded1e','Lễ Tốt nghiệp Tiến sĩ, Thạc sĩ 2024','Trong hai ngày 21/6 và 23/6, Trường Đại học Khoa học Tự nhiên, ĐHQG-HCM đã long trọng tổ chức Lễ Tốt nghiệp Tiến sĩ, Thạc sĩ năm 2023. Đây là dịp để vinh danh hơn 300 Tân Khoa đã có những thành tích xuất sắc trong suốt quá trình học tập, nghiên cứu và công bố quốc tế.\r\n\r\nTham dự buổi Lễ Tốt nghiệp, về phía lãnh đạo Trường có: PGS.TS. Trần Lê Quan – Hiệu trưởng; PGS.TS. Trần Minh Triết – Phó Hiệu trưởng; PGS.TS. Nguyễn Tuyết Phương – Trưởng phòng đào tạo Sau Đại học; Đại diện Ban Chủ nhiệm các khoa; Các Giáo sư, Phó Giáo sư, Giảng viên cùng các tân Tiến sĩ và tân Thạc sĩ.\r\n\r\nVề phía đối tác có sự hiện diện của TS. Đoàn Đức Chánh Tín – Viện trưởng Viện Công nghệ Nano, ĐHQG-HCM; GS. TS. Đặng Mậu Chiến – Nguyên Viện trưởng Viện Công nghệ Nano, ĐHQG-HCM; Ông Nguyễn Văn Thái – Nguyên Giám đốc Viễn thông Tiền Giang.\r\n\r\nPhát biểu khai mạc buổi Lễ, PGS.TS. Trần Lê Quan gửi lời chúc mừng các Tân Tiến sĩ, Thạc sĩ, đồng thời biểu dương nỗ lực bền bỉ và ý chí của các anh/chị trong suốt thời gian rèn luyện tại Trường. Đặc biệt trong bối cảnh phải đối mặt với nhiều thách thức do dịch Covid-19, các HVCH và NCS đã biến khó khăn trở thành động lực để vươn lên, trở nên mạnh mẽ và đạt đến thành công ngày hôm nay.\r\n\r\nĐể ghi nhận những nỗ lực và đóng góp trong học tập và nghiên cứu bậc sau đại học, Nhà trường cũng đặc biệt vinh danh và khen thưởng cho các NCS và HVCH có những thành tích học tâp xuất sắc, có hoạt động nghiên cứu khoa học nổi bật.\r\n\r\nTrong niềm vui ngày tốt nghiệp, Tân Tiến sĩ Mai Ngọc Xuân Đạt và Tân Thạc sĩ Nguyễn Thị Thanh đã thay mặt cho các tân Tiến sĩ, thạc sĩ phát biểu cảm nghĩ và bày tỏ lòng tri ân tới Quý Thầy Cô đã luôn tận tâm, trách nhiệm, giảng dạy, đồng hành và hỗ trợ học viên trong chặng đường học tập vừa qua.\r\n\r\nBuổi lễ Lễ tốt nghiệp và trao bằng khép lại bằng những bức hình đẹp, những khoảnh khắc đáng nhớ và đong đầy cảm xúc. Nhà trường kính chúc các tân Tiến sĩ, Thạc sĩ sẽ tiếp tục gặt hái những thành công trên bước đường sự nghiệp, góp phần vào việc nâng cao vị thế và uy tín của nhà trường đối với sự phát triển của cộng đồng xã hội.','https://storage.googleapis.com/hcmus-alumverse-dev/images/events/14e88a0e-51ec-49ab-9875-a83668fcdaf4',1,'Trường ĐH KHTN (227 Nguyễn Văn Cừ, P.4, Q.5, Tp.HCM).','2024-11-24 07:30:00','2024-07-06 17:28:33','2024-07-06 17:28:33','2024-07-06 17:50:30',2,2,0,0,300,0),('2c9996e2-b9f5-4b47-9a12-a6b07df24c10','30ff6fa7-035f-42e4-aa13-55c1c94ded1e','GIẢI BÓNG ĐÁ NAM',' Các bạn đã biết tin gì chưa ?\r\n? LCH khoa VL-VLKT sắp tổ chức giải bóng đá nam đó!!!\r\n\r\n✌️ Nếu các bạn là những tín đồ của bộ môn bóng đá, và các bạn đang tìm một sân chơi để :\r\n? Gặp gỡ những người có cùng đam mê bóng đá.\r\n? Giao lưu với những đội bóng khác để biết được thực lực của đội bóng mình ra sao.\r\n? Tạo nên những kỷ niệm khó quên cùng các đồng đội của mình.\r\n\r\n? Vậy thì còn chần chừ gì nữa mà không nhanh tay đăng ký vào hành trình tranh đua kịch tính của chúng mình nào.\r\n\r\n? Đối tượng tham gia:\r\n- Là sinh viên nam hiện đang học tập tại khoa Vật lý - Vật lý Kỹ thuật, trường Đại học KHTN, ĐHQG-HCM\r\n- Sinh viên khỏe mạnh, sức khỏe bình thường và không bị các bệnh nguy hiểm hạn chế vận động.\r\n- Mỗi sinh viên chỉ được đăng ký thi đấu cho 1 đội từ đầu giải đến cuối giải.\r\n\r\n? Quy định thành viên đội:\r\n- Mỗi đội bóng sẽ được phép đăng ký tối đa 10 thành viên, trong đó 5 cầu thủ chính thức và 5 cầu thủ dự bị.\r\n\r\n? Lệ phí thi đấu: 1.100.000 đồng/đội.\r\nTrong đó:\r\n1️⃣ Lệ phí chính: 1.000.000 đồng .\r\n2️⃣ Lệ phí thế chân thẻ phạt: 100.000 đồng (sẽ được hoàn trả khi trừ các khoản phí phạt).\r\n\r\n?‍♂️ Hình thức thi đấu: BTC bốc thăm ngẫu nhiên chia bảng.\r\n? Luật thi đấu: Luật bóng đá 5 người.\r\n\r\n? Thể lệ chi tiết: https://rutgon.store/Wqsb\r\n\r\nTHÔNG TIN CHI TIẾT:\r\n⏰ Thời gian bắt đầu giải:\r\nVòng Bảng: 23/6/2024\r\nVòng Bán kết - Chung kết: 30/6/2024\r\n? Địa điểm: Sân bóng đá KTX Liên hợp (Khu A, ĐHQG-HCM).\r\n\r\n?ĐĂNG KÝ ONLINE/OFFLINE: https://docs.google.com/.../1yZHQ6kkDpe0C4J.../edit\r\n⏰ Thời gian đăng ký: Từ ngày 18/06/2024 đến hết ngày 20/06/2024\r\n\r\n? Giải thưởng:\r\n- 01 giải Nhất\r\n- 01 giải Nhì\r\n- 01 giải Ba\r\n\r\nTHÔNG TIN LIÊN HỆ:\r\n☎ Hotline 0364256525 ( Ngọc Trâm )\r\nMail: lchvlvlkt@hcmus.edu.vn','https://storage.googleapis.com/hcmus-alumverse-dev/images/events/2c9996e2-b9f5-4b47-9a12-a6b07df24c10',2,'Sân bóng đá KTX Liên hợp (Khu A, ĐHQG-HCM).','2024-08-12 07:30:00','2024-07-06 17:43:25','2024-07-06 17:43:25','2024-07-06 17:30:25',2,29,8,0,100,3),('31f445c3-49d3-478a-bce4-6105425bd6ce','30ff6fa7-035f-42e4-aa13-55c1c94ded1e','Lời mời tham gia Ngày truyền thống Cựu sinh viên Khoa học','❤️ ??/?/???? ❤️VỀ ĐÂY NHỮNG YÊU THƯƠNG – CHÀO MỪNG NGÀY TRUYỀN THỐNG CỰU SINH VIÊN KHOA HỌC\r\n\r\n✨Hơn 80 năm xây dựng và trưởng thành qua nhiều giai đoạn lịch sử của đất nước (tính từ mốc thành lập Cao đẳng Khoa học trực thuộc Viện Đại học Đông Dương năm 1941), danh tiếng và vị trí học thuật của Trường Đại học Khoa học tự nhiên, Đại học Quốc gia TP. HCM đã được khẳng định bởi những uy tín đào tạo, thành tựu nghiên cứu khoa học và sự thành công của nhiều thế hệ cựu sinh viên trong đa dạng lĩnh vực đời sống kinh tế – chính trị và xã hội.\r\n\r\n✨Để biến sức mạnh truyền thống thành nguồn lực phát triển và nâng cao thêm sức mạnh liên kết giữa các thế hệ người học, ngày 19/11/2022, Đại hội Cộng đồng Cựu sinh viên Khoa học – lần thứ I” đã bầu ra Ban Đại diện chính thức nhằm phát huy thế mạnh trên mọi lĩnh vực của cựu sinh viên để kết nối tạo giá trị cho cộng đồng và sự phát triển của nhà trường.\r\n\r\n✨Lấy ý nghĩa dấu mốc 30/03/1996, ngày Trường Đại học Khoa học tự nhiên chính thức được thành lập trên cơ sở tách ra từ Trường Đại học Tổng hợp TP. HCM và là thành viên của ĐHQG HCM, Ban đại diện Cộng đồng Cựu sinh viên Khoa học đã đề xuất ý tưởng chọn ngày 30/03 hàng năm trở thành Ngày truyền thống Cựu sinh viên Khoa học kể từ năm 2024. Sự kiện năm nay được diễn ra nhằm thông tin đến xã hội và cộng đồng cựu sinh viên một cách chính thức mốc thời gian ý nghĩa của trường, đồng thời lan tỏa tiếp đến các thế hệ sinh viên cùng hướng tình cảm tin yêu, tinh thần tự hào và ý niệm thuộc về nơi đã vun đắp cho hành trình phát triển của bản thân mình.\r\n\r\n✨Để chương trình thành công tốt đẹp, Ban giám hiệu Nhà trường cùng Ban đại diện Cộng đồng Cựu sinh viên Khoa học rất mong nhận được sự tham gia của các thế hệ cựu sinh viên cùng trở về và đồng hành với các hoạt động chào mừng Ngày truyền thống Cựu sinh viên Khoa học đầy ý nghĩa.\r\n\r\n?Link tham gia Talkshow: https://bit.ly/talkshowtruyencamhung\r\n\r\n?Link tham gia Ngày Truyền thống Cựu sinh viên Khoa học: https://bit.ly/dkcsvkhoahoc30-3','https://storage.googleapis.com/hcmus-alumverse-dev/images/events/31f445c3-49d3-478a-bce4-6105425bd6ce',1,'Sân trường Đại học Khoa học tự nhiên, ĐHQG-TPHCM (227 Nguyễn Văn Cừ)','2024-08-30 17:30:00','2024-07-06 16:02:25','2024-07-06 16:02:25','2024-07-06 17:35:30',2,15,3,0,200,1),('3594c21e-fcd4-4ab5-9bac-325c64328ee9','30ff6fa7-035f-42e4-aa13-55c1c94ded1e','THANH NIÊN KHỎE 2024','Thanh niên khỏe đã trở lại rồi đây, chắc hẳn các bạn sinh viên đã rất mong chờ và chuẩn bị thật tốt tinh thần để tham gia hoạt động lần này rồi phải không nào?\r\n?Sau ngày đầu tiên tổ chức và nhận được rất nhiều sự ủng hộ của các bạn sinh viên ở Cơ sở 2, hành trình THANH NIÊN KHỎE của chúng mình sẽ tiếp tục ở Cơ sở 1, mong rằng mọi người vẫn sẽ hăng hái tham gia hoạt động của chúng mình nhé!!!\r\n⏰Thời gian diễn ra hoạt động: 8h00 - 17h00 ngày 25/04/2024 (Thứ năm) \r\n????‍♀️Đối tượng tham gia: Tất cả sinh viên trường Đại học Khoa học tự nhiên, ĐHQG-HCM\r\n?Địa điểm: Cơ sở Nguyễn Văn Cừ, Trường Đại học Khoa học tự nhiên, ĐHQG-HCM.\r\n-------------------------\r\n❤️‍Nhằm tạo ra sân chơi lành mạnh, Liên chi Hội khoa Sinh học - Công nghệ Sinh học xin phép được giới thiệu tới các bạn hoạt động \"THANH NIÊN KHỎE 2024\". Với những bài tập đơn giản nhưng vô cùng hiệu quả, không chỉ là cơ hội để chúng ta rèn luyện sức khỏe của chính mình mà còn có thể nhận được giấy chứng nhận cùng những món quà siu cute nữa nhé.\r\nNội dung bao gồm 5 bài tập sau đây:\r\n?Bật xa: Nam - 1m8; Nữ - 1m2\r\n?Plank:  Nam - 60s; Nữ - 45s\r\n?Hít đất: Nam - 20 lần; Nữ - 10 lần\r\n?Gập bụng: Nam - 25 lần; Nữ - 15 lần\r\n?Nhảy dây: Nam - 3p; Nữ - 2p\r\nNếu vượt qua 3/5 nội dung trên, bạn sẽ được cấp giấy chứng nhận “Thanh niên khỏe”. Bên cạnh đó, nếu hoàn thành 5/5 nội dung trên, bạn còn sẽ có cơ hội nhận được những phần quà vô cùng dễ thương đến từ BTC nữa nhé. Còn chần chừ gì mà không tham gia cùng chúng mình nà !!!\r\n-------------------------\r\nMọi thông tin chi tiết, xin vui lòng liên hệ:\r\n?: lchshcnsh@hcmus.edu.vn','https://storage.googleapis.com/hcmus-alumverse-dev/images/events/3594c21e-fcd4-4ab5-9bac-325c64328ee9',8,'Cơ sở Nguyễn Văn Cừ, Trường Đại học Khoa học tự nhiên, ĐHQG-HCM.','2024-10-14 08:00:00','2024-07-06 20:17:22','2024-07-06 20:17:22','2024-07-06 17:40:30',2,0,1,0,200,0),('6e4313d3-07cb-4564-afce-d84775d7a191','30ff6fa7-035f-42e4-aa13-55c1c94ded1e','HIẾN MÁU TÌNH NGUYỆN - THÁNG 8 NĂM 2024','[HIẾN MÁU TÌNH NGUYỆN - THÁNG 8 NĂM 2024]\r\n❤️ \"Một giọt máu cho đi, một cuộc đời ở lại!\" ❤️\r\n? Hội Sinh viên trường ĐH Khoa học tự nhiên, ĐHQG-HCM tổ chức hoạt động Hiến máu tình nguyện nhằm tiếp tục thực hiện nghĩa cử cao đẹp “Hiến máu cứu người” đến với các bạn sinh viên.\r\nChi tiết ngày tổ chức:\r\n? Địa điểm: Hành lang D, Trường Đại học Khoa học tự nhiên, ĐHQG-HCM (Cơ sở 2).\r\n⏰ Thời gian: Từ 07h00 đến 11h00, ngày 22/4/2024 (Thứ 2)\r\n ? Link đăng ký:https://forms.gle/REeBBwUZw714XNsr5\r\nLưu ý: Chương trình sẽ kết thúc nếu đủ số lượng đơn vị máu cần thiết. Nên các bạn cũng đừng buồn vì mình đến muộn mà không được hiến nhé, vẫn còn nhiều đợt sau nè!.\r\n---\r\n? MỘT SỐ LƯU Ý KHI THAM GIA HIẾN MÁU:\r\n- Trước khi hiến máu không được ăn, uống những thức ăn: có sữa, chất kích thích.\r\n- Đêm trước của ngày hiến máu không được thức khuya, không được uống rượu bia, sử dụng chất kích thích.\r\n- Mang theo thẻ sinh viên khi tham gia hiến máu.\r\n- Sinh viên có cân nặng dưới 45kg không được hiến máu.\r\n----\r\nMọi thắc mắc xin vui lòng liên hệ: Đ/c Phạm Tấn Kiệt (0932 780 963)','https://storage.googleapis.com/hcmus-alumverse-dev/images/events/6e4313d3-07cb-4564-afce-d84775d7a191',7,'Hành lang D, Trường Đại học Khoa học tự nhiên, ĐHQG-HCM (Cơ sở 2).','2024-08-20 07:30:00','2024-07-06 17:36:19','2024-07-06 17:36:19','2024-07-06 17:32:19',2,13,9,0,100,2),('713e0c7a-cd23-4f46-959d-2794dcdf48cb','30ff6fa7-035f-42e4-aa13-55c1c94ded1e','Ngày hội Sinh viên và Doanh nghiệp – Năm 2023 (Đợt 1)','Tiếp nối thành công của chương trình “Ngày hội Sinh viên và Doanh nghiệp – Năm 2022, Trường Đại học Khoa học tự nhiên, ĐHQG-HCM tiếp tục tổ chức “NGÀY HỘI SINH VIÊN VÀ DOANH NGHIỆP (ĐỢT 1) – NĂM 2023” vào ngày 04 tháng 6 năm 2023 trong khuôn viên trường tại Khu đô thị Đại học Quốc gia tại Tp. Thủ Đức, Thành phố Hồ Chí Minh.\r\n\r\nNgày hội là dịp để sinh viên trường có điều kiện tìm hiểu thông tin và cọ xát thực tế, tạo điều kiện cho nhà trường thúc đẩy quá trình nâng cao chất lượng nguồn nhân lực, đáp ứng nhu cầu ngày càng cao của xã hội và phục vụ cho sự phát triển của đất nước. Đây cũng là cơ hội quý báu để các doanh nghiệp quảng bá thương hiệu và tuyển dụng nhân sự có chất lượng do Trường Đại học Khoa học tự nhiên, ĐHQG-HCM đào tạo.\r\n\r\nNỘI DUNG CHƯƠNG TRÌNH “NGÀY HỘI SINH VIÊN VÀ DOANH NGHIỆP – NĂM 2023 (ĐỢT 1)” BAO GỒM:\r\n\r\nHOẠT ĐỘNG ĐỒNG HÀNH CÙNG SINH VIÊN TRƯỚC NGÀY HỘI:\r\nChương trình hội thảo: “Blockchain and Smart-contract Foundation for Solana/Web3 developer” ngày 20/02/2023 tại Giảng đường 1, cơ sở Nguyễn Văn Cừ. Trung tâm Hỗ trợ Sinh viên phối hợp với MMG Unitour tổ chức.\r\n\r\nChương trình hội thảo: “Hoàn Thiện CV – It’s So Easy”, ngày 19/5/2023 trên nền tảng Zoom. Trung tâm Hỗ trợ Sinh viên phối hợp với Công ty TNHH Công nghệ và Đào tạo YOOT.\r\n\r\nLỄ KHAI MẠC “NGÀY HỘI SINH VIÊN VÀ DOANH NGHIỆP – NĂM 2023 (ĐỢT 1)”:\r\nDiễn ra từ 08g00 đến 09g30, ngày 04/6/2023 tại sân Trường Đại học Khoa học Tự nhiên, ĐHQG-HCM (Cơ sở 2, Khu đô thị Đại học Quốc gia tại Thành phố Thủ Đức, Thành phố Hồ Chí Minh.\r\n\r\nCHƯƠNG TRÌNH TRAO HỌC BỔNG “THẮP SÁNG ƯỚC MƠ – NĂM 2023”:\r\nDành cho sinh viên có hoàn cảnh khó khăn, học tập tốt, nhiệt tình tham gia công tác đoàn thể, xã hội hoặc sinh viên là cán bộ Đoàn – Hội có điểm học tập tốt, tổng cộng 10 suất học bổng, mỗi suất trị giá 5.000.000 đồng/suất.\r\n\r\nHỘI THẢO CHUYÊN ĐỀ:\r\nChương trình hội thảo: “CIMB Asean Scholarship 2023 – Be The Next Generation of Change-makers” tổ chức ngày 04/6/2023 tại Hội trường B, cơ sở Linh Trung. Buổi hội thảo nhằm đưa ra lời khuyên và kinh nghiệm hữu ích cho các bạn sinh viên muốn săn thành công học bổng Đông Nam Á của CIMB.\r\n\r\nTọa đàm “Xu hướng, Thách thức, Cơ hội – Tương lai Công nghệ dữ liệu” ngày 04/6/2023 tại sân khấu Trung tâm do Công ty TNHH Bosch Global Software Technologies tổ chức.\r\n\r\n34 DOANH NGHIỆP – 48 SÀN DỊCH VỤ – VIỆC LÀM: Giới thiệu nhu cầu tuyển dụng của công ty/doanh nghiệp, tương tác và tuyển dụng trực tiếp.\r\nCác công ty/doanh nghiệp tham gia sàn dịch vụ, việc làm bao gồm: Ngân hàng Thương mại Cổ phần Á Châu (ACB); Ngân hàng TNHH MTV CIMB Việt Nam; Công ty TNHH Xây dựng và Môi trường Trí Việt; VNPT Thành phố Hồ Chí Minh; Công ty TNHH Bosch Global Software Technologies Vietnam; Công ty Tài chính TNHH MTV Home Credit Việt Nam; Công ty TNHH MiTek Việt Nam; Công ty Cổ phần Dịch vụ Tức thời – Ahamove; Ngân hàng TMCP Ngoại thương Việt Nam (Vietcombank) – Chi nhánh TP.HCM; Công ty Cổ phần Giáo dục và Đào Tạo Imap Việt Nam; Công ty Cổ phần Anh văn Hội Việt – Mỹ; SILICON STACK; Công ty Manulife Vietnam; Amaris Vietnam Company Limited; Công ty TNHH Phần mềm FPT Hồ Chí Minh; Công ty Cổ phần Dịch vụ Di động Trực tuyến (M_Service); SPIRALEDGE; Công ty TNHH Công nghệ Faraday Việt Nam; Công ty TNHH MM Mega Market (Việt Nam); Công ty Cổ phần Bản Viên; Công ty TNHH CMC Global; Ngân hàng Thương mại Cổ phần Phát triển TP.HCM (HD Bank); Công ty TNHH Bảo hiểm Shinhan Life Việt Nam; Công ty Cổ phần Chứng khoán Kis Việt Nam; Công ty Ajinomoto Việt Nam; DIGI-TEXX VIETNAM; Ngân hàng TNHH MTV WOORI Việt Nam, Công ty Cổ phần Công nghệ Mindfully; Công ty TNHH Fourth Valley Concierge Việt Nam; Công ty Cổ phần Acecook Việt Nam; Công ty TNHH NEC Việt Nam; Công ty Cổ phần Thương mại – Dịch vụ Phong Vũ; Công ty TNHH A I Ơ I Studios.\r\n\r\nPHỎNG VẤN VIỆC LÀM:\r\nPhòng phỏng vấn của Ngân hàng Thương mại Cổ phần Á Châu (Địa điểm: Phòng 6.8 – Tòa Nhà điều hành).\r\n\r\nKHU VỰC TRIỂN LÃM “Ý TƯỞNG KHỞI NGHIỆP – SẢN PHẨM SÁNG TẠO”:\r\nMô hình “Xe Điều Khiển, Board Mạch Vi Điều Khiển”;\r\n\r\nMô hình “Trải Nghiệm Không Chạm Trò Chơi Phân Loại Rác”;\r\n\r\nSản phẩm thân thiện với môi trường “Túi Thơm; Polyme Có Khả Năng Phân Hủy”.\r\n\r\n10 GIAN HÀNG CỦA THẦY CÔ, CÁN BỘ TRẺ, SINH VIÊN VÀ CLB ĐỘI NHÓM TRƯỜNG: Khu vực trưng bày và kinh doanh các sản phẩm với giá ưu đãi cho sinh viên như thực phẩm, nước uống, đồ handmade, phụ kiện, quần áo, đồ điện tử.\r\nKHU VỰC TRIỂN LÃM CÁC CƠ HỘI THỰC TẬP VÀ VIỆC LÀM: Gần 300 nguồn thông tin về nhu cầu tuyển dụng của các công ty/doanh nghiệp lĩnh vực kinh tế và kỹ thuật, cơ hội thực tập tại các công ty với các đầu công việc full-time, part-time.\r\nMỘT SỐ HOẠT ĐỘNG KHÁC: Các chương trình bốc thăm trúng thưởng, chương trình ưu đãi tại một số gian hàng tham gia trong ngày hội, các chương trình học bổng, quà tặng trong ngày hội,…\r\n\r\n“Ngày hội Sinh viên và Doanh nghiệp – Năm 2023 (Đợt 1)” được chỉ đạo thực hiện bởi Ban Giám Hiệu Trường Đại học Khoa học Tự Nhiên, ĐHQG-HCM do Trung tâm Hỗ trợ Sinh viên trường tổ chức thực hiện với sự tài trợ của các đơn vị: Ngân hàng Thương mại Cổ phần Á Châu (Tài trợ Vàng); Ngân hàng TNHH MTV CIMB Việt Nam (Tài trợ Bạc); Công ty TNHH Xây dựng và Môi trường Trí Việt (Đồng tài trợ); VNPT Thành phố Hồ Chí Minh (Đồng tài trợ).','https://storage.googleapis.com/hcmus-alumverse-dev/images/events/713e0c7a-cd23-4f46-959d-2794dcdf48cb',1,'Khuôn viên trường tại Khu đô thị Đại học Quốc gia tại Tp. Thủ Đức, Thành phố Hồ Chí Minh.','2024-09-08 07:30:00','2024-07-06 17:25:34','2024-07-06 17:25:34','2024-07-06 17:38:30',2,0,3,0,500,0),('92a0a019-28ff-4412-8c7b-532cb4168472','30ff6fa7-035f-42e4-aa13-55c1c94ded1e','Thư mời tham gia diễn đàn Khoa học – Doanh nghiệp và Đổi mới Sáng tạo','Trải qua hơn 80 năm hình thành và phát triển qua nhiều giai đoạn lịch sử của đất nước, Trường Đại học Khoa học tự nhiên, Đại học Quốc gia Thành phố Hồ Chí Minh (trường ĐH KHTN, ĐHQG-HCM) đang hướng đến tầm nhìn trở thành một trường đại học hàng đầu tại Việt Nam và Đông Nam Á về đào tạo, nghiên cứu khoa học, công nghệ nền tảng của kinh tế tri thức và kinh tế số. Danh tiếng và vị trí học thuật của Trường đã được khẳng định bởi những uy tín đào tạo, thành tựu nghiên cứu khoa học và sự thành công của nhiều thế hệ cựu sinh viên trong đa dạng lĩnh vực.\r\n\r\nVới mong muốn tạo kết nối mạnh mẽ giữa cộng đồng cựu sinh viên, nhà khoa học, sinh viên và doanh nghiệp, Trường ĐH KHTN phối hợp cùng với Ban đại diện Cộng đồng Cựu sinh viên Khoa học tổ chức Diễn đàn Khoa học – Doanh nghiệp và Đổi mới Sáng tạo lần I – 2023, trong khuôn khổ Ngày kết nối Cộng đồng Cựu sinh viên Khoa học (HCMUS Alumni Day).\r\n\r\nChương trình không chỉ hiện thực hóa và cụ thể hơn quan hệ hợp tác giữa Nhà trường và Doanh nghiệp mà còn mở ra những cơ hội quảng bá thương hiệu, tiếp cận các hướng nghiên cứu, sản phẩm khoa học – công nghệ mới và mở rộng mạng lưới đối tác tiềm năng.\r\n\r\nTrên tinh thần một diễn đàn cởi mở, chân thành, chúng tôi kỳ vọng Diễn đàn Khoa học – Doanh nghiệp và Đổi mới Sáng tạo lần I – 2023 sẽ là nơi Nhà trường và Doanh nghiệp tìm kiếm tiếng nói chung trong các giải pháp cùng hành động, kết nối và lan tỏa tinh thần đổi mới sáng tạo, hướng tới sự phát triển lâu dài và bền vững của các bên cũng như mang lại nhiều giá trị cho cộng đồng – xã hội.\r\n\r\nNhà trường rất mong được chào đón Quý vị tham gia và đóng góp vào sự thành công của sự kiện này.\r\n\r\nFIIS & HCMUS ALUMNI DAY 2023: \r\n\r\nKHỞI NGUỒN SÁNG TẠO – KẾT NỐI VƯƠN XA\r\n\r\nThời gian: 7g30 đến 21g00, ngày 28/10/2023 (Thứ Bảy)\r\nĐịa điểm: Trường Đại học Khoa học Tự nhiên, cơ sở 1 (227 Nguyễn Văn Cừ, P.4, Q.5, Tp.HCM)\r\nThành phần tham gia: Các thế hệ sinh viên, giảng viên, các nhà khoa học của Trường Đại học Khoa học tự nhiên, ĐHQG-HCM; các doanh nghiệp, công ty có nhu cầu kết nối ý tưởng, giới thiệu sản phẩm, giới thiệu doanh nghiệp tới sinh viên, giảng viên và các nhà khoa học\r\nĐơn vị truyền thông: Đài truyền hình, Đài phát thanh và Báo chí\r\nCHƯƠNG TRÌNH CHI TIẾT\r\n\r\nPhần 1: Phiên chợ khoa học công nghệ (Sci-Tech Marketplace)\r\n\r\n1.1. Các sản phẩm thương mại của Doanh nghiệp, các nhà khoa học\r\n\r\nThời gian: 08g00 – 16g00\r\nĐịa điểm: Khu vực sân trường\r\nNội dung:\r\n– Triển lãm sản phẩm đổi mới sáng tạo của đội ngũ nhà khoa học, giảng viên của Trường Đại học Khoa học Tự nhiên;\r\n\r\n– Trưng bày, giới thiệu sản phẩm, dịch vụ khoa học, công nghệ của các Doanh nghiệp của cựu sinh viên và doanh nghiệp có mong muốn hợp tác với các bên liên quan của Trường Đại học Khoa học Tự nhiên\r\n\r\n1.2. Khu vực trưng bày, triển lãm ý tưởng, dự án nghiên cứu khoa học của sinh viên, Nhà khoa học, Doanh nghiệp\r\n\r\nThời gian: 08g00 – 16g00\r\nĐịa điểm: Khu vực sân trường giáp Giảng đường 1 và tòa nhà I\r\nNội dung:\r\n– Giới thiệu các ý tưởng, sản phẩm sáng tạo của sinh viên, Nhà khoa học, Doanh nghiệp: ý tưởng nghiên cứu khoa học, sản phẩm ứng dụng thực tiễn,…\r\n\r\n– Các dự án doanh nghiệp đang có nhu cầu và mong muốn đặt hàng.\r\n\r\nPhần 2: Diễn đàn Khoa học – Doanh nghiệp và Đổi mới Sáng tạo lần I – 2023 (FIIS)\r\n\r\n2.1. Lễ khai mạc và giới thiệu định hướng kết quả nghiên cứu nổi bật của Trường Đại học Khoa học tự nhiên, ĐHQG-HCM\r\n\r\nThời gian: 13g30 – 15g00\r\nĐịa điểm: Giảng đường 1\r\nNội dung:\r\n– Phát biểu của lãnh đạo nhà trường và đơn vị tài trợ;\r\n\r\n– Công bố danh sách các đơn vị tham gia tài trợ cho Ngày hội;\r\n\r\n– Tôn vinh các đơn vị doanh nghiệp tham gia (trao thư cảm ơn);\r\n\r\n– Lễ ký kết thỏa thuận hợp tác (MOU) giữa Nhà trường và Doanh nghiệp;\r\n\r\n– Bài nói chuyện số 1: “Vai trò quan trọng của Nhà trường trong hoạt động nghiên cứu và phát triển sản phẩm”;\r\n\r\n– Bài nói chuyện số 2: “Chia sẻ bài học kinh nghiệm thực tế hợp tác giữa doanh nghiệp và nhà trường”.\r\n\r\n– Sáng kiến hợp tác cùng hành động vì cộng đồng Doanh nghiệp và Nhà khoa học phát triển bền vững\r\n\r\n2.2. Diễn đàn FIIS – 2023 chia theo các lĩnh vực\r\n\r\nThời gian: 15g00 – 17g30\r\nĐịa điểm: Các phòng học tại tòa nhà I\r\nHình thức: Tổ chức các báo cáo giữa doanh nghiệp và nhà khoa học về các chủ đề tại các phòng, tạo cơ hội kết nối giữa các bên, bao gồm 04 lĩnh vực: (1) Điện – Điện tử và Vật lý ứng dụng, (2) Công nghệ thông tin – Trí tuệ nhân tạo và Khoa học Dữ liệu, (3) Hoá học và Vật liệu mới, (4) Công nghệ Sinh học\r\nPhần 3: Gala Kết nối Cộng đồng Cựu sinh viên Khoa học và Tổng kết Diễn đàn\r\n\r\nThời gian: từ 18g00 – 21h30\r\nĐịa điểm: Khách sạn Equatorial (Quận 5)\r\nCÁCH THỨC ĐĂNG KÝ\r\n\r\nCác cá nhân, tổ chức đăng ký trực tuyến và nộp lệ phí tham gia một số nội dung theo thông tin tại Website sự kiện: https://fiis2023.hcmus.edu.vn\r\n\r\nMọi thông tin xin liên hệ:\r\n\r\nCHỊ NGUYỄN THỊ THẨM THÚY HẰNG \r\n\r\nTRƯỞNG BAN HẠ TẦNG VÀ LOGISTIC\r\n\r\nĐiện thoại: 090.980.4306\r\nFanpage Trung tâm Phát triển Thương hiệu & Kết nối Cộng đồng U-sci, Trường Đại học Khoa học tự nhiên, ĐHQG-HCM: https://www.facebook.com/USciHub.KHTN\r\nEmail: u-scihub@hcmus.edu.vn hoặc alumni@hcmus.edu.vn','https://storage.googleapis.com/hcmus-alumverse-dev/images/events/92a0a019-28ff-4412-8c7b-532cb4168472',1,'Trường Đại học Khoa học Tự nhiên, cơ sở 1 (227 Nguyễn Văn Cừ, P.4, Q.5, Tp.HCM)','2024-10-28 07:30:00','2024-07-06 17:07:11','2024-07-06 17:07:11','2024-07-06 17:47:30',2,6,1,0,500,0),('ac197087-b741-4be9-ac64-c1c3675c6636','30ff6fa7-035f-42e4-aa13-55c1c94ded1e','GIẢI BÓNG ĐÁ NAM CHEM-CUP LẦN THỨ XI NĂM 2024','⚽️ [GIẢI BÓNG ĐÁ NAM CHEM-CUP LẦN THỨ XI NĂM 2024] ⚽️\r\n? Sau 1 năm vắng bóng, Chem-Cup đã quay trở lại với các chiến binh sân cỏ rồi đây!\r\n✨ Nhằm lan tỏa và nâng cao tinh thần thể thao, giải bóng đá CHEM-CUP được Liên chi Hội khoa Hoá học tổ chức thường niên, tạo sân chơi rèn luyện sức khỏe và là cầu nối giao lưu, gắn kết giữa cán bộ trẻ và các thế hệ sinh viên khoa Hóa.\r\n? Với sự trở lại lần thứ XI, Chem-Cup 2024 hứa hẹn sẽ mang đến diện mạo mới cùng những trận đấu chuyên nghiệp, gay cấn và kịch tính hơn. Vì vậy, còn chần chờ chi nữa mà không cùng các đồng đội của mình đăng ký tham gia ngay thôi nào!\r\nTHÔNG TIN CHI TIẾT\r\n? Nội dung và thể lệ: https://s.net.vn/Y44R\r\n? Link đăng ký: https://s.net.vn/P4E3\r\n⏰ Thời gian đăng ký: 03/05 - 15/05/2024.\r\n? Địa điểm: Câu lạc bộ Thể dục thể thao Thanh Đa, 1017 Bình Quới, Phường 28, Quận Bình Thạnh, TP.HCM.\r\n? Đối tượng tham gia: Cựu sinh viên, Cán bộ trẻ, sinh viên khoa Hóa học Trường Đại học Khoa học tự nhiên, ĐHQG-HCM.\r\n⚡️ Số lượng: 06 - 12 thành viên/01 đội.\r\n? Lệ phí: 1.000.000 VNĐ/đội.\r\nPHƯƠNG THỨC ĐÓNG LỆ PHÍ\r\n⭐️ Các đội chuyển khoản theo cú pháp: CHEMCUP24 - <Tên đội>\r\n-Tài khoản ngân hàng: 19038218897019 (Techcombank - NGUYEN ANH DAT)\r\n- Tài khoản Momo: 0326208325 (Nguyễn Anh Đạt)\r\n_______________________________________\r\n? Mọi thắc mắc xin vui lòng liên hệ qua:\r\nFanpage: Đoàn khoa - Liên Chi Hội khoa Hóa học ĐH.KHTN\r\nEmail: lchhh@hcmus.edu.vn','https://storage.googleapis.com/hcmus-alumverse-dev/images/events/ac197087-b741-4be9-ac64-c1c3675c6636',7,'Câu lạc bộ Thể dục thể thao Thanh Đa, 1017 Bình Quới, Phường 28, Quận Bình Thạnh, TP.HCM.','2024-08-24 07:30:00','2024-07-06 17:38:12','2024-07-06 17:38:12','2024-07-06 17:33:12',2,10,4,0,50,3),('b23fbb60-a717-4cba-8a8a-c356541900d0','30ff6fa7-035f-42e4-aa13-55c1c94ded1e','Giải bóng đá giao hữu MSTA mở rộng lần 2 – năm 2023','Bước vào tuổi thứ 2, giải bóng đá vinh dự nhận được sự hỗ trợ và đồng hành đến từ các đơn vị :\r\n?Nhà tài trợ Vàng:\r\n– Công ty CP SX TM Tân Việt Sinh _ Anh Phan Văn Hùng, CSV Khoá 91 Khoa Hoá học\r\n– Công ty CP Tái chế nhựa Lam Trân\r\n– Công ty TNHH SX TM Tân Đông Dương_ Anh Trần Văn Danh, CSV Khóa 91 Khoa Hóa học\r\n?Nhà tài trợ Đồng:\r\n– Thương hiệu sơn Rexo Paint – Công ty TNHH SX TM DV Thiết bị Toàn Phát _ Anh Trần Phước Bảo CSV Khoá K03 Khoa Khoa học & Công nghệ Vật liệu\r\n– Cơ sở nến thơm AGAYA _ Anh Võ Đình Vũ CSV Khoá K05 Khoa Khoa học & Công nghệ Vật liệu\r\nChặng đường tìm kiếm nhà vô địch sẽ có sự tham gia của các đội bóng:\r\n1️⃣ BKAM FC, Cộng đồng Cựu sinh viên Công nghệ vật liệu – Đại học Bách Khoa TP.HCM\r\n2️⃣ Bridgestone FC, Công ty TNHH Kinh Doanh Lốp Xe Bridgestone Việt Nam\r\n3️⃣ CHEM FC, Cựu sinh viên Khoa Hóa học – Đại học Khoa học Tự nhiên TP.HCM\r\n4️⃣ FBB FC, Cựu sinh viên Khoa Sinh học – Công nghệ Sinh học – Đại học Khoa học Tự nhiên TP.HCM\r\n5️⃣ Innoplas FC, Công ty CP TM DV Nhựa Bao bì Kiến Đức\r\n6️⃣ Tân Đông Dương FC, Công ty TNHH SX-TM Tân Đông Dương\r\n7️⃣ MST Select FC, Đại diện Khoa Khoa học và Công nghệ Vật liệu/MST Faculty\r\n8️⃣ MSTA FC, Cựu sinh viên Khoa học & Công nghệ Vật liệu, Khoa Học Tự Nhiên – MSTA\r\nGiải bóng đá hân hạnh được đón tiếp các đội bóng, người hâm mộ khi trái bóng bắt đầu lăn trên sân\r\n?Thời gian diễn ra: 7h30-12h30 ngày 15/10/2023\r\n?Địa điểm: Sân bóng Chảo Lửa, 30 Phan Thúc Duyện, Q. Tân Bình, TPHCM.','https://storage.googleapis.com/hcmus-alumverse-dev/images/events/b23fbb60-a717-4cba-8a8a-c356541900d0',2,'Sân bóng Chảo Lửa, 30 Phan Thúc Duyện, Q. Tân Bình, TPHCM.','2024-10-15 07:30:00','2024-07-06 17:09:04','2024-07-06 17:09:04','2024-07-06 17:42:30',2,0,1,0,100,0),('b70e7796-c51d-459f-964e-7cfa23efd268','30ff6fa7-035f-42e4-aa13-55c1c94ded1e','CHÍNH THỨC MỞ LINK ĐĂNG KÝ THAM GIA ENGLISH CAMP LẦN THỨ 9, NĂM 2024','?“Làm gì phải hốt, làm làm gì mà phải hốt\r\nViệc của mình là tham gia ngày hội Sinh viên với Ngoại ngữ lần thứ 9, năm 2024…”?\r\n?Hành trình để khám phá và chinh phục những kiến thức, kỹ năng tiếng Anh không còn khó khi đã có English Camp. Một ngày hội với nhiều điều thú vị và hấp dẫn đang chờ đón, bạn sẽ có những trải nghiệm và thử sức với tiếng Anh bằng nhiều hình thức mới mẻ và độc đáo.\r\n✌️English Camp năm 2024 hứa hẹn sẽ là nơi đáng nhớ cho bạn trong tháng 4 này. Vì vậy, hãy nhanh tay quét mã để đăng ký tham gia để hoà mình vào không khí rộn ràng của ngày hội Hội nhập, để tự tin thể hiện chất riêng và tài năng của bản thân. Đừng quên rủ thêm bạn bè để cùng nhau đến với ngày hội thú vị và hấp dẫn này nhé.\r\n?English Camp 2024 đã sẵn sàng, nhanh tay nhấn vào link để đăng ký nào bạn ơi!\r\nhttps://m.me/hotrohssv?ref=register','https://storage.googleapis.com/hcmus-alumverse-dev/images/events/b70e7796-c51d-459f-964e-7cfa23efd268',7,'Trường Đại học Bách khoa - Đại học Quốc gia TP.HCM. 268 Lý Thường Kiệt, Phường 14, Quận 10, Hồ Chí Minh','2024-08-30 07:30:00','2024-07-06 17:41:16','2024-07-06 17:41:16','2024-07-06 17:34:16',2,7,4,0,200,2),('cdc90076-1761-4051-bac3-ddbf33dcfc3d','30ff6fa7-035f-42e4-aa13-55c1c94ded1e','MINISHOW TRẠM','??? CHẤN ĐỘNG: ACOUSPHYS’ MINISHOW ĐÃ CHÍNH THỨC QUAY TRỞ LẠI RỒI ĐÂY!!!!!!!\r\n❤️‍? Khi cuộc sống cuốn ta vào những bộn bề, hãy tìm về “Trạm” - nơi bạn có thể dừng chân và lắng nghe những lời hát, những tâm sự đầy chân thành qua những thanh âm bay bỗng được tạo ra từ các thành viên của Đại Gia Đình Acousphys. \r\n? Tại đây, từng nốt nhạc, từng giai điệu sẽ nhẹ nhàng chạm vào sâu thẳm tâm hồn, khơi dậy những cảm xúc được giấu kín, sự đồng cảm và bình yên sâu trong chúng ta. Hãy cùng chúng tôi tận hưởng một đêm nhạc tràn đầy xúc cảm, để mỗi khoảnh khắc trở nên đáng nhớ và ngọt ngào.\r\n✨ CÒN CHỜ CHI MÀ KHÔNG CÙNG NHỮNG NGƯỜI MÌNH YÊU THƯƠNG ĐI XEM Minishow “Trạm” tại\r\n- Địa điểm: YES Cafe, 87/2 Đường Truông Tre, Kp Nhị Đồng 2, Thị xã Dĩ An, tỉnh Bình Dương.\r\nhttps://maps.app.goo.gl/eANTqYV3xNrcGo9Q6\r\n- Thời gian: 18h00 Thứ 7 - 13/07//2024.\r\n?️ Thông tin minishow:\r\n- Giá vé: 120.000đ vé/người (ĐÃ BAO GỒM NƯỚC UỐNG).\r\n- Đối tượng: Tất cả các tâm hồn xứng đáng được yêu thương.\r\n- Link mua vé ONLINE tại đâyy: https://forms.gle/aS48U1otDShqkfzA9\r\n- Đóng link vào  ngày 10/7/2024\r\n➖➖➖➖➖➖\r\n?Hãy theo dõi Acousphys nhé!\r\n?Fanpage: https://www.facebook.com/acousphysfanpage\r\n?Youtube: https://www.youtube.com/c/KHTNAcousphysClub\r\n?Contact for work\r\n?Trực tiếp qua fanpage\r\n?Email. acousphysclub@gmail.com\r\n?Số điện thoại: 0907862931 (Lê Tuấn Anh)','https://storage.googleapis.com/hcmus-alumverse-dev/images/events/cdc90076-1761-4051-bac3-ddbf33dcfc3d',2,'YES Cafe, 87/2 Đường Truông Tre, Kp Nhị Đồng 2, Thị xã Dĩ An, tỉnh Bình Dương.','2024-08-17 18:00:00','2024-07-06 17:45:07','2024-07-06 17:45:07','2024-07-06 17:31:07',2,18,8,0,100,3),('ec316732-05c3-4ae8-abc5-c9849b271e43','30ff6fa7-035f-42e4-aa13-55c1c94ded1e','Bóng đá giao hữu US Alumni','? Mời quý anh chị Cựu sinh viên và quý thầy cô cùng xem lại những khoảnh khắc đáng nhớ từ trận bóng đá giao hữu giữa cộng đồng cựu sinh viên Us Alumni và Câu lạc bộ Doanh nhân Khánh Hoà- Sài gòn vào ngày hôm qua 8.10.2023. Cảm ơn anh Kiều Văn Sinh, CSV K96 Khoa Vật lý đã làm cầu nối cho trận bóng nhiều ý nghĩa này.\r\nCảm ơn tất cả mọi người đã tham gia và ủng hộ trận đấu này. ??\r\nP/s: tinh thần anh em đội bóng đang lên rất cao, cố gắng tập luyện chờ ngày đá với BKA FC mà không biết khi nào !? ?','https://storage.googleapis.com/hcmus-alumverse-dev/images/events/ec316732-05c3-4ae8-abc5-c9849b271e43',2,'Sân bóng Chảo Lửa, 30 Phan Thúc Duyện, Q. Tân Bình, TPHCM.','2024-10-08 08:00:00','2024-07-06 17:10:40','2024-07-06 17:10:40','2024-07-06 17:39:30',2,0,5,0,40,0);
/*!40000 ALTER TABLE `event` ENABLE KEYS */;
UNLOCK TABLES;

--
-- Dumping data for table `faculty`
--

LOCK TABLES `faculty` WRITE;
/*!40000 ALTER TABLE `faculty` DISABLE KEYS */;
INSERT INTO `faculty` VALUES (1,'Công nghệ thông tin',NULL,'2024-07-07 20:04:34',NULL,0),(2,'Vật lý – Vật lý kỹ thuật',NULL,'2024-07-07 20:04:34',NULL,0),(3,'Địa chất',NULL,'2024-07-07 20:04:34',NULL,0),(4,'Toán – Tin học',NULL,'2024-07-07 20:04:34',NULL,0),(5,'Điện tử - Viễn thông',NULL,'2024-07-07 20:04:34',NULL,0),(6,'Khoa học & Công nghệ Vật liệu',NULL,'2024-07-07 20:04:34',NULL,0),(7,'Hóa học',NULL,'2024-07-07 20:04:34',NULL,0),(8,'Sinh học – Công nghệ Sinh học',NULL,'2024-07-07 20:04:34',NULL,0),(9,'Môi trường',NULL,'2024-07-07 20:04:34',NULL,0);
/*!40000 ALTER TABLE `faculty` ENABLE KEYS */;
UNLOCK TABLES;

--
-- Dumping data for table `friend`
--

LOCK TABLES `friend` WRITE;
/*!40000 ALTER TABLE `friend` DISABLE KEYS */;
INSERT INTO `friend` VALUES ('15fa6065-98cb-4bb8-9269-ff2c7b8f22c2','425d8a36-aad9-4d3b-b944-a4a21c743b20','2024-07-27 19:50:06',0),('15fa6065-98cb-4bb8-9269-ff2c7b8f22c2','6fdfdf3f-81b0-46be-bdde-5ccdcb8ed77b','2024-07-27 19:50:05',0),('15fa6065-98cb-4bb8-9269-ff2c7b8f22c2','d4b8762d-17b7-45e9-887d-c369b6127e7e','2024-07-27 19:50:04',0),('56bd646a-44cf-4ae2-960c-d7fc24c528e5','15fa6065-98cb-4bb8-9269-ff2c7b8f22c2','2024-07-27 19:37:10',0),('56bd646a-44cf-4ae2-960c-d7fc24c528e5','2cae08b7-ade2-4f4f-b757-14142a09bbac','2024-07-27 20:01:00',0),('56bd646a-44cf-4ae2-960c-d7fc24c528e5','56bd646a-44cf-4ae2-960c-d7fc24c528f2','2024-07-09 21:49:29',0),('56bd646a-44cf-4ae2-960c-d7fc24c528e5','d4b8762d-17b7-45e9-887d-c369b6127e7e','2024-07-27 19:37:05',0),('56bd646a-44cf-4ae2-960c-d7fc24c528f4','56bd646a-44cf-4ae2-960c-d7fc24c528e5','2024-07-11 21:00:20',0),('a8a2a13d-1993-4cb4-b918-1b6305e81ff0','c67d2ae1-6a5d-447a-91fb-b47400a41ebf','2024-07-27 20:17:10',0),('c67d2ae1-6a5d-447a-91fb-b47400a41ebf','425d8a36-aad9-4d3b-b944-a4a21c743b20','2024-07-27 20:00:04',0),('c67d2ae1-6a5d-447a-91fb-b47400a41ebf','6fdfdf3f-81b0-46be-bdde-5ccdcb8ed77b','2024-07-27 20:00:04',0),('c67d2ae1-6a5d-447a-91fb-b47400a41ebf','d4b8762d-17b7-45e9-887d-c369b6127e7e','2024-07-27 20:00:03',0),('d4b8762d-17b7-45e9-887d-c369b6127e7e','6fdfdf3f-81b0-46be-bdde-5ccdcb8ed77b','2024-07-27 19:45:59',0);
/*!40000 ALTER TABLE `friend` ENABLE KEYS */;
UNLOCK TABLES;

--
-- Dumping data for table `group`
--

LOCK TABLES `group` WRITE;
/*!40000 ALTER TABLE `group` DISABLE KEYS */;
INSERT INTO `group` VALUES ('2c4ca1d1-c1b7-462f-992e-2802f5b85f6c','Hội Những Người Từng Ở Ký Túc Xá Khu B - KTX ĐHQG TP.HCM','56bd646a-44cf-4ae2-960c-d7fc24c528f5','Hội Những Người Từng Ở Ký Túc Xá Khu B - KTX ĐHQG TP.HCM là group dành cho những người từng ở nơi này có thể chia sẻ cho nhau những kỷ niệm','','https://storage.googleapis.com/hcmus-alumverse-dev/images/groups/2c4ca1d1-c1b7-462f-992e-2802f5b85f6c/cover','','PRIVATE','2024-07-07 17:16:11','2024-07-07 17:16:11',2,1),('31867a4b-cbeb-44df-935d-7b82f17ceae0','K18 - Khoa Môi Trường','6fdfdf3f-81b0-46be-bdde-5ccdcb8ed77b','Các bạn khoá 2018 khoa Môi Trường','','https://storage.googleapis.com/hcmus-alumverse-dev/images/groups/31867a4b-cbeb-44df-935d-7b82f17ceae0/cover','','PRIVATE','2024-07-27 19:32:42','2024-07-27 19:32:42',2,1),('35dd1239-f92d-4bdf-83b6-4341acd42489','Nấu ăn','56bd646a-44cf-4ae2-960c-d7fc24c528f4','Nhóm dành cho các bạn có niềm đam mê với nấu ăn','','https://storage.googleapis.com/hcmus-alumverse-dev/images/groups/35dd1239-f92d-4bdf-83b6-4341acd42489/cover','','PRIVATE','2024-07-07 16:51:02','2024-07-07 16:51:02',2,1),('40982b82-fb96-49bf-a91e-d409e79fa9b3','GROUP GIA SƯ TPHCM','56bd646a-44cf-4ae2-960c-d7fc24c528f5','Group chỉ dùng để đăng tin gia sư: dành cho các trung tâm, các bạn gia sư nhượng lớp, học viên đăng tìm gia sư dạy cho con em họ , các trung tâm tuyển giáo viên và các hỏi đáp tâm sự về công việc gia sư','','https://storage.googleapis.com/hcmus-alumverse-dev/images/groups/40982b82-fb96-49bf-a91e-d409e79fa9b3/cover','','PUBLIC','2024-07-07 17:17:40','2024-07-07 17:17:40',2,4),('55e9d28d-d013-47c5-8b54-5c9ffa8dee95','GenZ làm IT','56bd646a-44cf-4ae2-960c-d7fc24c528f4','GenZ làm IT là cộng đồng dành cho các bạn trẻ yêu thích ngành IT, đặc biệt là sinh viên công nghệ. Đặc biệt, đây là là nơi giải đáp các thắc mắc về quá trình học tập, định hướng và phát triển bản thân, chia sẻ chuyên môn về ngành IT của các bạn trẻ yêu công nghệ.\r\nĐồng thời là cộng đồng để các Mentor/Expert chia sẻ những câu chuyện, kinh nghiệm của bản thân, giúp các bạn trẻ có thêm nhiều góc nhìn và học hỏi góp phần vào quá trình phát triển của bản thân.\r\nNgoài ra, group GenZ làm IT còn cung cấp những cơ hội nghề nghiệp tại các công ty, tập đoàn có uy tín trong lĩnh vực công nghệ và những nguồn tài liệu (khóa học, các website,...) đến các bạn sinh viên/ người mới tốt nghiệp (ngành IT).','','https://storage.googleapis.com/hcmus-alumverse-dev/images/groups/55e9d28d-d013-47c5-8b54-5c9ffa8dee95/cover','','PUBLIC','2024-07-07 16:59:08','2024-07-07 16:59:08',2,6),('5cd550a9-8139-4427-bf21-99c598dbea28','Spring Boot Việt Nam - Nhóm lập trình Java Web','56bd646a-44cf-4ae2-960c-d7fc24c528f4','Cùng thảo luận về các vấn đề trong lập trình java, web với spring boot.','','https://storage.googleapis.com/hcmus-alumverse-dev/images/groups/5cd550a9-8139-4427-bf21-99c598dbea28/cover','','PUBLIC','2024-07-07 16:53:51','2024-07-07 16:53:51',2,5),('73e1d270-3784-40d8-a397-31b15f6ad2a1','Bóng đá','56bd646a-44cf-4ae2-960c-d7fc24c528e5','Nhóm dành cho những bạn có niềm đam mê với bóng đá','','https://storage.googleapis.com/hcmus-alumverse-dev/images/groups/73e1d270-3784-40d8-a397-31b15f6ad2a1/cover','','PUBLIC','2024-07-07 16:45:31','2024-07-07 16:45:31',2,4),('75fc94c0-a9f9-47db-ad37-b6f0deca9b2e','Việc làm IT: Intern, Fresher, Junior, Middle and Senior','56bd646a-44cf-4ae2-960c-d7fc24c528f3','IT job ads for Intern, Fresher, Junior, Middle and Senior','','https://storage.googleapis.com/hcmus-alumverse-dev/images/groups/75fc94c0-a9f9-47db-ad37-b6f0deca9b2e/cover','','PUBLIC','2024-07-07 17:07:27','2024-07-07 17:07:27',2,5),('7895d2a0-047f-4a66-9922-c8e1a4bac5bf','K19 - Hoá học - CLC - KHTN','2cae08b7-ade2-4f4f-b757-14142a09bbac','Nơi hội tụ cựu sinh viên ngành hoá K19','','https://storage.googleapis.com/hcmus-alumverse-dev/images/groups/7895d2a0-047f-4a66-9922-c8e1a4bac5bf/cover','','PUBLIC','2024-07-27 19:55:48','2024-07-27 19:55:48',2,2),('79ba5154-f9fb-4ba0-b812-411fa240ec79','Chợ Bàn Phím Cơ','56bd646a-44cf-4ae2-960c-d7fc24c528f3','Nơi giao lưu buôn bán bàn phím cơ và các phụ kiện trên toàn quốc','','https://storage.googleapis.com/hcmus-alumverse-dev/images/groups/79ba5154-f9fb-4ba0-b812-411fa240ec79/cover','','PUBLIC','2024-07-07 17:09:57','2024-07-07 17:09:57',2,5),('947b9cf3-cc9e-4f3c-a736-6def4f1f803e','Vương Giả Vinh Diệu - Honor of Kings Community','56bd646a-44cf-4ae2-960c-d7fc24c528f2','⭐️ Cộng đồng Vương Giả Vinh Diệu (VGVD) - Honor of Kings lớn nhất Việt Nam.','','https://storage.googleapis.com/hcmus-alumverse-dev/images/groups/947b9cf3-cc9e-4f3c-a736-6def4f1f803e/cover','','PRIVATE','2024-07-07 17:02:36','2024-07-07 17:02:36',2,1),('a14c6ef2-adc8-4ded-b68e-b264c9cb0ab8','Tự ôn TOEIC','56bd646a-44cf-4ae2-960c-d7fc24c528f3','Nơi hội tụ những bạn đam muốn ôn tập để thi TOEIC','','https://storage.googleapis.com/hcmus-alumverse-dev/images/groups/a14c6ef2-adc8-4ded-b68e-b264c9cb0ab8/cover','','PUBLIC','2024-07-07 17:11:41','2024-07-07 17:11:41',2,7),('ad4082d9-b340-4551-8e57-309d3660aed7','Cộng đồng Front-end(HTML/CSS/JS) Việt Nam','56bd646a-44cf-4ae2-960c-d7fc24c528f2','Nơi giao lưu, trao đổi, học hỏi kiến thức về Front-end.\r\nCó thể đăng tin tuyển dụng IT, mọi hình thức quảng cáo,câu kéo member khác sẽ bị ban.\r\nChỉ được phép đăng bài tuyển dụng nhân sự, các khoá học lập trình vào CN. Cố tình vi phạm sẽ rời khỏi nhóm\r\nChung tay vì 1 cộng đồng Front-end phát triển.. :)','','https://storage.googleapis.com/hcmus-alumverse-dev/images/groups/ad4082d9-b340-4551-8e57-309d3660aed7/cover','','PUBLIC','2024-07-07 17:01:20','2024-07-07 17:01:20',2,8),('af20dc95-4c48-4e44-9fba-960f44918f1f','Khoá K19 - Ngành Điện tử - Viễn thông','15fa6065-98cb-4bb8-9269-ff2c7b8f22c2','Nhóm cho các sinh viên đã từng học ngành Điện tử Viễn thông trường Đại học Khoa học Tự nhiên','','https://storage.googleapis.com/hcmus-alumverse-dev/images/groups/af20dc95-4c48-4e44-9fba-960f44918f1f/cover','','PUBLIC','2024-07-27 19:49:43','2024-07-27 19:49:43',2,1),('be22225a-fdd1-448d-8225-a76476b06456','K15 - Công nghệ sinh học - CLC - KHTN','425d8a36-aad9-4d3b-b944-a4a21c743b20','Nhóm cho cựu sinh viên khoá K15 ngành Công nghệ sinh học','','https://storage.googleapis.com/hcmus-alumverse-dev/images/groups/be22225a-fdd1-448d-8225-a76476b06456/cover','','PUBLIC','2024-07-27 19:34:29','2024-07-27 19:34:29',2,1),('d121b01d-3840-4a5d-b974-90e3cb92853b','Tiên Nghịch','56bd646a-44cf-4ae2-960c-d7fc24c528f2','“Cao nhất trong thiên địa thì có ích gì!\r\nChúng sinh bái lạy thì có ích gi!\r\nVô lượng kiếp kinh có ích gì!\r\nThiên địa như vậy thì sao còn chưa hủy diệt!\r\nChúng sinh như thế sao còn chưa tiêu tán!\r\nKiếp kinh như thế sao còn chưa thất truyền!\r\nNếu là thế thì ta muốn dùng phương thức của ta khiến trời xanh phải nhắm mắt, khiến cho mặt đất phải ngủ say, cho hoàng tuyền lệ chảy, khiến luân hồi đình chỉ, khiến thương khung từ nay về sau… Vô niệm!','','https://storage.googleapis.com/hcmus-alumverse-dev/images/groups/d121b01d-3840-4a5d-b974-90e3cb92853b/cover','','PRIVATE','2024-07-07 17:04:19','2024-07-07 17:04:19',2,2),('d78deca1-b7bd-4e20-85d0-cc784e946797','Cầu lông','56bd646a-44cf-4ae2-960c-d7fc24c528e5','Nơi hội tụ những bạn đam mê với môn cầu lông','','https://storage.googleapis.com/hcmus-alumverse-dev/images/groups/d78deca1-b7bd-4e20-85d0-cc784e946797/cover','','PUBLIC','2024-07-07 16:48:08','2024-07-07 16:48:08',2,8),('ea4cb6db-8696-46a4-983b-29353dd4b1a2','Kiếm việc Front-end','56bd646a-44cf-4ae2-960c-d7fc24c528f2','Nhóm để mọi người có thể kiếm công việc liên quan đến Front-end','','https://storage.googleapis.com/hcmus-alumverse-dev/images/groups/ea4cb6db-8696-46a4-983b-29353dd4b1a2/cover','','PRIVATE','2024-07-28 16:02:54','2024-07-28 16:02:54',2,1),('faf07f48-36e2-45a6-bb0e-a29b283f3aa1','Cựu sinh viên Khoa Khoa học & Công nghệ vật liệu HCMUS','8f43f0d3-4a0d-4baa-920f-05ebe13a4787','Dành cho cựu sinh viên Khoa Khoa học & Công nghệ vật liệu HCMUS','','https://storage.googleapis.com/hcmus-alumverse-dev/images/groups/faf07f48-36e2-45a6-bb0e-a29b283f3aa1/cover','','PRIVATE','2024-07-27 20:19:43','2024-07-27 20:19:43',2,1),('fb1c1688-cf9f-4c78-a3e8-a833ea5aa1be','K20CLC - CNTT - HCMUS','56bd646a-44cf-4ae2-960c-d7fc24c528e5','Sinh viên học công nghệ thông tin khoá 2020','','https://storage.googleapis.com/hcmus-alumverse-dev/images/groups/fb1c1688-cf9f-4c78-a3e8-a833ea5aa1be/cover','','PRIVATE','2024-07-27 19:30:31','2024-07-27 19:30:31',2,1);
/*!40000 ALTER TABLE `group` ENABLE KEYS */;
UNLOCK TABLES;

--
-- Dumping data for table `group_member`
--

LOCK TABLES `group_member` WRITE;
/*!40000 ALTER TABLE `group_member` DISABLE KEYS */;
INSERT INTO `group_member` VALUES ('2c4ca1d1-c1b7-462f-992e-2802f5b85f6c','56bd646a-44cf-4ae2-960c-d7fc24c528f5','CREATOR','2024-07-07 17:16:11',0),('31867a4b-cbeb-44df-935d-7b82f17ceae0','6fdfdf3f-81b0-46be-bdde-5ccdcb8ed77b','CREATOR','2024-07-27 19:32:42',0),('35dd1239-f92d-4bdf-83b6-4341acd42489','56bd646a-44cf-4ae2-960c-d7fc24c528f4','CREATOR','2024-07-07 16:51:02',0),('40982b82-fb96-49bf-a91e-d409e79fa9b3','15fa6065-98cb-4bb8-9269-ff2c7b8f22c2','MEMBER','2024-07-27 18:25:03',0),('40982b82-fb96-49bf-a91e-d409e79fa9b3','56bd646a-44cf-4ae2-960c-d7fc24c528f5','CREATOR','2024-07-07 17:17:40',0),('40982b82-fb96-49bf-a91e-d409e79fa9b3','6fdfdf3f-81b0-46be-bdde-5ccdcb8ed77b','MEMBER','2024-07-27 18:21:18',0),('40982b82-fb96-49bf-a91e-d409e79fa9b3','c67d2ae1-6a5d-447a-91fb-b47400a41ebf','MEMBER','2024-07-27 19:59:55',0),('55e9d28d-d013-47c5-8b54-5c9ffa8dee95','15fa6065-98cb-4bb8-9269-ff2c7b8f22c2','MEMBER','2024-07-27 18:25:12',0),('55e9d28d-d013-47c5-8b54-5c9ffa8dee95','425d8a36-aad9-4d3b-b944-a4a21c743b20','MEMBER','2024-07-27 18:24:17',0),('55e9d28d-d013-47c5-8b54-5c9ffa8dee95','56bd646a-44cf-4ae2-960c-d7fc24c528f4','CREATOR','2024-07-07 16:59:08',0),('55e9d28d-d013-47c5-8b54-5c9ffa8dee95','6fdfdf3f-81b0-46be-bdde-5ccdcb8ed77b','MEMBER','2024-07-27 18:21:33',0),('55e9d28d-d013-47c5-8b54-5c9ffa8dee95','c67d2ae1-6a5d-447a-91fb-b47400a41ebf','MEMBER','2024-07-27 19:59:45',0),('55e9d28d-d013-47c5-8b54-5c9ffa8dee95','d4b8762d-17b7-45e9-887d-c369b6127e7e','MEMBER','2024-07-27 19:46:35',0),('5cd550a9-8139-4427-bf21-99c598dbea28','15fa6065-98cb-4bb8-9269-ff2c7b8f22c2','MEMBER','2024-07-27 18:25:13',0),('5cd550a9-8139-4427-bf21-99c598dbea28','425d8a36-aad9-4d3b-b944-a4a21c743b20','MEMBER','2024-07-27 18:24:19',0),('5cd550a9-8139-4427-bf21-99c598dbea28','56bd646a-44cf-4ae2-960c-d7fc24c528f4','CREATOR','2024-07-07 16:53:51',0),('5cd550a9-8139-4427-bf21-99c598dbea28','c67d2ae1-6a5d-447a-91fb-b47400a41ebf','MEMBER','2024-07-27 19:59:44',0),('5cd550a9-8139-4427-bf21-99c598dbea28','d4b8762d-17b7-45e9-887d-c369b6127e7e','MEMBER','2024-07-27 19:46:34',0),('73e1d270-3784-40d8-a397-31b15f6ad2a1','15fa6065-98cb-4bb8-9269-ff2c7b8f22c2','MEMBER','2024-07-27 18:25:15',0),('73e1d270-3784-40d8-a397-31b15f6ad2a1','56bd646a-44cf-4ae2-960c-d7fc24c528e5','CREATOR','2024-07-07 16:45:31',0),('73e1d270-3784-40d8-a397-31b15f6ad2a1','c67d2ae1-6a5d-447a-91fb-b47400a41ebf','MEMBER','2024-07-27 19:59:39',0),('73e1d270-3784-40d8-a397-31b15f6ad2a1','d4b8762d-17b7-45e9-887d-c369b6127e7e','MEMBER','2024-07-27 19:46:32',0),('75fc94c0-a9f9-47db-ad37-b6f0deca9b2e','15fa6065-98cb-4bb8-9269-ff2c7b8f22c2','MEMBER','2024-07-27 18:25:08',0),('75fc94c0-a9f9-47db-ad37-b6f0deca9b2e','425d8a36-aad9-4d3b-b944-a4a21c743b20','MEMBER','2024-07-27 18:24:21',0),('75fc94c0-a9f9-47db-ad37-b6f0deca9b2e','56bd646a-44cf-4ae2-960c-d7fc24c528f3','CREATOR','2024-07-07 17:07:27',0),('75fc94c0-a9f9-47db-ad37-b6f0deca9b2e','6fdfdf3f-81b0-46be-bdde-5ccdcb8ed77b','MEMBER','2024-07-27 18:21:22',0),('75fc94c0-a9f9-47db-ad37-b6f0deca9b2e','c67d2ae1-6a5d-447a-91fb-b47400a41ebf','MEMBER','2024-07-27 19:59:49',0),('7895d2a0-047f-4a66-9922-c8e1a4bac5bf','2cae08b7-ade2-4f4f-b757-14142a09bbac','CREATOR','2024-07-27 19:55:48',0),('7895d2a0-047f-4a66-9922-c8e1a4bac5bf','67380894-cf8b-43ac-b6b2-d9d9ac154f8f','MEMBER','2024-07-27 19:58:26',0),('79ba5154-f9fb-4ba0-b812-411fa240ec79','15fa6065-98cb-4bb8-9269-ff2c7b8f22c2','MEMBER','2024-07-27 18:25:07',0),('79ba5154-f9fb-4ba0-b812-411fa240ec79','425d8a36-aad9-4d3b-b944-a4a21c743b20','MEMBER','2024-07-27 18:22:26',0),('79ba5154-f9fb-4ba0-b812-411fa240ec79','56bd646a-44cf-4ae2-960c-d7fc24c528f3','CREATOR','2024-07-07 17:09:57',0),('79ba5154-f9fb-4ba0-b812-411fa240ec79','c67d2ae1-6a5d-447a-91fb-b47400a41ebf','MEMBER','2024-07-27 19:59:52',0),('79ba5154-f9fb-4ba0-b812-411fa240ec79','d4b8762d-17b7-45e9-887d-c369b6127e7e','MEMBER','2024-07-27 18:21:52',0),('947b9cf3-cc9e-4f3c-a736-6def4f1f803e','56bd646a-44cf-4ae2-960c-d7fc24c528f2','CREATOR','2024-07-07 17:02:36',0),('a14c6ef2-adc8-4ded-b68e-b264c9cb0ab8','15fa6065-98cb-4bb8-9269-ff2c7b8f22c2','MEMBER','2024-07-27 18:25:06',0),('a14c6ef2-adc8-4ded-b68e-b264c9cb0ab8','2cae08b7-ade2-4f4f-b757-14142a09bbac','MEMBER','2024-07-27 19:55:59',0),('a14c6ef2-adc8-4ded-b68e-b264c9cb0ab8','425d8a36-aad9-4d3b-b944-a4a21c743b20','MEMBER','2024-07-27 18:24:23',0),('a14c6ef2-adc8-4ded-b68e-b264c9cb0ab8','56bd646a-44cf-4ae2-960c-d7fc24c528e5','MEMBER','2024-07-27 18:20:36',0),('a14c6ef2-adc8-4ded-b68e-b264c9cb0ab8','56bd646a-44cf-4ae2-960c-d7fc24c528f3','CREATOR','2024-07-07 17:11:41',0),('a14c6ef2-adc8-4ded-b68e-b264c9cb0ab8','6fdfdf3f-81b0-46be-bdde-5ccdcb8ed77b','MEMBER','2024-07-27 18:21:19',0),('a14c6ef2-adc8-4ded-b68e-b264c9cb0ab8','d4b8762d-17b7-45e9-887d-c369b6127e7e','MEMBER','2024-07-27 18:21:51',0),('ad4082d9-b340-4551-8e57-309d3660aed7','15fa6065-98cb-4bb8-9269-ff2c7b8f22c2','MEMBER','2024-07-27 18:25:12',0),('ad4082d9-b340-4551-8e57-309d3660aed7','425d8a36-aad9-4d3b-b944-a4a21c743b20','MEMBER','2024-07-27 18:24:17',0),('ad4082d9-b340-4551-8e57-309d3660aed7','56bd646a-44cf-4ae2-960c-d7fc24c528e5','MEMBER','2024-07-07 17:08:23',0),('ad4082d9-b340-4551-8e57-309d3660aed7','56bd646a-44cf-4ae2-960c-d7fc24c528f2','CREATOR','2024-07-07 17:01:20',0),('ad4082d9-b340-4551-8e57-309d3660aed7','56bd646a-44cf-4ae2-960c-d7fc24c528f3','MEMBER','2024-07-07 17:31:33',0),('ad4082d9-b340-4551-8e57-309d3660aed7','56bd646a-44cf-4ae2-960c-d7fc24c528f5','MEMBER','2024-07-07 17:32:54',0),('ad4082d9-b340-4551-8e57-309d3660aed7','c67d2ae1-6a5d-447a-91fb-b47400a41ebf','MEMBER','2024-07-27 19:59:46',0),('ad4082d9-b340-4551-8e57-309d3660aed7','d4b8762d-17b7-45e9-887d-c369b6127e7e','MEMBER','2024-07-27 18:21:56',0),('af20dc95-4c48-4e44-9fba-960f44918f1f','15fa6065-98cb-4bb8-9269-ff2c7b8f22c2','CREATOR','2024-07-27 19:49:43',0),('be22225a-fdd1-448d-8225-a76476b06456','425d8a36-aad9-4d3b-b944-a4a21c743b20','CREATOR','2024-07-27 19:34:29',0),('d121b01d-3840-4a5d-b974-90e3cb92853b','56bd646a-44cf-4ae2-960c-d7fc24c528e5','MEMBER','2024-07-07 17:13:15',0),('d121b01d-3840-4a5d-b974-90e3cb92853b','56bd646a-44cf-4ae2-960c-d7fc24c528f2','CREATOR','2024-07-07 17:04:19',0),('d78deca1-b7bd-4e20-85d0-cc784e946797','15fa6065-98cb-4bb8-9269-ff2c7b8f22c2','MEMBER','2024-07-27 18:25:14',0),('d78deca1-b7bd-4e20-85d0-cc784e946797','2cae08b7-ade2-4f4f-b757-14142a09bbac','MEMBER','2024-07-27 19:55:54',0),('d78deca1-b7bd-4e20-85d0-cc784e946797','425d8a36-aad9-4d3b-b944-a4a21c743b20','MEMBER','2024-07-27 18:22:29',0),('d78deca1-b7bd-4e20-85d0-cc784e946797','56bd646a-44cf-4ae2-960c-d7fc24c528e5','CREATOR','2024-07-07 16:48:08',0),('d78deca1-b7bd-4e20-85d0-cc784e946797','8f43f0d3-4a0d-4baa-920f-05ebe13a4787','MEMBER','2024-07-27 20:19:48',0),('d78deca1-b7bd-4e20-85d0-cc784e946797','a8a2a13d-1993-4cb4-b918-1b6305e81ff0','MEMBER','2024-07-27 20:16:53',0),('d78deca1-b7bd-4e20-85d0-cc784e946797','c67d2ae1-6a5d-447a-91fb-b47400a41ebf','MEMBER','2024-07-27 19:59:41',0),('d78deca1-b7bd-4e20-85d0-cc784e946797','d4b8762d-17b7-45e9-887d-c369b6127e7e','MEMBER','2024-07-27 19:46:32',0),('ea4cb6db-8696-46a4-983b-29353dd4b1a2','56bd646a-44cf-4ae2-960c-d7fc24c528f2','CREATOR','2024-07-28 16:02:54',0),('faf07f48-36e2-45a6-bb0e-a29b283f3aa1','8f43f0d3-4a0d-4baa-920f-05ebe13a4787','CREATOR','2024-07-27 20:19:43',0),('fb1c1688-cf9f-4c78-a3e8-a833ea5aa1be','56bd646a-44cf-4ae2-960c-d7fc24c528e5','CREATOR','2024-07-27 19:30:31',0);
/*!40000 ALTER TABLE `group_member` ENABLE KEYS */;
UNLOCK TABLES;

--
-- Dumping data for table `hall_of_fame`
--

LOCK TABLES `hall_of_fame` WRITE;
/*!40000 ALTER TABLE `hall_of_fame` DISABLE KEYS */;
INSERT INTO `hall_of_fame` VALUES ('13b956f7-2c0a-4578-a946-2b60cc8f2792','30ff6fa7-035f-42e4-aa13-55c1c94ded1e','LÊ QUỲNH NGA','Chị Nga là cựu sinh viên ngành Sinh học Trường Đại học Khoa học tự nhiên','<h4>Lê Quỳnh Nga – một trong những nữ doanh nhân trẻ nổi bật của Việt Nam, hiện đang là CEO và Founder của Elite Arts Academy – trường học nghệ thuật uy tín hàng đầu tại Việt Nam.</h4><h4><img src=\"https://storage.googleapis.com/hcmus-alumverse-dev/images/hof/13b956f7-2c0a-4578-a946-2b60cc8f2792/0\"></h4><h4>Với sự kiên trì và tinh thần nỗ lực không ngừng, chị đã xây dựng một thương hiệu giáo dục giúp đưa nghệ thuật đến gần hơn với cộng đồng, đồng thời tạo ra nhiều cơ hội cho các em học viên thực hiện ước mơ của mình. Chị Lê Quỳnh Nga là một người phụ nữ giàu năng lượng và nhiệt huyết, với niềm đam mê mãnh liệt với nghệ thuật và giáo dục. Sau khi tốt nghiệp Đại học Khoa Học Tự Nhiên và Đại học Ngoại Ngữ Hà Nội, chị đã có nhiều năm kinh nghiệm làm việc trong lĩnh vực tư vấn và đào tạo. Tuy nhiên, với mong muốn đóng góp cho cộng đồng và xây dựng một trường học nghệ thuật chất lượng cao, chị quyết định rút khỏi công việc ổn định của mình và dấn thân vào con đường kinh doanh riêng.</h4><h4><img src=\"https://storage.googleapis.com/hcmus-alumverse-dev/images/hof/13b956f7-2c0a-4578-a946-2b60cc8f2792/1\"></h4><h4>Elite Arts Academy là một trong những dự án đầy thách thức của Chị Lê Quỳnh Nga. Với tầm nhìn xa trông rộng, chị đã nỗ lực không ngừng để đưa trường học nghệ thuật của mình trở thành một thương hiệu uy tín và được khách hàng tin tưởng. Các chương trình đào tạo tại Elite Arts Academy được thiết kế bởi các giáo viên có kinh nghiệm và chuyên môn cao, với phương pháp giảng dạy hiện đại, linh hoạt và kết hợp giữa lý thuyết và thực hành giúp các em học viên phát triển tối đa khả năng sáng tạo và tư duy.</h4><h4>Các em học viên được trang bị kiến thức chuyên môn sâu rộng và kỹ năng thực tiễn, đồng thời được trải nghiệm và khám phá nhiều hình thức nghệ thuật khác nhau, từ âm nhạc, hội họa, múa đến diễn xuất… Ngoài ra, Elite Arts Academy cũng tạo ra nhiều cơ hội cho các em học viên thể hiện bản thân và phát triển tài năng của mình. Trường thường xuyên tổ chức các sự kiện văn hóa, hội thi, buổi biểu diễn để các em có thể thể hiện năng lực và tạo ra niềm vui, niềm tự hào cho bản thân. Nhiều học viên của Elite Arts Academy đã đạt được nhiều giải thưởng và thành công trong sự nghiệp của mình, một minh chứng cho chất lượng giáo dục tại trường.</h4><h4><img src=\"https://storage.googleapis.com/hcmus-alumverse-dev/images/hof/13b956f7-2c0a-4578-a946-2b60cc8f2792/2\">\'Với sự nỗ lực không ngừng nghỉ và tâm huyết với nghề, Elite Arts Academy đã nhanh chóng trở thành một trong những trung tâm giáo dục nghệ thuật uy tín nhất tại Việt Nam. Điều đó không chỉ được chứng minh bằng sự tin tưởng của hàng ngàn học sinh và phụ huynh, mà còn được thể hiện qua những giải thưởng quan trọng mà Elite Arts Academy đã đạt được trong suốt chặng đường phát triển của mình.</h4><h4>Elite Arts Academy được xây dựng dựa trên nền tảng và tình yêu thương và lòng biết ơn. Giá trị cốt lõi của Elite Arts Academy không phải là để đào tạo các học viên trở thành những người nổi tiếng, thành công trong lĩnh vực nghệ thuật, mà còn để giúp các học viên phát triển sự đồng cảm, lòng trắc ẩn và tình yêu thương. Elite Arts Academy giúp các học viên tự tin, vững chãi hơn thông qua các hoạt động nghệ thuật. Bên cạnh đó, học viên cũng được khuyến khích yêu thương bản thân và học cách vững vàng hơn trong cuộc sống sau này. Elite Arts Academy xác định rằng, giá trị của nghệ thuật không chỉ nằm ở khả năng biểu diễn mà còn ở khả năng kết nối con người và truyền tải thông điệp văn hóa.</h4><iframe class=\"ql-video\" frameborder=\"0\" allowfullscreen=\"true\" src=\"https://googleads.g.doubleclick.net/pagead/ads?client=ca-pub-7122686185554448&amp;output=html&amp;h=280&amp;adk=3860557110&amp;adf=860226067&amp;pi=t.aa~a.3108651837~i.21~rp.4&amp;w=840&amp;fwrn=4&amp;fwrnh=100&amp;lmt=1698134883&amp;num_ads=1&amp;rafmt=1&amp;armr=3&amp;sem=mc&amp;pwprc=3082713786&amp;ad_type=text_image&amp;format=840x280&amp;url=https%3A%2F%2Fwww.doisongphapluat.com%2Fle-quynh-nga-nu-doanh-nhan-voi-tam-huyet-xay-dung-he-thong-giao-duc-nghe-thuat-hang-dau-tai-viet-nam-a568346.html&amp;fwr=0&amp;pra=3&amp;rh=200&amp;rw=840&amp;rpe=1&amp;resp_fmts=3&amp;wgl=1&amp;fa=27&amp;uach=WyJtYWNPUyIsIjEzLjAuMCIsImFybSIsIiIsIjExNy4wLjU5MzguMTQ5IixbXSwwLG51bGwsIjY0IixbWyJHb29nbGUgQ2hyb21lIiwiMTE3LjAuNTkzOC4xNDkiXSxbIk5vdDtBPUJyYW5kIiwiOC4wLjAuMCJdLFsiQ2hyb21pdW0iLCIxMTcuMC41OTM4LjE0OSJdXSwwXQ..&amp;dt=1698134883274&amp;bpp=1&amp;bdt=1696&amp;idt=1&amp;shv=r20231017&amp;mjsv=m202310180101&amp;ptt=9&amp;saldr=aa&amp;abxe=1&amp;cookie=ID%3D07c29749eb8aa312-22be229319e4004e%3AT%3D1695714816%3ART%3D1698134883%3AS%3DALNI_MZWl88xQOVvVVDDHZoi8LdiZPMoQw&amp;gpic=UID%3D000009fd6b1261bd%3AT%3D1695714816%3ART%3D1698134883%3AS%3DALNI_MZOkDETrPWi6MTMBCEDWbNwumoNUg&amp;prev_fmts=0x0%2C1180x250&amp;nras=2&amp;correlator=276879631001&amp;frm=20&amp;pv=1&amp;ga_vid=692909334.1695714816&amp;ga_sid=1698134882&amp;ga_hid=196632603&amp;ga_fc=1&amp;u_tz=420&amp;u_his=5&amp;u_h=1169&amp;u_w=1800&amp;u_ah=1062&amp;u_aw=1800&amp;u_cd=30&amp;u_sd=2&amp;dmc=8&amp;adx=320&amp;ady=2841&amp;biw=1800&amp;bih=977&amp;scr_x=0&amp;scr_y=0&amp;eid=44759875%2C44759926%2C42531705%2C44805113%2C44805533%2C44805915%2C44805931%2C31078297%2C31078663%2C31078665%2C31078668%2C31078670&amp;oid=2&amp;pvsid=3440238152708077&amp;tmod=1595828341&amp;uas=0&amp;nvt=1&amp;ref=https%3A%2F%2Fwww.google.com%2F&amp;fc=1408&amp;brdim=0%2C44%2C0%2C44%2C1800%2C44%2C1800%2C1062%2C1800%2C977&amp;vis=1&amp;rsz=%7C%7Cs%7C&amp;abl=NS&amp;fu=128&amp;bc=31&amp;td=1&amp;nt=1&amp;ifi=3&amp;uci=a!3&amp;btvi=1&amp;fsb=1&amp;xpc=ZiyKa5cwNY&amp;p=https%3A//www.doisongphapluat.com&amp;dtd=6\" height=\"0\" width=\"840\"></iframe><h4><br></h4><h4>Chị Nga chia sẻ:&nbsp;<em>“Elite Arts Academy không chỉ giúp khơi dậy niềm đam mê nghệ thuật mà còn mang đến một môi trường học tập, vui chơi bổ ích, đóng góp cho sự phát triển toàn diện của các bé.</em>&nbsp;<em>Với sự đầu tư nghiêm túc về chất lượng chuyên môn&nbsp;và&nbsp;cơ sở vật chất chuẩn quốc tế, Elite Arts Academy mong muốn tạo ra một nền tảng giáo dục tốt nhất cho thế hệ trẻ về cả tài năng, tâm hồn&nbsp;và&nbsp;nhân cách”.</em></h4><h4><img src=\"https://storage.googleapis.com/hcmus-alumverse-dev/images/hof/13b956f7-2c0a-4578-a946-2b60cc8f2792/3\"></h4><h4>Không chỉ đóng góp cho lĩnh vực giáo dục nghệ thuật mà chị còn trở thành một trong những trainer của Gein Group – công ty đi đầu trong lĩnh vực giáo dục dựa trên nền tảng công cụ thấu hiểu con người Map For Success. Với mong muốn giúp đỡ những người khác tìm ra sứ mệnh của mình trong cuộc sống, chị đã tham gia và đào tạo các chương trình về tư duy tích cực, lập kế hoạch và phát triển bản thân.</h4><h4><img src=\"https://storage.googleapis.com/hcmus-alumverse-dev/images/hof/13b956f7-2c0a-4578-a946-2b60cc8f2792/4\"></h4><h4>Chị Lê Quỳnh Nga là một hình mẫu của người phụ nữ đầy năng lượng, sáng tạo và có tầm nhìn xa trông rộng. Bằng niềm đam mê và tâm huyết với nghệ thuật và giáo dục, chị đã xây dựng một hệ thống giáo dục nghệ thuật hàng đầu tại Việt Nam, đem lại nhiều cơ hội và giá trị cho cộng đồng. Chị Lê Quỳnh Nga là một minh chứng cho việc không chỉ đam mê và tài năng, mà còn bằng sự nỗ lực và khát khao không ngừng nghỉ, một người có thể tạo ra những thay đổi tích cực cho xã hội. Với tinh thần không ngừng nghỉ và sự tận tâm đối với nghề, chị Lê Quỳnh Nga đã trở thành một người phụ nữ đáng kính và được nhiều người ngưỡng mộ trong lĩnh vực giáo dục nghệ thuật tại Việt Nam. Chị là một tấm gương sáng trong việc thực hiện đam mê, tạo ra sự khác biệt và truyền cảm hứng cho những người xung quanh.</h4><h4 class=\"ql-align-right\"><strong><em>Link nguồn: https://doisongphapluat.nguoiduatin.vn/dspl/le-quynh-nga-nu-doanh-nhan-voi-tam-huyet-xay-dung-he-thong-giao-duc-nghe-thuat-hang-dau-tai-viet-nam-a568346.html</em></strong></h4>','https://storage.googleapis.com/hcmus-alumverse-dev/images/hof/13b956f7-2c0a-4578-a946-2b60cc8f2792/thumbnail','Đang là CEO và Founder của Elite Arts Academy - trường học nghệ thuật uy tín hàng đầu tại Việt Nam.','a8a2a13d-1993-4cb4-b918-1b6305e81ff0',8,1998,'2024-07-06 21:40:42','2024-07-27 17:27:39','2024-07-06 21:40:42',2,32),('15fb3deb-7f64-4de8-a434-1f20233b9cf0','30ff6fa7-035f-42e4-aa13-55c1c94ded1e','LÊ YÊN THANH','Từng có cơ hội làm việc cho Google nhưng Lê Yên Thanh từ chối để ở lại Việt Nam đầu quân cho một số startup, sau đó khởi nghiệp với BusMap.','<h4><strong><em>Từng có cơ hội làm việc cho Google nhưng Lê Yên Thanh từ chối để ở lại Việt Nam đầu quân cho một số startup, sau đó khởi nghiệp với BusMap. CEO sinh năm 1994 là một trong 6 đại diện của Việt Nam vừa được vinh danh trong Forbes 30 under 30 châu Á năm 2022.</em></strong></h4><h4>Sở hữu bảng thành tích “khủng”, được truyền thông ưu ái gọi là “chàng trai vàng tin học” của Việt Nam nhưng Lê Yên Thanh thú nhận “vì tham gia quá nhiều cuộc thi nên tôi cũng không nhớ chính xác mình đã đạt tất cả bao nhiêu giải thưởng”.</h4><h4>Bắt đầu làm quen và yêu thích tin học từ những năm cấp 2, chàng trai quê An Giang này từng đoạt giải nhất kỳ thi học sinh giỏi tin học quốc gia và được tuyển thẳng vào đại học. Năm 2015, anh giành giải nhì cuộc thi Nhân tài Đất Việt. Cùng năm đó, Lê Yên Thanh được vinh danh là Gương mặt trẻ tiêu biểu của Việt Nam khi mới 21 tuổi.</h4><h4>Với vai trò là nhà sáng lập và CEO Phenikaa Mass – công ty cung cấp các giải pháp công nghệ giao thông, Lê Yên Thanh vừa lọt Top 30 under 30 châu Á của tạp chí&nbsp;<em>Forbes</em>. Startup của Thanh trước đây mang tên BusMap nhưng đã đổi thành Phenikaa Mass sau khi nhận đầu tư 1,5 triệu USD từ Phenikaa, tập đoàn do doanh nhân Hồ Xuân Năng sáng lập.</h4><h4><strong>“Tôi mơ làm tiến sĩ để tạo ra nhiều sản phẩm tốt”</strong></h4><h4><strong><em>– Thời sinh viên khi đạt rất nhiều giải thưởng về tin học, anh từng chia sẻ với truyền thông rằng mơ ước của mình là trở thành tiến sĩ ở tuổi 25. Giấc mơ đó giờ đây đã thay đổi?</em></strong></h4><h4>– Thực tế nó chỉ thay đổi về cách thực hiện còn mục tiêu của tôi vẫn vậy. Ngày xưa tôi mong thành tiến sĩ vì tôi nghĩ rằng khi trở thành tiến sĩ sẽ có chuyên môn tốt hơn. Từ đó tôi có thể nghiên cứu và tạo ra nhiều sản phẩm tốt, giúp giải quyết các vấn đề trong cuộc sống.</h4><h4>Hiện nay, mục tiêu của tôi vẫn là mang đến các giải pháp giúp cuộc sống của con người tốt đẹp hơn, chỉ có điều tôi không theo con đường học thuật mà tiếp cận bằng cách tạo ra các sản phẩm thông qua startup của mình.</h4><h4><strong><em>– Học đại học tại Việt Nam, cơ hội sang Mỹ thực tập ở “gã khổng lồ” công nghệ Google đến với anh như thế nào?</em></strong></h4><h4>– Công nghệ thông tin là ngành đặc biệt vì mình có thể làm việc ở bất kỳ đâu, miễn là có thể khẳng định được năng lực. Mọi quy trình đều diễn ra online.</h4><h4><img src=\"https://storage.googleapis.com/hcmus-alumverse-dev/images/hof/15fb3deb-7f64-4de8-a434-1f20233b9cf0/0\"></h4><h4 class=\"ql-align-center\"><em>Lê Yên Thanh từng mơ ước trở thành tiến sĩ</em></h4><h4>Khi là sinh viên năm thứ hai tôi đã đi thực tập ở Misfit, đến năm thứ ba tôi thực tập tại VNG. Thật ra vào năm thứ ba, tôi đã được “offer” làm thực tập sinh ở Google nhưng do họ chỉ có chương trình kéo dài 6 tháng nên tôi quyết định không đi. Sang đến năm thứ tư, sau khi hoàn thành hết các kỳ thi và lo xong đề án tốt nghiệp, tôi mới quyết định sang Mỹ.</h4><h4><strong><em>– Sau thời gian thực tập, anh nhận được “offer” làm việc tại Google Singapore, tại sao anh lại từ chối?</em></strong></h4><h4>– Lúc đó tôi suy nghĩ xem mình nên chọn con đường nào. Với profile của mình, tôi cũng có thể làm việc tại các công ty lớn khác hoặc xin học bổng đi du học. Tuy nhiên, tôi lại nhận thấy đam mê là làm các sản phẩm công nghệ giúp ích cho đời sống.</h4><h4>Tôi nghĩ rằng nếu khởi nghiệp ở Việt Nam thì sẽ học được các kỹ năng để làm sản phẩm tốt hơn. Còn khi đi làm ở các công ty lớn thường mình sẽ làm sản phẩm của người khác và có thể không học được nhiều thứ như những vấn đề Việt Nam đang gặp phải. Vì vậy, tôi quyết định không khởi nghiệp ngay mà đi làm cho các startup trước để học hỏi cách một công ty bắt đầu ra sao.</h4><h4>Sau khi thực tập ở Google, trong 3 năm 2017-2019, mỗi năm tôi tham gia một startup để học hỏi kinh nghiệm ở các vị trí khác nhau, từ một lập trình viên đến Tech Lead, Trưởng phòng kỹ thuật rồi đến CTO. Sau khi có được những kỹ năng cần thiết, tôi mới quyết định tự khởi nghiệp.</h4><h4><strong>Từng định đóng cửa công ty và những “drama” khi làm startup</strong></h4><h4><strong><em>– BusMap đã ra đời như thế nào?</em></strong></h4><h4>– Tôi thành lập công ty vào tháng 9/2019. Thực tế, BusMap là sản phẩm tôi làm từ thời sinh viên, nó cũng là sản phẩm giúp tôi có nhiều giải thưởng ở các cuộc thi. Thường thời sinh viên khi làm xong cái gì đó thì các bạn sẽ dừng lại khi đi làm. Còn tôi thì dù ra trường, đi làm ở các công ty khác tôi vẫn bỏ thời gian và tiền bạc duy trì nó.</h4><h4>Từ lúc đi học tôi đã đi xe bus, thời đó chưa có bản đồ công nghệ về xe bus, Google Map còn khá mới và chưa đầy đủ thông tin. Lúc đó tôi nghĩ mình có thể làm một ứng dụng trên di động để mọi người có thể tra cứu lộ trình xe bus hoặc tìm đường đi, giá xe, những điều cần chú ý…</h4><h4>Hiện tại ứng dụng có hơn 2 triệu lượt tải ở Việt Nam, hoạt động tại 4 tỉnh thành phố lớn là TP HCM, Hà Nội, Đà Nẵng và Bình Dương. BusMap cũng đã được triển khai thử nghiệm tại thành phố Bangkok và Chiangmai ở Thái Lan.</h4><h4 class=\"ql-align-center\"><img src=\"https://storage.googleapis.com/hcmus-alumverse-dev/images/hof/15fb3deb-7f64-4de8-a434-1f20233b9cf0/1\"></h4><h4 class=\"ql-align-center\"><em>CEO sinh năm 1994 vừa lọt Top 30 under 30 châu Á năm 2022</em></h4><h4><strong><em>– Bỏ rất nhiều thời gian và tiền bạc cho BusMap, nhưng đến nay đó vẫn là một ứng dụng miễn phí?</em></strong></h4><h4>– BusMap hiện là một trong những sản phẩm cốt lõi của công ty, công nghệ của nó có thể áp dụng cho các ứng dụng khác. Sau vòng gọi vốn năm 2020, chúng tôi cũng phát triển rất nhiều sản phẩm mới.</h4><h4>Với BusMap, chúng tôi chưa đặt mục tiêu có doanh thu, vì nhiều người đi xe bus không có thu nhập cao. Chúng tôi xây dựng sản phẩm chủ yếu để chứng minh năng lực của công ty, từ đó với những khách hàng khác sẽ thu tiền dựa trên các đối tượng quản lý. Ví dụ như công ty của tôi xây dựng hệ thống quản lý cho Vinbus và họ trả tiền cho sản phẩm này.</h4><h4><strong><em>– Cụ thể thì Phenikaa Mass hiện có những sản phẩm nào?</em></strong></h4><h4>– Hiện tại chúng tôi có 3 dòng sản phẩm chính. Thứ nhất là sản phẩm quản lý hệ thống xe, phát triển từ hệ thống quản lý của BusMap lên. Đối tượng khách hàng là các ban ngành để họ triển khai các biện pháp giao thông công cộng. Giải pháp đó có thể giúp từng tỉnh thành số hóa nhanh chóng các số liệu giao thông và cung cấp ứng dụng cho người dân. Ngoài ra với các doanh nghiệp như Vinbus cũng có thể sử dụng sản phẩm này. Chúng tôi cũng đang phát triển giải pháp cho các doanh nghiệp như đưa đón học sinh hay cán bộ công nhân viên.</h4><h4>Dòng sản phẩm thứ hai là ứng dụng kết hợp các giải pháp chấm công bằng khuôn mặt, QR code thay cho cách truyền thống.</h4><h4>Ngoài ra có một sản phẩm về AI được chúng tôi phát triển năm ngoái. Đây là giải pháp quản lý hệ thống bằng AI, dùng camera để nhận dạng, xem xe có chạy đúng tốc độ không… Trong thời gian diễn ra Covid-19, Phenikaa Mass đã phát triển sản phẩm AI ứng dụng cho các cảng, giúp họ quản lý cointainer ra vào. Trước đó thường mất 5-10 phút cho một cointainer, dẫn đến tình trạng kẹt xe vào giờ cao điểm. Nhưng với giải pháp này, thời gian giảm xuống chỉ còn 15-30 giây cho mỗi xe. Đó cũng đúng là những điều mà trước đây tôi mong muốn làm – tìm ra giải pháp giải quyết các vấn đề của con người.</h4><h4><strong><em>– Anh từng chia sẻ rằng cuộc đời mình đã gặp rất nhiều “drama” từ khi bước chân vào thế giới startup. Những “drama” đó là gì?</em></strong></h4><h4>– Nói chính xác thì đó là những bài học để mình phát triển hơn. 3 năm làm việc tại 3 startup, có công ty sau đó tiếp tục phát triển, có công ty không. Tuy nhiên, với riêng cá nhân, tôi thấy cả 3 lần đó tôi đều thất bại với mục tiêu mà mình đặt ra. Dù vậy, những bài học đó giúp tôi hoàn thiện bản thân và có thể tiến nhanh hơn đến vai trò CEO như hiện tại.</h4><h4 class=\"ql-align-center\"><img src=\"https://storage.googleapis.com/hcmus-alumverse-dev/images/hof/15fb3deb-7f64-4de8-a434-1f20233b9cf0/2\"></h4><h4 class=\"ql-align-center\"><em>Lê Yên Thanh từng nghĩ đến việc dừng hoạt động BusMap vì thiếu vốn</em></h4><h4>Mỗi startup cho tôi những bài học riêng. Startup đầu tiên liên quan đến vấn đề nhân sự, thứ hai là làm sản phẩm và thứ 3 liên quan đến tài chính. Đó cũng thường là các vấn đề khiến các startup thất bại. Mỗi năm tôi đã gặp một vấn đề khác nhau và may mắn là thất bại thì thất bại rất nhanh. Đến khi bắt đầu công ty riêng, tôi đã rút ra được khá nhiều kinh nghiệm.</h4><h4><strong><em>– Trong quá trình khởi nghiệp, có khi nào công ty của anh rơi vào cảnh hết tiền và phải dừng hoạt động?</em></strong></h4><h4>– Khi bắt đầu khởi nghiệp, công ty cũng rất khó khăn. Trước khi startup, để duy trì BusMap tôi cần 10-20 triệu đồng/tháng để duy trì máy chủ trong khi sản phẩm là hoàn toàn miễn phí. Trong thời gian đó, tôi đi làm ở các startup khác, lương cũng không quá cao mà vẫn phải duy trì sản phẩm nên tôi thấy khá vất vả.</h4><h4>Lúc đó, dù người dùng mới chỉ 100.000 – 200.000 nhưng động lực để tôi tiếp tục là mỗi ngày đều có những ý kiến đóng góp và cám ơn. Điều tự hào nhất của tôi là giúp được những người đi xe bus, nhiều người trong số họ là sinh viên có hoàn cảnh khó khăn. Có những bạn sinh viên sau khi ra trường và đã đóng góp được cho xã hội lại quay lại cám ơn BusMap, vì vậy tôi vẫn muốn duy trì.</h4><h4>Cũng có những tháng tiền lương của tôi không đủ cho các khoản chi tiêu và duy trì BusMap, nhưng rất may thời thực tập ở Google tôi có một khoản tích lũy. Đến năm 2019, lượng người dùng tăng lên 500.000, mỗi tháng tốn 30-40 triệu tiền máy chủ, tôi không lo đủ nữa nên tính đến chuyện startup.</h4><h4>Ý tưởng khởi nghiệp rất nhiều, tôi có thể làm về Blockchain hay những sản phẩm tài chính thì cơ hội gọi vốn tốt hơn. Tuy nhiên, nếu như vậy tôi không thể duy trì BusMap vì không đủ kinh phí. Cuối cùng tôi quyết định chọn luôn BusMap là sản phẩm để startup. Có nhiều người dùng là một xuất phát điểm tốt. Tuy nhiên tôi cũng hiểu rằng khởi nghiệp với BusMap sẽ rất khó bởi khi gặp nhà đầu tư và nói rằng người dùng của mình là những người đi xe bus, họ sẽ không mặn mà chuyện rót vốn.</h4><h4>Khi làm sản phẩm, tôi cũng phải tuyển một vài người bạn về làm và phải trả lương cho họ. Không có tiền, tôi phải dùng đến quỹ tiết kiệm thời đi làm ở Google và thật sự cũng khá stress. Lúc đó, tôi dự định đến tháng 6/2020, nếu không gọi được vốn có thể sẽ từ bỏ BusMap để bắt đầu một startup mới.</h4><h4>Sau này, khi tham gia các cuộc thi, tôi gặp được nhiều nhà đầu tư khác nhau. Họ góp ý cho tôi cách xây dựng mô hình kinh doanh và kiếm tiền từ công nghệ của BusMap. Tập đoàn Phenikaa và một số quỹ khác ngỏ ý muốn đầu tư. Cuối cùng đến tháng 3/2020, chúng tôi quyết định nhận vốn đầu tư từ Phenikaa.</h4><h4><strong>Muốn đưa Phenikaa Mass thành kỳ lân hoặc cận kỳ lân</strong></h4><h4><strong><em>– Hơn 5 năm bước chân vào thế giới startup trong đó có gần 3 năm tự khởi nghiệp, có khi nào anh thấy hối tiếc?</em></strong></h4><h4>– Tôi không thấy hối tiếc vì khi nhìn lại thì thấy mình đã học được rất nhiều thứ. Ngày xưa tôi không thể nào nói chuyện một cách lưu loát hay phát biểu trước đám đông, trả lời truyền thông. Các bạn học cùng lớp tôi nhiều người đã thành tiến sĩ, nhiều người ra nước ngoài làm việc… Còn tôi thấy mình rất vui khi có một đội ngũ nhân sự tin tưởng mình, có những sản phẩm tác động tích cực đến xã hội và được người dùng quan tâm.</h4><h4>Nếu có điều gì hối tiếc thì đó là những năm đại học, tôi chưa xác định sẽ theo con đường khởi nghiệp nên không học các kỹ năng liên quan. Mãi đến khi startup mới bắt tay vào vừa học vừa làm, do đó mình tốn nhiều thời gian và áp lực hơn trong quá trình khởi nghiệp.</h4><h4>Sau khi gọi vốn xong thì quá trình phát triển đòi hỏi thêm nhiều kỹ năng nữa. Trước làm CTO, tôi chỉ lo về kỹ thuật và quản lý, giờ phải học thêm nhiều về quản trị nhân sự, kế toán, tài chính, luật…. Những vấn đề đó nhiều khi còn khó hơn cả làm về công nghệ.</h4><h4 class=\"ql-align-center\"><img src=\"https://storage.googleapis.com/hcmus-alumverse-dev/images/hof/15fb3deb-7f64-4de8-a434-1f20233b9cf0/3\"></h4><h4 class=\"ql-align-center\"><em>CEO Phenikaa Mass muốn đưa công ty đến gần định giá tỷ USD</em></h4><h4><strong><em>– Blockchain là từ khóa rất “hot” hiện nay. Một startup game Blockchain Việt cũng vừa trở thành kỳ lân. Anh từng được biết đến với việc tạo ra một ứng dụng chống gian lận thi cử sử dụng công nghệ này. Vậy tại sao khi khởi nghiệp anh không lựa chọn Blockchain?</em></strong></h4><h4>– Blockchain cũng là một trong những điều tôi nghiên cứu từ khi còn làm việc cho các startup khác. Đó là một trong những lĩnh vực tiềm năng nhưng cũng còn khá mới. Từ lúc khái niệm AI ra đời đến nay đã 70-80 năm, còn Blockchain mới chỉ khoảng 20 năm. Việc ứng dụng Blockchain còn hạn chế, đó là lý do tôi nghiêng về AI để giải quyết các bài toán thực tế nhiều hơn.</h4><h4>Trong tương lai, nếu có cơ hội tôi sẽ làm về Blockchain với một startup khác. Còn hiện tại, tôi muốn Phenikaa Mass tập trung vào giải quyết các bài toán về giao thông, sức khỏe.</h4><h4><strong><em>– Mục tiêu ngắn hạn và dài hạn của anh với Phenikaa Mass?</em></strong></h4><h4>– Giai đoạn Covid-19 diễn biến phức tạp đã qua nên mục tiêu ngắn hạn của chúng tôi là phát triển công ty càng nhanh càng tốt, chứng minh được tiềm năng của mình và tăng doanh thu.</h4><h4>Về dài hạn, Phenikaa Mass muốn phát triển lên tầm cao hơn nữa. Hiện công ty mới chỉ có 40 nhân sự, để có thể lên đến 500 hay 1.000 người chắc chắn sẽ còn rất nhiều vấn đề. Mục tiêu trở thành kỳ lân có thể rất khó và xa nhưng chúng tôi vẫn hy vọng có thể đạt đến mức cận kỳ lân. Tôi nghĩ đó là mục tiêu mà rất nhiều founder mong muốn.</h4><h4>Về mục tiêu mở rộng sản phẩm, trước mắt chúng tôi sẽ tập trung ở thị trường Việt Nam, khi đủ tính cạnh tranh mới bắt đầu tiến ra nước ngoài.</h4><h4><strong><em>– Anh từng có một bài viết trên LinkedIn với tựa đề “Tôi – Lê Yên Thanh đã kiếm được 100 triệu USD như thế nào?”. Dù đây chỉ là một trò đùa ngày “Cá tháng tư”, con số 100 triệu USD có phải là mục tiêu về tài chính mà anh đặt ra?</em></strong></h4><h4>– Tôi không đưa ra một con số cụ thể nhưng mục tiêu của tôi là không phải lo về vấn đề tài chính, từ đó có thể giúp được gia đình và người thân cũng như tập trung hơn cho những đam mê của mình. Khi không phải lo về tài chính nữa, đầu óc sẽ thoải mái hơn để đưa ra nhiều sản phẩm sáng tạo, phát triển những sản phẩm tốt hơn.</h4><p><span style=\"color: rgb(19, 22, 24);\">(bài viết trích từ https://kenh14.vn/chang-trai-vang-tin-hoc-le-yen-thanh-giac-mo-lam-tien-si-o-tuoi-25-tu-choi-google-den-top-30-under-30-chau-a-20220604205911614.chn)</span></p>','https://storage.googleapis.com/hcmus-alumverse-dev/images/hof/15fb3deb-7f64-4de8-a434-1f20233b9cf0/thumbnail','CEO sinh năm 1994 là một trong 6 đại diện của Việt Nam vừa được vinh danh trong Forbes 30 under 30 châu Á năm 2022.','c67d2ae1-6a5d-447a-91fb-b47400a41ebf',1,2012,'2024-07-06 20:47:59','2024-07-27 17:48:58','2024-07-06 20:47:59',2,24),('1a54d09a-1e6f-4acd-a7c1-5a4efad04ea9','30ff6fa7-035f-42e4-aa13-55c1c94ded1e','NGUYỄN THỊ THANH MAI','GS.TS. Nguyễn Thị Thanh Mai được biết đến như một nhà giáo, nhà khoa học say mê nghiên cứu, dấn thân tìm kiếm những điều mới mẻ và có nhiều sáng tạo','<p><strong><em>Là một trong hai nhà khoa học nữ xuất sắc nhận Giải thưởng Kovalevskaia năm 2021, GS.TS. Nguyễn Thị Thanh Mai được biết đến như một nhà giáo, nhà khoa học say mê nghiên cứu, luôn dấn thân tìm kiếm những điều mới mẻ và có nhiều sáng kiến khoa học mang tính đột phá.</em></strong></p><p><strong>Người đưa bộ môn Hóa dược về Đại học Quốc gia TPHCM</strong></p><p>Ngày 16/5/2022, tại Hà Nội, Hội Liên hiệp Phụ nữ Việt Nam tổ chức lễ trao Giải thưởng Kovalevskaia năm 2021 nhân dịp kỷ niệm Ngày Khoa học và Công nghệ Việt Nam. Một trong hai nhà khoa học nữ được trao giải là GS.TS Nguyễn Thị Thanh Mai Phó hiệu trưởng Đại học Khoa học tự nhiên (Đại học Quốc gia TP.HCM), hiệu trưởng trường Phổ Thông năng khiếu TPHCM. Ẩn sau gương mặt cô giáo hiền hậu khả ái, là một nhà khoa học say mê với nghề, cực kì bền bỉ, quyết tâm trên con đường đã chọn.</p><p>GS.TS Nguyễn Thị Thanh Mai từng tốt nghiệp ngành hóa học Đại học Tổng hợp (nay là Đại học Khoa học tự nhiên), sau đó, lấy bằng tiến sĩ chuyên ngành hóa dược tại trường Đại học Y dược Toyama (Nhật Bản), được công nhận Phó Giáo sư năm 2014 và sau đó là Giáo sư vào năm 2021.</p><p>GS.TS Nguyễn Thị Thanh Mai đã chủ trì và hoàn thành 14 đề tài nghiên cứu khoa học các cấp, gồm: 10 đề tài cấp bộ, 4 đề tài cấp tỉnh. Với những thành tích nổi bật, Giáo sư, Tiến sĩ Nguyễn Thị Thanh Mai đã đạt được Giải thưởng Sáng tạo Thành phố Hồ Chí Minh năm 2019.</p><p>Trong 10 năm đầu sau tiến sĩ, cô giáo Nguyễn Thị Thanh Mai chủ yếu tập trung nghiên cứu lĩnh vực phát hiện thuốc từ dược liệu Việt Nam. Gần đây, nữ giáo sư tiếp tục triển khai một số nghiên cứu ứng dụng, hoàn thành 2 sản phẩm hỗ trợ ung thư đường tiêu hóa và viêm khớp từ dược liệu trong nước.</p><p>Với những nghiên cứu này, GS Mai sở hữu hơn 60 bài báo được đăng tải trên các tạp chí khoa học quốc tế uy tín. Với nghiên cứu về các sản phẩm từ loài ong nuôi ở Việt Nam, nhóm nghiên cứu của GS Mai đạt được giải thưởng Quả cầu vàng năm 2017 và Giải thưởng sáng tạo TP.HCM năm 2019.</p><p>Từng tốt nghiệp Hóa học, nhưng phát triển sự nghiệp khoa học theo con đường Hóa dược, GS.TS Nguyễn Thị Thanh Mai chính là một trong những người đặt “viên gạch” đầu tiên cho ngành Hóa dược trong nước.</p><p>Ngày ấy, cô giáo Thanh Mai được cử đi học Tiến sĩ về Hóa ở Nhật Bản. Ở Nhật, thầy giáo của cô lại là một chuyên gia rất giỏi trong lĩnh vực hóa dược. Và trong phòng thí nghiệm nghiên cứu cũng toàn nghiên cứu về hóa dược. Cô giáo Thanh Mai lúc ấy đã cảm thấy tò mò và thích thú với ngành học này nên bắt đầu tìm hiểu, theo đuổi. Trở về Việt Nam, cô Thanh Mai nhận thấy thời điểm này Việt Nam chưa quan tâm lắm về lĩnh vực hóa dược nên muốn phát triển ngành học này trong nước.</p><p>Đó là chuỗi ngày TS Thanh Mai vừa mang thai con nhỏ, vừa hoàn thành sự nghiệp giảng dạy và dấn thân làm khoa học. Cô liên hệ nhờ thầy ở Nhật hỗ trợ, mua sắm trang bị từ từ bằng sự hỗ trợ một phần của trường Đại học Quốc gia. Sau đó cô gầy dựng được một phòng thí nghiệm nhỏ. Cứ hễ có ý tưởng nghiên cứu nào, cô Thanh Mai lại viết kế hoạch thuyết minh gửi đi các nơi xin tài trợ.</p><p>Để rồi, từ con số không, đến nay Khoa Hóa dược của Đại học Quốc gia TPHCM đã có tiếng, nhóm của cô đã trở thành nhóm nghiên cứu mạnh của Đại học Quốc gia về lĩnh vực Hóa dược.</p><p>Mỗi năm, chuyên ngành Hóa dược của Đại học Quốc gia TPHCM có khoảng tầm 30-50 sinh viên đại học, chưa kể thạc sĩ. Cô Thanh Mai đánh giá, trong số đó có không ít người giỏi, nhiều trường hợp du học trở về đã có nhiều thành tựu đối với lĩnh vực Hóa dược trong nước.</p><p>Với GS.TS Nguyễn Thị Thanh Mai, Hóa dược là một ngành học, ngành nghiên cứu tuyệt vời và cần thiết, là lĩnh vực có tiềm năng phát triển cao trong nước. Về thực trạng, tại Việt Nam hiện nay lĩnh vực này vẫn chưa được quan tâm đúng mức, hầu hết các công ty dược nhập khẩu nguyên liệu từ nước ngoài. Trong khi đó, Việt Nam là đất nước nhiệt đới, nguồn dược liệu phong phú, có khả năng phát triển những thuốc mới mà trên thế giới chưa có. Chính vì vậy, hiện Chính phủ có rất nhiều chương trình làm sao để phát triển được nguyên liệu hóa dược ở Việt Nam.</p><p>Trong giảng dạy, GS.TS Nguyễn Thị Thanh Mai cũng luôn đem tình yêu đối với Hóa dược, với khoa học đến sinh viên, học viên của mình. Là một giảng viên, một nhà khoa học, GS.TS Nguyễn Thị Thanh Mai luôn ở một tâm thế cân bằng để duy trì hai vai trò ấy. Với cô, nhiệm vụ của nhà khoa học là đào tạo những thế hệ giỏi kế cận để phục vụ sự nghiệp khoa học, phục vụ đất nước.</p><p>Ngược lại, nhiệm vụ của một giảng viên đại học phải là vừa giảng dạy vừa nghiên cứu khoa học. Phải nghiên cứu thì mới có chất liệu thực tế, tính ứng dụng cao. Không chỉ tận tâm truyền dạy kiến thức, kĩ năng, GS.TS Nguyễn Thị Thanh Mai còn luôn động viên các em đào sâu về khoa học thực nghiệm. Cô cũng thường đem đến những cơ hội du học giúp sinh viên được đào tạo sâu hơn, phát triển năng lực, cống hiến cho khoa học, cho đất nước.</p><p><strong>Thành quả nghiên cứu đến từ chất liệu cuộc sống</strong></p><p>Với các sáng chế khoa học của mình, GS.TS Nguyễn Thị Thanh Mai luôn nhắc đến từ “tình cờ”. Một lần, vì “cạn” ý tưởng, cô đã tổ chức một chuyến công tác nhóm, đi Tây Nguyên tìm nguồn dược liệu mới.</p><p>Tình cờ trong chuyến đi, cô và đồng đội gặp một số người nuôi ong mật và được biết nọc ong có khả năng điều trị viêm khớp. Nghe điều này, ánh mắt cô lấp lánh, lập tức tìm hiểu sâu hơn. Bởi, viêm khớp là bệnh phổ biến và hiện Việt Nam đang nhập rất nhiều thuốc viêm khớp từ nước ngoài.</p><p>Trở về, cô cùng nhóm nghiên cứu tự mày mò tìm cách chế ra bộ lấy nọc ong nhưng hiệu quả không cao, rồi đặt mua lần lượt từ nhiều nước để tìm ra bộ chiết nọc ong hiệu quả nhất. Nhóm đã làm đề tài về tác dụng của nọc ong trong điều trị viêm khớp và xin được tài trợ của Sở Khoa học Công nghệ TP, ra được kết quả nghiên cứu rất giá trị trong thời điểm đó trong định hướng thuốc điều trị viêm khớp. Từ nghiên cứu này, GS.TS Nguyễn Thị Thanh Mai đã nhận được Giải thưởng sáng tạo TP.HCM năm 2019.</p><p>Một nghiên cứu khác nổi tiếng của GS.TS Nguyễn Thị Thanh Mai là ứng dụng trị viêm loét dạ dày từ chiết xuất củ ngải bún, mà với cô, cũng bắt nguồn từ một sự “tình cờ”. Người thầy của GS.TS Nguyễn Thị Thanh Mai ở Nhật Bản chuyên nghiên cứu về ung thư tụy.</p><p>Khi về về Việt Nam, GS.TS Nguyễn Thị Thanh Mai thường tìm những dược liệu của Việt Nam liên quan đến hỗ trợ điều trị ung thư tụy gửi sang Nhật để thầy kiểm tra. Trong quá trình tìm kiếm dược liệu, GS.TS Nguyễn Thị Thanh Mai cùng nhóm đã phát hiện ra củ ngải bún có tác dụng kháng ung thư tụy mạnh. Sau đó nhóm tiếp tục phát hiện ra trong củ ngải bún 12 hợp chất có cấu trúc mới mà trên thế giới chưa có có hoạt tính kháng ung thư tụy.</p><p>GS.TS Nguyễn Thị Thanh Mai nói, dường như trong khoa học luôn có sự dẫn đường cho những người đam mê. Từ việc phát hiện thuốc ung thư tụy từ củ ngải bún, cô tiếp tục phát hiện củ ngải bún có một chất có tác dụng bảo vệ viêm loét dạ dày rất tốt.</p><p>GS.TS Nguyễn Thị Thanh Mai đã phối hợp với Sở Khoa học Công nghệ An Giang nghiên cứu ra một sản phẩm bột nano từ củ ngải bún để hỗ trợ điều trị ung thư đường tiêu hóa trong đó đặc biệt là ung thư tụy. Đồng thời phối hợp với Sở Khoa học công nghệ thành phố tiếp tục nghiên cứu sâu và cho ra đời một sản phẩm là cao chiết từ củ ngải bún chứa hàm lượng hoạt chất cao, đã thử nghiệm trên động vật cho thấy an toàn và có tác dụng điều trị viêm loét dạ dày rất tốt.</p><p>Theo GS.TS Nguyễn Thị Thanh Mai, hai sản phẩm này đều hoàn toàn từ dược liệu trong nước. Nếu phát triển được sản phẩm thì trên thế giới hoàn toàn chưa có mang những hoạt chất từ cây ngải bún thế này.</p><p>Cạnh đó, ngải bún là một loại cây ngắn ngày, nếu phát triển được sản phẩm dược hiệu quả sẽ giúp ích cho nông dân rất nhiều. GS.TS Nguyễn Thị Thanh Mai đánh giá, sản phẩm hỗ trợ viêm loét đường tiêu hóa nếu so sánh với một loại thuốc được đánh giá cao trên thị trường tác dụng sẽ tương đương nhau nhưng sản phẩm từ củ ngải bún có nguồn gốc từ thiên nhiên, có giá thành rẻ hơn, giảm các tác dụng phụ không mong muốn của thuốc.</p><p>Dẫu GS.TS Nguyễn Thị Thanh Mai luôn nói về sự “tình cờ”, nhưng nhìn vào sự nghiệp nghiên cứu khoa học của cô, có thể thấy rằng, “tình cờ” chỉ là một yếu tố rất nhỏ. Nếu không có sự kiên trì, tìm tòi nghiên cứu, không có sự say mê và dấn thân thì làm sao có cơ hội cho “tình cờ” đến.</p><p>GS.TS Nguyễn Thị Thanh Mai có quan điểm làm khoa học rất nghiêm túc: “Để làm một nhà khoa học thì đầu tiên phải ham học hỏi, phải có đam mê, thường xuyên nâng cấp kiến thức của mình, đọc và học nhiều. Phải có một sự nhạy cảm nhất định của một nhà khoa học. Nhà khoa học cũng rất cần đến sự quyết tâm và kiên trì, dám dấn thân vào những điều mới mẻ.</p><p>Đặc biệt hiện nay nghiên cứu khoa học không nên nhìn nhận là một ngành riêng lẻ mà là liên ngành. Như hóa học phải liên kết với y, sinh, môi trường thì mới ra được nghiên cứu sâu sắc, toàn diện. Chính vì vậy người làm khoa học cần có tinh thần hợp tác, biết kết nối, giao lưu thì mới có những công trình giá trị”.</p><p>Giờ đây, sau một số thành tựu nhất định trong nghiên cứu ứng dụng, GS.TS Nguyễn Thị Thanh Mai vẫn tiếp tục miệt mài trong sự nghiệp quản lý, giảng dạy và nghiên cứu khoa học. Cô đang đeo đuổi các các đề tài về đái tháo đường, bệnh alzheimer, dược mỹ phẩm… Cô cũng thường xuyên thực hiện những chuyến đi đến mọi miền đất nước để tìm sự sáng tạo, tìm ra nguồn nguyên liệu mới cho ngành nghiên cứu của mình. Với GS.TS Nguyễn Thị Thanh Mai, nhà khoa học là phải dấn thân, phải tiến lên phía trước, liên tục mở rộng “vùng an toàn” của mình ra để tương tác trực tiếp với đời sống. Trải nghiệm và sáng tạo, phát hiện và thành tựu cũng từ đó mà ra đời…</p><p><span style=\"color: rgb(19, 22, 24);\">(Bài viết trích từ: https://moj.gov.vn/phongtruyenthong/Pages/guong-sang-tu-phap.aspx?ItemID=212)</span></p>','https://storage.googleapis.com/hcmus-alumverse-dev/images/hof/1a54d09a-1e6f-4acd-a7c1-5a4efad04ea9/thumbnail','Là một trong hai nhà khoa học nữ xuất sắc nhận Giải thưởng Kovalevskaia năm 2021.',NULL,7,1992,'2024-07-06 20:57:24','2024-07-06 21:19:36','2024-07-06 20:57:24',2,6),('1d88c1e4-9a16-477e-8c42-96f1de2317b3','30ff6fa7-035f-42e4-aa13-55c1c94ded1e','LÊ QUỐC PHONG','Ủy viên Ban Thường vụ, Phó Bí thư Đoàn Trường rồi Bí thư Đoàn Trường Đại học Khoa học tự nhiên','<p><img src=\"https://storage.googleapis.com/hcmus-alumverse-dev/images/hof/1d88c1e4-9a16-477e-8c42-96f1de2317b3/0\"></p><h3>TÓM TẮT QUÁ TRÌNH CÔNG TÁC</h3><p>–&nbsp;11/1999 – 12/2004:&nbsp;Ủy viên Ban Thường vụ, Phó Bí thư Đoàn Trường rồi Bí thư Đoàn Trường, Phó Trưởng Phòng Công tác Chính trị Trường Đại học Khoa học Tự nhiên; Ủy viên Ban Chấp hành Đảng bộ Trường Đại học Khoa học Tự nhiên; Phó Bí thư Ban Cán sự Đoàn Đại học Quốc gia Thành phố Hồ Chí Minh; Ủy viên Ban Chấp hành Thành Đoàn Thành phố Hồ Chí Minh; Ủy viên Ban Chấp hành Hội Sinh viên Việt Nam</p><p>–&nbsp;1/2005 – 11/2012:&nbsp;Ủy viên Ban Thường vụ, Phó Trưởng ban Đại học chuyên nghiệp, Trưởng ban Thanh niên trường học, Phó Bí thư, Bí thư Thành Đoàn Thành phố Hồ Chí Minh; Phó Chủ tịch, Chủ tịch Hội Sinh viên Thành phố Hồ Chí Minh; Ủy viên Trung ương Đoàn; Phó Chủ tịch Hội sinh viên Việt Nam; Ủy viên Ban Chấp hành Đảng bộ Đại học Quốc gia Thành phố Hồ Chí Minh; Ủy viên Ban Chấp hành Đảng bộ Thành phố Hồ Chí Minh; Chủ tịch Hội Liên hiệp Thanh viên Việt Nam Thành phố Hồ Chí Minh</p><p>–&nbsp;12/2012 – 3/2016:&nbsp;Ủy viên Ban Thường vụ Trung ương Đoàn, Bí thư Ban Chấp hành Trung ương Đoàn, Trưởng ban Thanh niên trường học Trung ương Đoàn, Chủ tịch Hội sinh viên Việt Nam; Ủy viên Ban Thường vụ Đảng ủy Trung ương Đoàn; Ủy viên dự khuyết Trung ương Đảng khóa XII (từ 1/2016)</p><p>–&nbsp;4/2016 – 9/2020:&nbsp;Ủy viên dự khuyết Trung ương Đảng khóa XII; Bí thư thứ nhất Trung ương Đoàn; Bí thư Đảng ủy Cơ quan Trung ương Đoàn; Ủy viên Ban Chấp hành Đảng bộ Khối các cơ quan Trung ương; Chủ nhiệm Ủy ban Quốc gia về Thanh niên Việt Nam; Chủ tịch Hội sinh viên Việt Nam; Chủ tịch Hội Liên hiệp Thanh niên Việt Nam; Đại biểu Quốc hội khóa XIVn (từ 7/2016)</p><p>–&nbsp;10/2020 – 1/2021:&nbsp;Ủy viên dự khuyết Trung ương Đảng khóa XII; Bí thư Tỉnh ủy Đồng Tháp; Bí thư Đảng ủy Quân sự tỉnh; Đại biểu Quốc hội khóa XIV</p><p>–&nbsp;1/2021 – 6/2021:&nbsp;Ủy viên Trung ương Đảng khóa XIII; Bí thư Tỉnh ủy Đồng Tháp; Bí thư Đảng ủy Quân sự tỉnh; Trưởng Đoàn Đại biểu Quốc hội tỉnh Đồng Tháp khóa XIV</p><p>–&nbsp;7/2021:&nbsp;Ủy viên Trung ương Đảng khóa XIII; Bí thư Tỉnh ủy Đồng Tháp; Bí thư Đảng ủy Quân sự tỉnh; Đại biểu Quốc hội khóa XV và Trưởng Đoàn ĐBQH tỉnh Đồng Tháp, Tổ trưởng Tổ Đảng.</p>','https://storage.googleapis.com/hcmus-alumverse-dev/images/hof/1d88c1e4-9a16-477e-8c42-96f1de2317b3/thumbnail','Từ tháng 7/2021 đến nay, Lê Quốc Phong là Ủy viên Trung ương Đảng khóa XIII; Bí thư Tỉnh ủy Đồng Tháp, Bí thư Đảng ủy Quân sự tỉnh.',NULL,4,1994,'2024-07-06 21:35:44','2024-07-06 21:35:45','2024-07-06 21:35:44',2,4),('4fd7d181-05c9-424a-93bd-34b00f90306e','30ff6fa7-035f-42e4-aa13-55c1c94ded1e','NGUYỄN THỊ THU SẮC','Là cựu sinh viên ngành Sinh học Truòng Đại học Tổng hợp TP. Hồ Chí Minh.','<p>(Bài viết trích từ https://vasep.com.vn/san-pham-xuat-khau/hai-san-khac/doanh-nghiep/ceo-hai-nam-nguyen-thi-thu-sac-chon-loi-di-rieng-10153.html)</p><p>Bà Nguyễn Thị Thu Sắc chấp nhận đi con đường khó là làm chế biến, đa dạng hóa sản phẩm từ sự phong phú của thủy hải sản Việt Nam.</p><p>“ĐI DỌC VÙNG BIỂN VIỆT NAM ĐÂU ĐÂU TÔI CŨNG THẤY CÓ THỨ ĐỂ LÀM RA TIỀN, CHỈ TIẾC SỨC MÌNH CÓ HẠN,” bà Nguyễn Thị Thu Sắc, người sáng lập công ty TNHH Hải Nam nói với Forbes Việt Nam trong một buổi chiều cận tết Nguyên đán 2020.</p><p>Bà chủ động hỏi: “Cô biết gì về Hải Nam?” Không đợi câu trả lời, bà tự giới thiệu: “Hải Nam là công ty gia đình, chúng tôi tập trung vào những mặt hàng từ biển: con tôm, con cá, con mực, con sò… cứ con gì từ biển thì chúng tôi làm.”</p><p>Trụ sở Hải Nam trên đường Phạm Ngọc Thạch, Q.3, TP.HCM là nơi bà Sắc bắt đầu khởi nghiệp với ngành hải sản vào năm 1982. Từ một căn nhà nhỏ đi thuê rồi sau này được mua lại, tòa nhà hiện nay vừa sử dụng làm văn phòng vừa là nơi trưng bày các sản phẩm chế biến của công ty.</p><p>Khác với nhiều doanh nghiệp thủy sản tư nhân lớn đã bán cổ phần ra công chúng và niêm yết, Hải Nam vẫn duy trì sở hữu gia đình và thay vì xuất khẩu thô, công ty tập trung đa dạng hóa các sản phẩm chế biến tạo ra giá trị gia tăng cao. Hiện tại, Hải Nam vận hành ba nhà máy chế biến, hai nhà máy mới đang được xây dựng, dự kiến đưa vào hoạt động giữa năm 2020, sẽ nâng tổng công suất chế biến của công ty lên 20.000 tấn/năm.</p><p>Hải Nam cũng đã bắt tay với nhiều đối tác đa dạng hóa sản phẩm và xuất khẩu vào các thị trường khó tính: liên doanh Hải Nam Okinawa với đối tác Nhật, chuyên nuôi trồng rong nho; nhà máy liên doanh với Hà Lan chế biến cá; liên doanh công ty chế biến thực phẩm Vĩnh Lộc sau khi mua lại Vilfood, làm sushi, há cảo, xíu mại, chả giò… xuất khẩu.</p><p>Danh mục sản phẩm của Hải Nam đa dạng từ nhóm cao cấp như yến sào, vi cá, rong nho, sò điệp, tôm hùm… cho đến những nguyên liệu đặc sản chế biến địa phương như cá đổng, cá trích, cá chỉ vàng, cá bống, cá mai, cá cơm sấy…</p><p>Năm 2019, thủy sản Việt Nam xuất khẩu đạt kim ngạch 8,54 tỉ USD. Nhóm các công ty đầu ngành như Minh Phú, Vĩnh Hoàn, Nam Việt, Sao Ta… đóng góp hàng trăm triệu đô la Mỹ vào tổng giá trị xuất khẩu. Là công ty chuyên về chế biến hải sản với thâm niên trong ngành xấp xỉ 40 năm, sự đóng góp của Hải Nam khá khiêm tốn.</p><p>Bà Sắc cho biết những năm gần đây doanh thu công ty dao động trong khoảng 1.000-1.200 tỉ đồng, chưa hợp nhất kết quả kinh doanh của các liên doanh. Dù vậy, tỷ suất lợi nhuận sau thuế/doanh thu trung bình của công ty ở quanh mức 15%. Con số này của Hải Nam ngang với Vĩnh Hoàn, cao hơn Minh Phú (2,5%), Thủy sản Cửu Long (10%), Sao Ta (6%)…</p><p>Khác với các doanh nghiệp thủy sản tư nhân lớn tập trung vào một số sản phẩm như cá ngừ, đồ hộp, tôm mực, nhuyễn thể… đông lạnh hay chế biến những sản phẩm có hàm lượng giá trị gia tăng thấp, Hải Nam đa dạng hóa chuỗi sản phẩm đến cả ngàn chủng loại, trong đó phần lớn sử dụng ngay hoặc chỉ cần vài công đoạn đơn giản.</p><p>Bà Thu Sắc cho biết, chuỗi sản phẩm rộng, việc quản lý hàng ngàn mặt hàng là “lắt nhắt và vất vả”, bù lại đối tác có nhiều sự lựa chọn để đặt hàng. Nữ doanh nhân 67 tuổi này thừa nhận: “Quản trị sản xuất là khó, tập trung nhân lực cho từng mặt hàng phải làm tỉ mỉ, kiên trì thì mới làm được.”</p><p><em>Tại nhà máy chế biến hải sản đông lạnh của Hải Nam Seafoods.</em></p><p>Bà Nguyễn Thị Hồng Minh, cựu thứ trưởng bộ Thủy sản nhận xét, cá biển Việt Nam phong phú nhưng khá “tạp”, khó làm do khó đồng nhất về kích cỡ và nguồn nguyên liệu không ổn định, nhưng Hải Nam đã “làm được và rất sáng tạo” trong từng sản phẩm, chi tiết đến từng cái râu mực hay cùi sò điệp.</p><p>Bà Hồng Minh đánh giá Hải Nam thành công nhờ bà Sắc là người “có tâm, thông minh, được học hành bài bản và chịu khó ứng dụng kỹ thuật mới”. Vị lãnh đạo ngành thủy sản tỏ ra ấn tượng khi còn là một doanh nghiệp nhỏ, Hải Nam đã tiên phong hỗ trợ ngư dân phục hồi vùng nguyên liệu sò điệp ở Bình Thuận và hiện nay Hải Nam cùng với Minh Phú là hai công ty thủy sản tư nhân nhưng đầu tư, ứng dụng công nghệ hiện đại phục vụ cho quản lý sản xuất kinh doanh.</p><p>BÀ SẮC KỂ, VỚI HÀNG NGÀN SẢN PHẨM KHÁC NHAU, Hải Nam buộc phải triển khai hệ thống quản trị nguồn lực doanh nghiệp (ERP). Ông Nguyễn Công Tẩn, tổng giám đốc công ty công nghệ Citek – đơn vị triển khai giải pháp ERP của hãng SAP (Đức) cho Hải Nam, dẫn chứng những con số nói lên sự phức tạp của dự án mà công ty gia đình này phải giải quyết: Hơn 30.000 mã thành phẩm, nguyên liệu, bao bì cần chuẩn hóa và chuyển đổi, trung bình một tháng hơn 3.000 đơn hàng bán và hơn 1.500 lệnh sản xuất.</p><p>Nếu như đa số doanh nghiệp thủy sản khởi đầu bằng sản phẩm sơ chế xuất khẩu đông lạnh, thì Hải Nam bắt đầu với chế biến sâu. Chế biến hải sản khá phức tạp do nguyên liệu đầu vào có rất nhiều chủng loại, kích cỡ… số công ty chuyên chế biến thủy sản không nhiều.</p><p>Hải Nam từng thất bại trong triển khai dự án ERP lần đầu vào năm 2007 nên trong lần triển khai này, đội ngũ có phần “hồi hộp”. Sự kiên định của bà Sắc đã giúp họ đạt mục tiêu đưa toàn bộ nghiệp vụ vận hành chính thức theo thời gian thực (real-time) trên toàn bộ các nhà máy và các đơn vị thành viên.</p><p>Năm 2017, sau sáu tháng chuẩn hóa Hải Nam chính thức vận hành thành công hệ thống ERP chuyển đổi sản xuất vào hệ thống mới, “với một khối lượng số liệu khủng khiếp,” theo lời ông Tẩn. Sau khi hoàn thành triển khai lõi ERP với giải pháp của hãng SAP, Hải Nam tiếp tục hoàn thiện ứng dụng IoT vào các thiết bị, dây chuyền ở nhà máy trong thu thập và phân tích dữ liệu kịp thời. “Đây là thách thức rất lớn của ngành chế biến thủy sản,” ông Tẩn cho biết.</p><p>Từng triển khai ERP cho hàng trăm doanh nghiệp, ông Tẩn nhận xét, hiếm có người phụ nữ đam mê công nghệ như bà Sắc. Ông “Hầu hết những chủ đề về công nghệ, dùng công nghệ để tối ưu hoạt động sản xuất kinh doanh bà đều am tường,” ông nói.</p><p>Bà Sắc sinh năm 1953, tại Phan Thiết trong một gia đình có chín anh chị em. Cha là thầy giáo và mẹ ở nhà nội trợ, gia đình đông con nên kinh tế eo hẹp. Ngoài những anh chị lớn đã qua đời, đại gia đình sáu anh em ruột và bốn dâu, rể đều đang cùng làm việc ở Hải Nam. Bà Sắc kể, vì nhà nghèo, “bắt đầu từ số không,” nên “chịu thương chịu khó, kiếm tiền như một bản năng tự nhiên.”</p><p>Khi còn là sinh viên ngành hóa sinh của đại học Khoa học TP.HCM, trên những chuyến xe đò đi – về giữa Phan Thiết và Sài Gòn, bà Sắc thường gặp những phụ nữ mang vi cá đi bán. Thời bao cấp khó khăn khiến cô sinh viên nghèo nghĩ cách kiếm tiền: nhận vi cá đi giao, đến lúc biết việc một chút thì nhận đi bán giùm hưởng huê hồng. Tốt nghiệp đại học, bà chọn ở lại TP. HCM làm chốn lập nghiệp.</p><p>CÁI TÊN HẢI NAM RA ĐỜI NĂM 1982, là một trong những cơ sở tư nhân đầu tiên trong ngành hải sản Việt Nam. “Mình xác định làm sản phẩm từ biển, biển phía Nam thì đặt tên Hải Nam,” bà Sắc kể.</p><p>Giai đoạn đầu khởi nghiệp, các cơ sở tư nhân phải xuất khẩu thủy hải sản, nông sản thông qua các doanh nghiệp nhà nước như Seaprodex, Agrimexco… và Hải Nam không ngoại lệ. Hải Nam nổi tiếng trước tiên ở mặt hàng vi cá, được thị trường biết đến rộng rãi, theo bà Sắc “đơn giản vì lúc đó còn trẻ, chưa định hình được sản phẩm cũng như thị trường, biết gì thì làm đó.”</p><p>Mặt hàng thứ hai là yến sào, hiện vẫn là ngành hàng quan trọng của Hải Nam. Bà Sắc đấu thầu yến tổ Cù Lao Chàm, Hội An – nơi nguồn yến được đánh giá ngon và tốt hàng đầu thế giới. Sau này công ty đầu tư thêm các trại nuôi ở Cần Giờ để gia tăng sản lượng.</p><p>Năm 1992, luật Doanh nghiệp ban hành, công ty Thương mại – Sản xuất Hải Nam ra đời. Nhà máy chế biến hải sản đông lạnh đầu tiên đặt tại Phan Thiết đi vào hoạt động năm 1993. Một năm sau, nhà máy chế biến hải sản khô đi vào hoạt động. Tính từ đó đến nay, trung bình 1 – 2 năm Hải Nam mở một nhà xưởng hoặc phát triển một dự án mới. “Làm tới đâu mở tới đó, sản xuất thì phải mở kho lạnh, bến bãi tiến tới phòng lab, rồi phòng R&amp;D, cứ vừa học vừa làm, phát sinh tới đâu xoay xở tới đó,” bà nói.</p><p>Năm 1995 Hải Nam lần đầu được cấp chứng nhận xuất khẩu vào thị trường EU và đến nay họ có đầy đủ các chứng nhận chất lượng để vào các thị trường khó tính nhất của thế giới như Nhật, Mỹ, EU. “Giờ thì nhân viên đã lành nghề, cứ thế triển khai quy chuẩn khi các nhà máy mới mở ra,” bà Sắc nói và cho biết may mắn được học ngành hóa sinh nên việc tiếp cận ngành hải sản khá thuận lợi, về sau bà học học thêm những chứng chỉ động vật học và nghiên cứu hải sản. Nhưng bà tự bạch thứ tiên quyết vẫn là niềm đam mê, khiến bà đặt tâm huyết nghiên cứu, thích rồi làm say sưa.</p><p>Bên cạnh cương vị phó chủ tịch hiệp hội Chế biến và Xuất khẩu thủy sản Việt Nam (VASEP) nhiệm kỳ 4, với uy tín và kinh nghiệm, thi thoảng bà xuất hiện ở các diễn đàn doanh nghiệp thủy sản để chia sẻ về tiêu chuẩn đánh bắt xa bờ, kinh nghiệm làm IUU hoặc về kinh nghiệm triển khai ERP với các doanh nghiệp trong ngành. “Tôi có thể bỏ cả ngày để chia sẻ những giá trị mình làm được, doanh nghiệp khác làm được thì cả ngành tốt lên, xã hội tốt lên,” bà nói.</p><p>Khác biệt với các công ty thủy sản tư nhân tên tuổi như Minh Phú, Vĩnh Hoàn, Nam Việt… lên sàn niêm yết huy động vốn tìm sức bật mới, Hải Nam trung thành với mô hình công ty gia đình cho dù có các liên doanh với nước ngoài. Bà Sắc cho rằng, công ty gia đình cũng có nhiều ưu thế, “may mắn là chúng tôi thuận thảo, anh em hỗ trợ nhau và mấy chục năm qua đã khẳng định được điều đó.”</p><p>Dù vậy, bà cũng thừa nhận công ty gia đình dễ co cụm, nếu không thúc đẩy nhân tố mới sẽ thiếu sáng kiến mới. Bà cũng cho biết công ty từng bước chuyển sang hình thức cổ phần để những người đồng hành lâu năm chia sẻ quyền lợi, ghi nhận những nhân tố làm cho công ty thành công bằng những đóng góp thực tế của họ.</p><p><em>Nuôi trồng rong nho theo công nghệ Nhật Bản.</em></p><p>Ở Hải Nam có những gia đình vợ chồng, con cái đều làm cùng công ty, có người gắn bó kể từ năm 1982, buộc bà Sắc phải suy nghĩ về chia sẻ lợi ích với các cộng sự. “Sẽ đến lúc không còn mục tiêu là tiền, là lợi nhuận nữa vì mình đâu có thiếu tiền, làm sao để nhân viên chung quanh có đời sống tốt hơn. Điều đó phải từ tâm huyết, xuất phát từ tấm lòng chứ không thể xa xôi lý thuyết,” bà Sắc nói.</p><p>Khoảng năm năm gần đây Hải Nam đẩy mạnh tiêu thụ ở thị trường nội địa, thị trường hiện đóng góp trên dưới 10% doanh thu. Nhờ đẩy mạnh tiêu thụ, năm 2019, doanh số nội địa ghi nhận tăng 34% so với năm trước. Bà Sắc đánh giá: “Thị trường nội địa tiềm năng và lớn lắm, dự tính năm nay gia tăng lên được 20% và tăng dần lên ít nhất 40% tổng doanh thu.”</p><p>Bà Sắc cho rằng, sản phẩm Hải Nam tiêu thụ trong nước “còn nhỏ và mới bắt đầu” nhưng đã thuận lợi hơn vì kinh tế Việt Nam phát triển, người tiêu dùng có xu hướng lựa chọn sản phẩm đạt chuẩn chất lượng. Đồng thời, các kênh bán lẻ hiện đại phát triển cũng tạo điều kiện thuận lợi cho sản phẩm chế biến sẵn phân phối tới tay người tiêu dùng.</p><p>“Cách đây 5 – 7 năm vẫn khó vì giá xuất khẩu cao hơn tiêu thụ nội địa, lúc đó thị trường chấp nhận hàng giá rẻ, còn bây giờ người dân có nhu cầu tiêu dùng sản phẩm có chất lượng và giá cả hợp lý nên thuận lợi hơn,” bà nói.</p><p>42 tuổi bà Sắc kết hôn với một bác sĩ người Mỹ gốc Việt là tình nguyện viên của Liên Hiệp Quốc. Hai con trai bà vẫn còn đang đi học. Triển khai hệ thống ERP, theo bà Sắc, cũng là sự chuẩn bị khi thế hệ quản lý ở Hải Nam đã bắt đầu có tuổi trong khi thế hệ kế thừa trong đại gia đình còn khá trẻ. “Xây dựng một nền tảng, còn sau đó muốn công ty lớn mức độ nào dựa trên những nền tảng sẵn có và do thế hệ tiếp theo quyết định, không loại trừ người trong nhà hay người thuê ngoài,” bà Thu Sắc nói.</p>','https://storage.googleapis.com/hcmus-alumverse-dev/images/hof/4fd7d181-05c9-424a-93bd-34b00f90306e/thumbnail','Bà Nguyễn Thị Thu Sắc, Chủ tịch VASEP, Tổng giám đốc Công ty TNHH Hải Nam.',NULL,8,1980,'2024-07-06 21:30:43','2024-07-06 21:30:43','2024-07-06 21:30:43',2,1),('543e656c-448d-4100-8040-5569f4d382f2','30ff6fa7-035f-42e4-aa13-55c1c94ded1e','NGUYỄN MINH NHỰT','Ông là cựu sinh viên ngành Hoá học Trường Đại học Tổng hợp TP. Hồ Chí Minh, khoá tuyển 1994.','<h4><strong><em>Trước một số than phiền gần đây về sự xuống cấp của văn hóa, đạo đức, ông Nguyễn Minh Nhựt – vụ trưởng Vụ Văn hóa – văn nghệ, Ban Tuyên giáo trung ương – nói ông tin rằng ‘những hạt ngọc long lanh vẫn chiếm đa số trong xã hội’.</em></strong></h4><h4>Ông Nguyễn Minh Nhựt – vụ trưởng Vụ Văn hóa – văn nghệ, Ban Tuyên giáo trung ương – khẳng định ngay khi Đảng ta thành lập đã kế thừa truyền thống tốt đẹp của ông cha ta, đặt vai trò của văn hóa, văn nghệ rất quan trọng trong quá trình chỉ đạo và lãnh đạo cách mạng Việt Nam.</h4><h4>Coi văn hóa là nền tảng tinh thần của xã hội, là sức mạnh nội sinh để phát triển đất nước trong tình hình mới, văn hóa vừa là mục tiêu, là động lực để phát triển kinh tế xã hội, ông Nhựt cho biết những quan điểm này tiếp tục được duy trì và phát triển xuyên suốt qua nhiều thời kỳ.</h4><h4>Gần đây Đảng và Nhà nước xác định phát triển văn hóa phải gắn với xây dựng và phát triển con người, văn hóa đi kèm với con người. Con người vừa là động lực, mục tiêu, vừa là hướng đến, là chủ thể của văn hóa.</h4><h4>Ông tin tưởng thời gian tới, việc thực hiện Nghị quyết Đại hội Đảng lần thứ XIII và những nghị quyết khác về văn hóa, văn nghệ sẽ tạo thêm nhiều kết quả, giải quyết thêm nhiều bài toán mà thực tiễn đang đặt ra trong phát triển văn hóa, con người.</h4><h4>Về một số than phiền gần đây về sự xuống cấp của văn hóa, đạo đức, ông Nhựt nói ông tin rằng “những hạt ngọc long lanh vẫn chiếm đa số trong xã hội”, làm sao phải phát huy mặt tích cực, hạn chế tiêu cực để tập trung xây dựng hệ giá trị quốc gia, hệ giá trị văn hóa và chuẩn mực con người Việt Nam gắn với việc giữ gìn và phát huy các giá trị truyền thống của gia đình Việt Nam.</h4>','https://storage.googleapis.com/hcmus-alumverse-dev/images/hof/543e656c-448d-4100-8040-5569f4d382f2/thumbnail','Ông Nguyễn Minh Nhựt từng đảm nhận các chức vụ: Ủy viên Ban Thường vụ Thành đoàn, Trưởng Ban Tư tưởng – Văn hóa Thành đoàn, ...',NULL,7,1994,'2024-07-06 21:13:58','2024-07-06 21:13:58','2024-07-06 21:13:58',2,1),('563a0eb2-6322-4164-bdfa-740b77bf6468','30ff6fa7-035f-42e4-aa13-55c1c94ded1e','VŨ HẢI QUÂN','Ông Vũ Hải Quân tốt nghiệp Đại học và Thạc sĩ ngành Khoa học Máy tính tại trường Đại học Khoa học Tự nhiên, ĐHQG-HCM (khoá tuyển 1996).','<p>PGS.TS. Vũ Hải Quân, hiện là Ủy viên Ban Chấp hành Trung ương Đảng, Bí Thư Đảng ủy, Giám đốc Đại học Quốc gia Thành phố Hồ Chí Minh. Ông cũng là người sáng lập Phòng Thí nghiệm Trí tuệ Nhân tạo, thuộc Trường Đại học Khoa học Tự nhiên, ĐHQG-HCM. Ông Vũ Hải Quân tốt nghiệp Đại học và Thạc sĩ ngành Khoa học Máy tính tại trường Đại học Khoa học Tự nhiên, ĐHQG-HCM (khoá tuyển 1996). Ông lấy bằng Tiến sĩ ngành Khoa học Máy tính tại Đại học Tổng hợp Trento, Ý. Sau đó, ông tiếp tục nghiên cứu sau Tiến sĩ tại Đại học Tổng hợp Leuven, Bỉ.</p><p>Trở về nước năm 2007, ông Quân lần lượt giữ nhiều chức vụ như: giám đốc Trung tâm Đào tạo quốc tế ITEC và trưởng phòng thí nghiệm trí tuệ nhân tạo AILab, phó hiệu trưởng Trường ĐH Khoa học tự nhiên (ĐH Quốc gia TP.HCM).</p>','https://storage.googleapis.com/hcmus-alumverse-dev/images/hof/563a0eb2-6322-4164-bdfa-740b77bf6468/thumbnail','PGS.TS. Vũ Hải Quân, hiện là Ủy viên Ban Chấp hành Trung ương Đảng, Bí Thư Đảng ủy, Giám đốc Đại học Quốc gia Thành phố Hồ Chí Minh.',NULL,1,1996,'2024-07-06 21:25:55','2024-07-06 21:25:55','2024-07-06 21:25:55',2,0),('5ba4a2df-efd0-4129-9b1c-d1bd2d31dfe1','30ff6fa7-035f-42e4-aa13-55c1c94ded1e','HỨA PHÚ DOÃN','Ông Hứa Phú Doãn là cựu sinh viên ngành Vật lý - Trường Đại học Tổng hợp TP. Hồ Chí Minh, khoá tuyển năm 1979.','<p>Hứa Phú Doãn tham gia tư vấn lập dự án, viết dự án, lập cấu hình thông số kỹ thuật phần công nghệ, kỹ thuật, lắp đặt, đào tạo,&nbsp;giám sát lắp đặt thiết bị y tế từ năm 2010 đến nay</p><p><br></p><p>Các t<strong>ổ chức nghề nghiệp đã tham gia</strong>:</p><ul><li>Phó Chủ Tich TT Hội Thiết Bị Y tế TP HCM</li><li>Phó Chủ Tịch Hiệp Hội Tái Chế CT Việt Nam</li><li>Phó chủ tịch Hội Doanh Nghiệp Quận 8</li><li>Phó chủ tịch Hội Doanh Nhân Quảng Nam-Phía nam</li><li>Chủ Tịch CLB Doanh Nghiệp ĐH Nguyễn Tất Thành</li><li>P.Giám Đốc Trung Tâm Nghiên Cứu và Tư Vấn Kỹ Thuật Thiết Bị Y tế</li><li>Giảng Viên ĐH Y Dược TP HCM</li><li>Chủ Tịch HĐTV Cty TM &amp; DV Môi trường &amp; Y tế Tân Việt Mỹ</li></ul><p><br></p><p><strong>Năng lực</strong>: Tham gia tư vấn lập dự án , viết dự án, lập cấu hình thông số kỹ thuật phần công nghệ, kỹ thuật, lắp đặt, đào tạo,&nbsp;giám sát lắp đặt thiết bị y tế</p><p><br></p><p>Trình<strong> độ học vấn và bằng cấp chứng chỉ:</strong></p><p>– Cử Nhân Vật Lý – Trường đại học Tổng Hợp TP HCM khoá 1979 – 1983(cấp năm 1987)</p><p>– Thạc sỹ Quản Trị Kinh Doanh MB Đại Học EUROPEAN 2014</p><p>– Chuyên Khoa Sơ Bộ Y Học Hạt Nhân – Trường đại học Y Hà Nội năm 1987</p><p>– Chứng chỉ đào tạo liên tục:</p><ul><li>Tư vấn Kỹ thuật Thiết bị y tế – năm 2017</li><li>Bồi dưỡng nghiệp vụ quản lý dự án 2015</li><li>Bồi dưỡng nghiệp tư vấn vụ đấu thầu, 2010.</li><li>Bồi dưỡng nghiệp vụ giám sát, 2010.</li><li>Bồi dưỡng nghiệp vu định giá, 2012</li><li>Ứng dụng Vi tính trong Quản Lý Điểu Tra Trang Thiết Bị Y tế 1992</li><li>Tập Huấn Bảo Dưỡng Quản Lý và khai thác sử dụng Trang Thiết Bị y tế 1992</li><li>Bồi dưỡng nghiệp vụ thực nghiệm vật lý</li><li>Tập huấn nâng cao năng lưc về kiến thức KH Công nghệ mới và quản lý chất lượng trong lĩnh vực Thiết Bị Y Tế</li><li>Chứng chỉ Phân loại trang thiết bị y tế, 2019</li></ul>','https://storage.googleapis.com/hcmus-alumverse-dev/images/hof/5ba4a2df-efd0-4129-9b1c-d1bd2d31dfe1/thumbnail','Đang là Chủ tịch HĐQT Công ty TNHH TM TV Tân Việt Mỹ, Phó Chủ tịch Hội thiết bị Y tế TP. Hồ Chí Minh.',NULL,2,1979,'2024-07-06 21:28:15','2024-07-06 21:28:15','2024-07-06 21:28:15',2,0),('9654bf47-3f84-4272-90bf-fc4bc4346e4c','30ff6fa7-035f-42e4-aa13-55c1c94ded1e','TRẦN THỊ NHƯ HOA','Năm 2022, đoạt Giải thưởng khoa học công nghệ thanh niên Quả cầu vàng, huy hiệu \"Tuổi trẻ sáng tạo\" của T.Ư Đoàn, giải thưởng Nhà giáo trẻ tiêu biểu','<p>Nhận học bổng nghiên cứu sinh tại Đại học Gachon, Hàn Quốc, sau khi lấy bằng tiến sĩ, Như Hoa ở lại làm việc một thời gian, nhưng sau đó nữ tiến sĩ trẻ quyết định trở về nước, với kỳ vọng có thể đem những hướng nghiên cứu sâu hơn về lĩnh vực công nghệ vật liệu mới về ứng dụng tại Việt Nam. Điểm lại hành trình nghiên cứu khoa học, Tiến sĩ Hoa có 22 bài báo khoa học đã công bố trên tạp chí khoa học quốc tế, trong đó, 13 bài báo thuộc danh mục Q1 (11 bài là tác giả chính); 5 bài báo khoa học đã công bố trên tạp chí khoa học trong nước (4 bài là tác giả chính); 18 bài báo khoa học đã công bố trên hội thảo khoa học quốc gia và quốc tế. Song song đó, Tiến sĩ Hoa chủ trì, đồng chủ trì 4 chương trình, dự án, đề tài nghiên cứu khoa học.</p><p><em>*VOH: Trước tiên, cám ơn Tiến sĩ Như Hoa đã dành thời gian cho VOH. Là một trong 10 giảng viên trẻ đạt Giải thưởng Khoa học Công nghệ Quả Cầu Vàng năm 2022, Hoa có thể chia sẻ về hành trình giảng dạy và nghiên cứu khoa học của mình?</em></p><p><strong>Tiến sĩ Trần Thị Như Hoa:</strong>&nbsp;Với Giải thưởng Khoa học Công nghệ Quả Cầu Vàng, Hoa rất biết ơn ban tổ chức đã có một giải thưởng dành cho các nhà khoa học trẻ trong nước, nhà khoa học trẻ Việt Nam ở nước ngoài có môi trường cho mình phấn đấu trong quá trình nghiên cứu khoa học và giảng dạy. Có được thành quả ngày hôm nay, mình cũng đã trải qua nhiều thử thách khó khăn. Nhớ lại, khi mình đến môi trường học tập mới tại Hàn Quốc (Đại học Gachon, Hàn Quốc), nhiều khó khăn đến với mình, đặc biệt về ngôn ngữ giao tiếp hoàn toàn bằng tiếng Anh. Thứ hai, lĩnh vực mình nghiên cứu cũng mới. Nhờ sự giúp đỡ của thầy cô, gia đình và động lực của bản thân, mình học xong ở Hàn Quốc và trở về Việt Nam làm việc. Với hướng nghiên cứu mới của mình, bên cạnh sự cố gắng của bản thân, mình còn nhận được sự hỗ trợ từ các nguồn kinh phí từ nhà nước, Đại học Quốc gia Thành phố Hồ Chí Minh, Quỹ Nafosted….giúp mình xây dựng hướng nghiên cứu, phát triển và có được thành quả như ngày hôm nay.</p><p><em>*VOH: Được biết, Tiến sĩ Hoa có hơn 20 bài báo khoa học công bố trên các tạp chí quốc tế, bên cạnh đó còn hướng dẫn nhiều đề tài nghiên cứu khoa học cho sinh viên, hướng nghiên cứu chính trong lĩnh vực mới của mình là gì?</em></p><p><strong>Tiến sĩ Trần Thị Như Hoa:</strong>&nbsp;Mình theo đuổi hướng nghiên cứu từ khi học tiến sĩ tại Hàn Quốc – tạm hiểu là nghiên cứu về một vật liệu nano hướng đến ứng dụng trong lĩnh vực y sinh, môi trường, vật liệu có tính chất đặc biệt là độ nhạy cao, cảm biến ở trong các môi trường như môi trường nước, môi trường chứa các yếu tố gây bệnh tiềm ẩn như ung thư dạ dày, hoặc ứng dụng trong môi trường phát hiện chất nhuộm độc hại trong môi trường nước. Mình theo đuổi hướng nghiên cứu này đã nhiều năm, bản thân có nhiều kinh nghiệm hợp tác với các đối tác nước ngoài, trong đó có thầy của mình tại Hàn Quốc, các đối tác khác ở các mảng sinh học, y học ở Úc, Nhật Bản</p><p><em>&nbsp;*VOH: Để cân bằng giữa việc nghiên cứu khoa học và giảng dạy, đồng thời đảm bảo đời sống vật chất, tinh thần từ đó cho mình sự toàn tâm toàn ý với đam mê nghiên cứu, bạn làm thế nào?</em></p><p><strong>Tiến sĩ Trần Thị Như Hoa:</strong>&nbsp;Bản thân Hoa khi về Việt Nam đã xác định, mình phải làm song song và làm tốt cả việc giảng dạy và nghiên cứu. Thứ nhất, mình phải hoàn thành nhiệm vụ người giảng viên, đó là truyền đạt kiến thức cho sinh viên, từ đó sinh viên cũng có cái nhìn mới về mảng nghiên cứu, về ngành của mình, đó là ra trường có thể đi làm tại công ty hoặc đi học tiếp ở nước ngoài. Những nghiên cứu trong mảng của mình, cụ thể là với nghiên cứu của bản thân Hoa, cũng có thể được ứng dụng tại các bệnh viện, công ty….Do đó, không chỉ là nghiên cứu ở phòng thí nghiệm mà còn có tính ứng dụng cao trong triển khai thực tế, vì vậy mình phải làm song song hai việc giảng dạy và nghiên cứu.</p><p><em>*VOH: Vậy, trong quá trình nghiên cứu khoa học, Tiến sĩ Hoa đã có sự chủ động, nắm bắt và tiếp cận các nguồn quỹ để phát triển các đề tài nghiên cứu khoa học của mình như thế nào, bạn đã truyền động lực đến sinh viên ra sao?</em></p><p><strong>Tiến sĩ Trần Thị Như Hoa:&nbsp;</strong>Ban đầu, khi mới về Việt Nam, sinh viên biết mình rất ít, vì mình là giảng viên trẻ. Bắt đầu đi dạy một, hai môn, dần dần sinh viên biết đến mình, biết đến cô giảng viên với hướng nghiên cứu rất là lạ, mới, đòi hỏi nhiều kiến thức liên ngành không chỉ toán – lý – hoá mà còn liên quan đến sinh. Một số sinh viên lúc đầu cũng e dè, từ ban đầu chỉ có một vài sinh viên theo hướng này, cộng với tâm huyết của cô giáo trẻ, sau đó các em truyền lửa nghiên cứu đến các sinh viên còn lại. Ví dụ, với một số nhóm nghiên cứu, các bạn phải tự trả một phần chi phí nào đó để làm nghiên cứu, nhưng với các đề tài nghiên cứu của Hoa đều được tài trợ toàn bộ trong nghiên cứu, phân tích mẫu…nên các bạn cảm thấy yên tâm làm nghiên cứu. Mình còn giới thiệu cho các bạn một số công ty sau khi các bạn tốt nghiệp ra trường làm việc. Hiện, mình cũng đã giới thiệu cho 2 bạn học chương trình thạc sĩ nước ngoài.</p><p><em>*VOH: Với lĩnh vực Khoa học và Công nghệ Vật liệu mới, theo Tiến sĩ Hoa, tiềm năng ứng dụng của ngành khoa học vật liệu, nhất là vật liệu mới tại Việt Nam như thế nào?</em></p><p><strong>Tiến sĩ Trần Thị Như Hoa:</strong>&nbsp;Lĩnh vực Khoa học và Công nghệ Vật liệu là một trong những lĩnh vực mới được nhà nước quan tâm, có nhiều chương trình dành cho các nhà khoa học, một số đề án lớn như chương trình phát triển Vật lý giai đoạn 2021 – 2025. Ngành khoa học công nghệ vật liệu rất cần thiết cho Việt Nam, theo khảo sát từ các doanh nghiệp thì nhu cầu tuyển dụng nhân lực của ngành này hiện rất cao, hầu hết sinh viên ra trường đều có việc làm. Hiện tại, Khoa Khoa học và Công nghệ Vật liệu của Trường cũng đang đào tạo theo hướng tìm hiểu nhu cầu của doanh nghiệp để đào tạo người học theo hướng doanh nghiệp cần, mời doanh nghiệp về Trường chia sẻ và tuyển dụng sinh viên hàng năm.</p>','https://storage.googleapis.com/hcmus-alumverse-dev/images/hof/9654bf47-3f84-4272-90bf-fc4bc4346e4c/thumbnail','Nhận học bổng nghiên cứu sinh tại Đại học Gachon, Hàn Quốc, sau khi lấy bằng tiến sĩ, Như Hoa ở lại làm việc một thời gian.','8f43f0d3-4a0d-4baa-920f-05ebe13a4787',6,2006,'2024-07-06 21:07:40','2024-07-27 17:52:27','2024-07-06 21:07:40',2,8),('ad18a6b2-cc9e-46ca-a649-0595247fad0e','30ff6fa7-035f-42e4-aa13-55c1c94ded1e','LÂM ĐÌNH THẮNG','Ông là cựu sinh viên ngành Công nghệ thông tin Trường Đại học Khoa học Tự nhiên, khoá tuyển năm 1998','<h4><strong>TÓM TẮT QUÁ TRÌNH CÔNG TÁC</strong></h4><h4>–&nbsp;1999-2004:&nbsp;Phó Bí thư Đoàn trường, Chủ tịch Hội Sinh viên trường Đại học Khoa học tự nhiên Thành phố Hồ Chí Minh. Ông được kết nạp vào Đảng Cộng sản Việt Nam ngày 03 tháng 02 năm 2002</h4><h4>–&nbsp;6/2004 – 5/2010:&nbsp;Chánh Văn phòng Hội Sinh viên Thành phố, Giám đốc Trung tâm Phát triển Khoa học công nghệ Trẻ, Chánh Văn phòng Thành Đoàn</h4><h4>–&nbsp;5/2010 – 12/2011:&nbsp;Học cao học Chương trình Quản trị nguồn nhân lực tại Đại học Kỹ thuật Swinburne – Úc</h4><h4>–&nbsp;1/2012 – 6/2016:&nbsp;Trưởng ban Ban Tuyên giáo Thành Đoàn, Phó Bí thư Thường trực Thành Đoàn, Chủ tịch Hội Sinh viên Thành phố Hồ Chí Minh, Phó Chủ tịch Trung ương Hội Sinh viên Việt Nam</h4><h4>–&nbsp;7/2016 – 4/2020:&nbsp;Đại biểu Quốc hội khóa XIV nhiệm kỳ 2016-2021, Phó Bí thư Thường trực Quận ủy quận Bình Thạnh</h4><h4>–&nbsp;5/2020- 1/2021:&nbsp;Bí thư Quận ủy Quận 9, Bí thư Đảng ủy Quân sự Quận 9</h4><h4>–&nbsp;10/2020:&nbsp;Ủy viên Ban chấp hành Đảng bộ Thành phố Hồ Chí Minh khóa XI (nhiệm kỳ 2020-2025)</h4><h4>–&nbsp;3/2021 – nay:&nbsp;Giám đốc Sở Thông tin và truyền thông Thành phố Hồ Chí Minh.</h4><p><br></p>','https://storage.googleapis.com/hcmus-alumverse-dev/images/hof/ad18a6b2-cc9e-46ca-a649-0595247fad0e/thumbnail','Ông Lâm Đình Thắng hiện nay là Giám đốc Sở Thông tin và truyền thông Thành phố Hồ Chí Minh.',NULL,1,1998,'2024-07-06 21:15:33','2024-07-06 21:15:33','2024-07-06 21:15:33',2,1),('ad27639e-4e57-4734-9033-95d590c8d8b2','30ff6fa7-035f-42e4-aa13-55c1c94ded1e','HUỲNH THÀNH ĐẠT','Ông là cựu sinh viên ngành Vật lý Trường Đại học Tổng hợp TP. Hồ Chí Minh.','<h4><strong>Tóm tắt tiểu sử:</strong></h4><h4>Từ tháng 1 năm 1987 đến tháng 7 năm 1996: Ông là cán bộ giảng dạy tại Trường Đại học Tổng hợp thành phố Hồ Chí Minh. Ông gia nhập Đảng Cộng sản Việt Nam vào ngày 20 tháng 9 năm 1990.</h4><h4>Từ tháng 7 năm 1996 đến tháng 11 năm 1996: Ông là Phó Trưởng phòng Tổ chức Hành chánh Trường Đại học Khoa học Tự nhiên, Đại học Quốc gia Thành phố Hồ Chí Minh;</h4><h4>Từ tháng 11 năm 1996 đến tháng 8 năm 2001: Ông là Trưởng phòng Tổ chức Hành chính Trường Đại học Khoa học Tự nhiên, Đại học Quốc gia Thành phố Hồ Chí Minh;</h4><h4>Từ tháng 8 năm 2001 đến tháng 5 năm 2004: Ông là Chánh Văn phòng Đại học Quốc gia Thành phố Hồ Chí Minh, Đảng ủy viên cơ quan Văn phòng Đại học Quốc gia thành phố Hồ Chí Minh;</h4><h4>Từ tháng 5 năm 2004 đến tháng 10 năm 2015: Ông là Phó Giám đốc Thường trực Đại học Quốc gia thành phố Hồ Chí Minh, Phó Bí thư Đảng ủy Đại học Quốc gia thành phố Hồ Chí Minh, Bí thư Đảng ủy cơ quan Đại học Quốc gia thành phố Hồ Chí Minh.</h4><h4>Từ tháng 10 năm 2015 đến tháng 10 năm 2016: Ông là Thành ủy viên Thành phố Hồ Chí Minh, Bí thư Đảng ủy, Phó Giám đốc Thường trực Đại học Quốc gia thành phố Hồ Chí Minh.</h4><h4>Ông Huỳnh Thành Đạt được Ủy ban Mặt trận Tổ quốc Việt Nam thành phố Hồ Chí Minh giới thiệu ra ứng cử Đại biểu Quốc hội khóa XIII, đơn vị bầu cử số 4: Quận 5, quận 10, quận 11.</h4><h4>Tại Đại hội Đại biểu toàn quốc Đảng Cộng sản Việt Nam lần thứ XII, ông được bầu làm Ủy viên Ban Chấp hành Trung ương Đảng Cộng sản Việt Nam khoá XII.</h4><h4>Từ tháng 10 năm 2016 đến tháng 1 năm 2017: Ông là Ủy viên Trung ương Đảng khóa XII, Thành ủy viên, Bí thư Đảng ủy, Phó Giám đốc Thường trực Đại học Quốc gia thành phố Hồ Chí Minh.</h4><h4>Ngày 6 tháng 1 năm 2017, Thủ tướng Nguyễn Xuân Phúc đã ký quyết định bổ nhiệm ông Huỳnh Thành Đạt, Ủy viên Trung ương Đảng, Phó Giám đốc Thường trực Đại học Quốc gia TP. HCM giữ chức vụ Giám đốc Đại học Quốc gia TP.HCM.</h4><h4>Ngày 12 tháng 10 năm 2020, Ông Huỳnh Thành Đạt – Bí thư Đảng ủy, Giám đốc Đại học Quốc gia TPHCM đã được Bộ Chính trị quyết định về nhận công tác tại Bộ Khoa học và Công nghệ và để Quốc hội xem xét bầu làm Bộ trưởng Bộ Khoa học và Công nghệ.</h4><h4>Ngày 12 tháng 11 năm 2020, tại kỳ họp thứ 10 của Quốc hội khóa XIV được Quốc hội phê chuẩn, Chủ tịch nước bổ nhiệm giữ chức Bộ trưởng Bộ Khoa học và Công nghệ, nhiệm kỳ 2016-2021.</h4><h4>Ngày 30 tháng 1 năm 2021, tại Đại hội đại biểu toàn quốc lần thứ XIII của Đảng, ông được bầu là Ủy viên Trung ương Đảng khóa XIII, nhiệm kỳ 2021-2026.</h4><h4>Ngày 28 tháng 7 năm 2021, tại kỳ họp thứ nhất của Quốc hội khóa XV được Quốc hội phê chuẩn, Chủ tịch nước bổ nhiệm giữ chức Bộ trưởng Bộ Khoa học và Công nghệ, nhiệm kỳ 2021-2026.</h4>','https://storage.googleapis.com/hcmus-alumverse-dev/images/hof/ad27639e-4e57-4734-9033-95d590c8d8b2/thumbnail','Ông Huỳnh Thành Đạt nguyên là Giám đốc Đại học Quốc gia TP. Hồ Chí Minh, nguyên Trưởng phòng Tổ chức - Hành chính Trường Đại học Khoa học Tự nhiên.',NULL,2,1982,'2024-07-06 21:24:49','2024-07-06 21:24:49','2024-07-06 21:24:49',2,0),('c6dcf264-3f77-4cb1-b89f-73b5c24bc2c5','30ff6fa7-035f-42e4-aa13-55c1c94ded1e','NGUYỄN VĂN ĐƯỢC','Ông là cựu sinh viên ngành Địa chất Trường Đại học Tổng hợp TP. Hồ Chí Minh.','<h4><strong>TÓM TẮT QUÁ TRÌNH CÔNG TÁC</strong></h4><h4>–&nbsp;3/1993:&nbsp;Công tác tại Ban quản lý ruộng đất tỉnh Long An (nay là Sở Tài nguyên và Môi trường tỉnh Long An)</h4><h4>–&nbsp;7/2006:&nbsp;Giám đốc Văn phòng Đăng ký quyền sử dụng đất tỉnh Long An</h4><h4>–&nbsp;2/2007:&nbsp;Trưởng phòng Tài nguyên và Môi trường huyện Thạnh Hóa, tỉnh Long An</h4><h4>–&nbsp;7/2009 – 5/2010:&nbsp;Phó Giám đốc Sở Tài nguyên và Môi trường tỉnh Long An</h4><h4>–&nbsp;5/2010 – 10/2010:&nbsp;Giám đốc Sở Tài nguyên và Môi trường tỉnh Long An</h4><h4>–&nbsp;11/2010 – 3/2013:&nbsp;Tỉnh ủy viên,&nbsp;Giám đốc Sở Tài nguyên và Môi trường tỉnh Long An</h4><h4>–&nbsp;4/2013 – 12/2015:&nbsp;Tỉnh ủy viên, Bí thư Huyện ủy Tân Thạnh, tỉnh Long An</h4><h4>–&nbsp;1/2016 – 6/2016:&nbsp;Ủy viên Ban Thường vụ Tỉnh ủy khóa IX, Phó Chủ tịch UBND tỉnh Long An khóa VIII, nhiệm kỳ 2011-2016</h4><h4>–&nbsp;6/2016 – 4/2019:&nbsp;Ủy viên Ban Thường vụ Tỉnh ủy khóa IX, Phó Chủ tịch UBND tỉnh Long An khóa IX, nhiệm kỳ 2016-2021</h4><h4>–&nbsp;4/2019 – 10/2020:&nbsp;Phó Bí thư Thường trực Tỉnh ủy Long An khóa X, nhiệm kỳ 2015-2020</h4><h4>–&nbsp;14/10/2020:&nbsp;Tại Đại hội đại biểu Đảng bộ tỉnh Long An lần thứ XI, đồng chí được bầu giữ chức Bí thư Tỉnh ủy khóa XI, nhiệm kỳ 2020-2025</h4><h4>–&nbsp;11/11/2020:&nbsp;Bí thư Tỉnh ủy Long An khóa XI, nhiệm kỳ 2020-2025; Chủ tịch HĐND tỉnh Long An nhiệm kỳ 2016-2021</h4><h4>–&nbsp;30/1/2021:&nbsp;Tại Đại hội đại biểu toàn quốc lần thứ XIII của Đảng, đồng chí được bầu là Ủy viên Trung ương Đảng khóa XIII, nhiệm kỳ 2021-2026.</h4><p><br></p>','https://storage.googleapis.com/hcmus-alumverse-dev/images/hof/c6dcf264-3f77-4cb1-b89f-73b5c24bc2c5/thumbnail','Ông Nguyễn Văn Được hiện đang là Ủy viên Trung ương Đảng khóa XIII, Bí thư Tỉnh uỷ Long An.',NULL,3,1990,'2024-07-06 21:23:09','2024-07-06 21:23:09','2024-07-06 21:23:09',2,0),('c8645679-94f0-41f4-a24c-06ea8176ccb3','30ff6fa7-035f-42e4-aa13-55c1c94ded1e','PHAN MINH LIÊM','Năm 1998, Liêm nhận được học bổng của tổ chức Soleil Francophone để sang Pháp học một năm chương trình lớp 10 nhờ thành tích đoạt giải nhì tiếng Pháp','<p><em>Tiến sĩ Phan Minh Liêm (1983) là người Việt Nam đầu tiên được 4 lần vinh danh trên bức tường danh dự của Viện Anderson, viện ung thư hàng đầu của Mỹ.</em></p><p>Phan Minh Liêm quê ở Khánh Hòa. Năm 1998, Liêm nhận được học bổng của tổ chức Soleil Francophone để sang Pháp học một năm chương trình lớp 10 nhờ thành tích đoạt giải nhì môn tiếng Pháp trong kỳ thi học sinh giỏi quốc gia năm lớp 9. Khi học ở Pháp, Liêm bị thu hút bởi các thí nghiệm rất hay của môn sinh học và phát hiện niềm đam mê của mình đối với ngành này.</p><p>Thi đỗ vào ngành công nghệ sinh học (ĐH Khoa học tự nhiên TPHCM) năm 2001, Liêm tham gia các hoạt động phong trào và nghiên cứu khoa học. Với sự cố gắng liên tục và các đóng góp cho cộng đồng, Liêm được Quỹ giáo dục VN (VEF) trao học bổng nghiên cứu sinh tiến sĩ vào năm thứ 3 đại học. Liêm đến Mỹ năm 2005.</p><p>Được nghiên cứu tại trung tâm ung thư hàng đầu thế giới MD Anderson ở Texas, TS Liêm có 15 công trình nghiên cứu xuất bản cùng với các cộng sự trên các tạp chí khoa học quốc tế về công nghệ sinh học và ung thư, như tạp chí của Viện Hàn lâm khoa học quốc gia Mỹ (Proceedings of The National Academy of Sciences), tạp chí của Viện Ung thư quốc gia Mỹ (Journal of National Cancer Institute)…</p><p>TS Liêm vinh dự được bầu làm Chủ tịch Hội Sinh viên sau đại học của ĐH Texas (Viện Anderson). Trong lịch sử 73 năm từ khi viện thành lập, đây là lần đầu tiên và duy nhất một sinh viên quốc tế được bầu vào vị trí chủ tịch. Tiến sĩ Liêm làm rạng danh cộng đồng du học sinh Việt khi trở thành thủ lĩnh dẫn dắt các phong trào của sinh viên xuất sắc nhiều quốc gia trên thế giới hội tụ tại ĐH Texas.</p><p>Nhiều hoạt động lần đầu tiên được “thủ lĩnh” Liêm tổ chức như hiến máu nhân đạo cho bệnh nhân ung thư, đại hội thể thao sinh viên; tham quan các Cty dược tại Houston, các buổi giao lưu với các giáo sư trong trường, hội thi nhiếp ảnh, thương lượng với các Cty thực phẩm để giảm giá cho các bạn sinh viên; bảo vệ quyền lợi và hướng nghiệp cho các học sinh, sinh viên tại Houston, tổ chức tuần lễ tham quan cho các tân sinh viên…Ban lãnh đạo trường đánh giá đây là nhiệm kỳ thành công nhất trong lịch sử của trường khi Liêm làm Chủ tịch.</p><p><strong>Nghiên cứu thành công gene tiêu diệt tế bào ung thư</strong></p><p><img src=\"https://storage.googleapis.com/hcmus-alumverse-dev/images/hof/c8645679-94f0-41f4-a24c-06ea8176ccb3/0\"></p><p>Công trình nghiên cứu gene tiêu diệt tế bào ung thư do Tiến sĩ Phan Minh Liêm cùng 30 nhà khoa học các nước đã thành công vào năm 2014 và đăng ký bản quyền tại Viện Anderso có trụ sở tại Houston, Texas, Mỹ, là trung tâm ung thư số 1 của Mỹ do tạp chí US News xếp hạng trong suốt 12 năm qua.</p><p>Tin vui với những bệnh nhân ung thư trên toàn thế giới khi Dự án nghiên cứu do nhóm TS Liêm và cộng sự thực hiện đã tìm ra một cơ chế mới có khả năng đảo ngược quá trình phát sinh ung thư và tiêu diệt ung thư hiệu quả. Thông thường, trong quá trình phát sinh ung thư, các tế bào khỏe mạnh tích lũy các đột biến và dần trở thành tế bào ung thư, hình thành khối u, di căn và gây tử vong cho bệnh nhân ung thư.</p><p>Công trình nghiên cứu của nhóm TS Liêm phát hiện một gene kháng ung thư quan trọng có khả năng tiêu diệt ung thư hiệu quả cũng như đảo ngược quá trình chuyển hóa năng lượng của khối u. Các kết quả nghiên cứu này sẽ giúp phát triển phương pháp điều trị mới có thể tiêu diệt ung thư hiệu quả, chính xác và giảm khả năng di căn, ức chế sự tăng trưởng của tế bào ung thư thay vì dùng phương pháp điều trị xạ trị hay hóa trị.</p><p>Với những cống hiến vượt bậc, TS Liêm là người Việt đầu tiên được 4 lần vinh danh trên bức tường danh dự của Viện trong thời gian từ 2009 đến 2013. Ngoài ra Viện MD Anderson còn trao cho Liêm một số giải thưởng khác về nghiên cứu xuất sắc và có nhiều đóng góp cho cộng đồng trong khoảng thời gian Liêm công tác tại Viện (2005-2015).</p><p><strong>Khởi nghiệp với công ty giải mã Gen</strong></p><p>Nhận bằng tiến sĩ tại Viện MD Anderson, Liêm được giữ lại làm việc và tiếp tục thực hiện các đề tài nghiên cứu về điều trị ung thư. Trong 10 năm làm tại đây, Liêm cùng các đồng nghiệp đã có 26 công trình nghiên cứu khoa học, chủ yếu về các phương pháp mới điều trị ung thư, trong đó có 3 công trình ứng dụng vào thực tế (dự án nghiên cứu khả năng kiểm soát chuyển hoá năng lượng trong khối u của protein 14-3-3sigma do nhóm của Liêm thực hiện được Quốc Hội và Bộ Quốc Phòng Mỹ trao giải thưởng dưới dạng fellowship trong 3 năm liên tiếp).</p><p>Năm 2015, cùng với bà xã Nguyễn Mai Chi tốt nghiệp ngành dược, Liêm mở công ty khởi nghiệp riêng tại thành phố Houston (bang Texas). Anh cho biết đây là công ty khởi nghiệp đầu tiên trên thế giới ứng dụng công nghệ y sinh học để giải mã gen, nhằm phát hiện sớm các loại bệnh di truyền, đặc biệt là ung thư; cung cấp thông tin về các phương pháp mới phòng ngừa và điều trị ung thư cho bệnh nhân.</p><p>Bệnh nhân ở bất cứ quốc gia nào cũng đều có thể được tư vấn, xét nghiệm máu rồi gửi về cho công ty ở Mỹ nghiên cứu, phân tích để đưa ra các đơn thuốc phù hợp mà không cần đến Mỹ.</p><p>“Ở Việt Nam và ngay cả những vùng sâu của nước Mỹ, hiệu quả điều trị ung thư chưa được như mong muốn, vì vậy đây là dự án có thể tối ưu hóa quá trình điều trị.</p><p><img src=\"https://storage.googleapis.com/hcmus-alumverse-dev/images/hof/c8645679-94f0-41f4-a24c-06ea8176ccb3/1\"></p><p><strong>Luôn hướng về Việt Nam</strong></p><p>Là người hành động, TS Liêm không chờ đến khi học xong mới trở về đóng góp cho sự phát triển quê hương. Năm 2012, TS Liêm góp phần bắc nhịp cầu đưa các giáo sư hàng đầu của Viện MD Anderson giảng dạy khóa học về ung thư cho hơn 100 bác sĩ, nhà khoa học, sinh viên tại Việt Nam.</p><p>Khóa học được tổ chức nhờ sự hỗ trợ của Trường ĐH Khoa học Tự nhiên TPHCM và Quỹ Giáo dục Việt Nam. Năm 2013, khóa học được tổ chức tại 2 thành phố Hà Nội và TPHCM dưới sự tài trợ của Quỹ Giáo dục Việt Nam với gần 300 học viên. Các bài giảng và thực hành của khóa học đã cung cấp nhiều kiến thức và kỹ năng quan trọng cho các bác sĩ, các nhà khoa học tại VN, cũng như mở ra nhiều cơ hội hợp tác và đào tạo.</p><p>Ngoài ra, TS Liêm và cộng sự thành lập tạp chí khoa học Việt Nam trực tuyến (Vietnam Journal of Science,&nbsp;<a href=\"https://l.facebook.com/l.php?u=http%3A%2F%2Fwww.vjsonline.org%2F%3Ffbclid%3DIwAR2Fp2qHMy-xlOLVeI78DC1EToOORcfO2M_yTEbpzlxOS8zPpDaepdyCIkg&amp;h=AT1NYlZG4tmdCpznnFInBu_bOm3ED3FIBmNYuP5GvSOtu_m7BqjtxSyS5NdqsOt4I2yfzQqDLxab56r8XEeEG9vpFyzZgWFqLDDw-jGVy032_P3tLQu0xG0-n5lmjStVcUBdOX5hNyMv8hDGi1csT7d62WesnPYAZGvVJaZZxyRagMw6PIuZGCs8q-NPE5wVZtv5Bm3sx3IbAFkYY0gZBOlgDRC-xvR_77e1NlNOREyy87TVtER7MnpgrmRILyJDlzOvdBXsK_avFp09BINl5EaaEjtGpCWEJK5L9iAlVitnaDwDHzKaQqbUwJ3lb9MHClbE_rnvY8fDQCgVf4VJDgq6Ht7LlDXwwqQWI7E4CpY4tECicUbfRGEyyosivyhPegTpRHRlpFNmSLDG15Rz-NAz5sQ4mXKNxfo-G-tGns7icL_t4adpNt4TBllwmqMUXZ9Ay2nSMFHZiL6L0alLINuy5VRGToVfLSVyOFZBVaX_Og7pzOslnDnlm3RUwAFI6RIRON82UQgeyUI3eevNfWaQ973JuxcWXAdh3Z81058S_2qedI2TVQab56wHzFwGIW-DofY6CSHb4eEvOa-JsDeS094RkSHAeRTcqv1QhgiOMnA6FJit3ZnIsyxDcIwa2qv1JEF5-w\" rel=\"noopener noreferrer\" target=\"_blank\" style=\"color: rgb(0, 63, 136); background-color: transparent;\">www.vjsonline.org</a>) để giúp cung cấp các thông tin khoa học quan trọng cho độc giả và đóng góp vào sự phát triển của khoa học công nghệ tại VN.</p><p>Liêm tham gia vào Ban Cố vấn của Hiệp hội các học giả của Quỹ Giáo dục Việt Nam và các hoạt động của hội; hỗ trợ thiết lập các hợp tác giữa Viện MD Anderson, Bộ Khoa học và Công nghệ và nhiều viện nghiên cứu, bệnh viện, nhiều trường đại học uy tín của Việt Nam.</p><p>Hiện TS Liêm sống cùng vợ cũng đang học Tiến sĩ Dược tại ĐH Texas. Hai vợ chồng TS Liêm cùng làm trong các ngành có chuyên môn tương tự nên chia sẻ và hỗ trợ nhau nhiều trong công việc nghiên cứu, học tập và cuộc sống.</p><p>TS Liêm chia sẻ, để đạt được thành tựu quan trọng như hiện nay, anh nỗ lực trên cả 3 phương diện: Đạo đức, sức khoẻ và tài năng với triết lý “Nơi nào có ý chí, nơi đó có một con đường”.</p><p>“Tôi rất may mắn có được cơ hội học tập thành tài. Do đó, tôi luôn cố gắng đem hết khả năng để đóng góp cho xã hội và giúp đỡ các thế hệ sau này. Đó là một cách để tôi đền đáp công ơn của gia đình, thầy cô, bạn bè và quê hương đã sinh ra và nuôi dưỡng tôi như ngày nay”, TS Liêm nói.</p><p><strong>Vô vàn giải thưởng</strong></p><p><img src=\"https://storage.googleapis.com/hcmus-alumverse-dev/images/hof/c8645679-94f0-41f4-a24c-06ea8176ccb3/2\"></p><p>TS Liêm nhận Giải thưởng và học bổng nghiên cứu khoa học (NCKH) của Quốc hội và Bộ Quốc phòng Mỹ trao tặng cho các nhà khoa học xuất sắc trong lĩnh vực ung thư; Giải thưởng và học bổng NCKH của các tổ chức Rosalie B. Hite Foundation, Cancer Answer Foundation, Andrew-Huggins Foundation,… dành cho các nhà nghiên cứu ung thư xuất sắc. Danh hiệu Học giả Sylvan Rodriguez dành cho các nhà khoa học xuất sắc có những đóng góp quan trọng cho cộng đồng</p><p>Các giải thưởng khoa học do Viện MD Anderson, Trường Đại học Texas, Quốc hội, Bộ Quốc phòng Mỹ, Quỹ Giáo dục Việt Nam, Viện Hàn lâm Khoa học Mỹ trao tặng. Giải thưởng Phục vụ cộng đồng do Hội Sinh viên của trường Đại học Texas Houston trao tặng, các bằng khen về thành tích lãnh đạo và hoạt động tình nguyện do Quỹ Giáo dục Việt Nam, Trường Đại học Texas trao tặng..</p><p>Khi được hỏi về bí quyết thành công, tiến sĩ Phan Minh Liêm chia sẻ một cách thật giản dị: “Quá trình dẫn đến thành công cần có sự nỗ lực liên tục trên cả 3 phương diện: đạo đức, sức khỏe và tài năng; bao gồm cả khả năng chuyên môn và các kỹ năng cần thiết để sống chan hòa và đóng góp cho cộng đồng”.</p><p><em>(Tổng hợp từ hvnclc.vn &amp; sggp.org.vn)</em></p>','https://storage.googleapis.com/hcmus-alumverse-dev/images/hof/c8645679-94f0-41f4-a24c-06ea8176ccb3/thumbnail','Tiến sĩ Phan Minh Liêm (1983) là người Việt Nam đầu tiên được 4 lần vinh danh trên bức tường danh dự của Viện Anderson, viện ung thư hàng đầu của Mỹ.','67380894-cf8b-43ac-b6b2-d9d9ac154f8f',7,2001,'2024-07-06 21:18:36','2024-07-27 17:48:41','2024-07-06 21:18:36',2,9);
/*!40000 ALTER TABLE `hall_of_fame` ENABLE KEYS */;
UNLOCK TABLES;

--
-- Dumping data for table `inbox`
--

LOCK TABLES `inbox` WRITE;
/*!40000 ALTER TABLE `inbox` DISABLE KEYS */;
INSERT INTO `inbox` VALUES (1,NULL,0,'2024-07-07 20:05:27','2024-07-07 20:05:27',0),(2,NULL,0,'2024-07-07 20:30:14','2024-07-07 20:30:14',0),(3,NULL,0,'2024-07-07 20:31:09','2024-07-07 20:31:09',0),(4,NULL,0,'2024-07-07 20:33:40','2024-07-07 20:33:40',0);
/*!40000 ALTER TABLE `inbox` ENABLE KEYS */;
UNLOCK TABLES;

--
-- Dumping data for table `inbox_member`
--

LOCK TABLES `inbox_member` WRITE;
/*!40000 ALTER TABLE `inbox_member` DISABLE KEYS */;
INSERT INTO `inbox_member` VALUES (1,'56bd646a-44cf-4ae2-960c-d7fc24c528e5','MEMBER','2024-07-07 20:05:27',0),(1,'56bd646a-44cf-4ae2-960c-d7fc24c528f2','MEMBER','2024-07-07 20:05:27',0),(2,'56bd646a-44cf-4ae2-960c-d7fc24c528e5','MEMBER','2024-07-07 20:30:14',0),(2,'56bd646a-44cf-4ae2-960c-d7fc24c528f3','MEMBER','2024-07-07 20:30:14',0),(3,'56bd646a-44cf-4ae2-960c-d7fc24c528e5','MEMBER','2024-07-07 20:31:09',0),(3,'56bd646a-44cf-4ae2-960c-d7fc24c528f5','MEMBER','2024-07-07 20:31:09',0),(4,'56bd646a-44cf-4ae2-960c-d7fc24c528e5','MEMBER','2024-07-07 20:33:40',0),(4,'56bd646a-44cf-4ae2-960c-d7fc24c528f4','MEMBER','2024-07-07 20:33:40',0);
/*!40000 ALTER TABLE `inbox_member` ENABLE KEYS */;
UNLOCK TABLES;

--
-- Dumping data for table `inbox_read_status`
--

LOCK TABLES `inbox_read_status` WRITE;
/*!40000 ALTER TABLE `inbox_read_status` DISABLE KEYS */;
INSERT INTO `inbox_read_status` VALUES (1,'56bd646a-44cf-4ae2-960c-d7fc24c528e5',10,'2024-07-07 20:29:02'),(3,'56bd646a-44cf-4ae2-960c-d7fc24c528e5',13,'2024-07-07 20:31:38'),(4,'56bd646a-44cf-4ae2-960c-d7fc24c528e5',14,'2024-07-07 20:34:02'),(1,'56bd646a-44cf-4ae2-960c-d7fc24c528f2',10,'2024-07-07 20:24:14'),(2,'56bd646a-44cf-4ae2-960c-d7fc24c528f3',11,'2024-07-07 20:30:31');
/*!40000 ALTER TABLE `inbox_read_status` ENABLE KEYS */;
UNLOCK TABLES;

--
-- Dumping data for table `interact_post_advise`
--

LOCK TABLES `interact_post_advise` WRITE;
/*!40000 ALTER TABLE `interact_post_advise` DISABLE KEYS */;
INSERT INTO `interact_post_advise` VALUES (1,'65fb113d-6d92-4c02-8e4d-3d2aa96bbbe3','15fa6065-98cb-4bb8-9269-ff2c7b8f22c2','2024-07-27 19:49:58',0),(1,'65fb113d-6d92-4c02-8e4d-3d2aa96bbbe3','2cae08b7-ade2-4f4f-b757-14142a09bbac','2024-07-27 19:57:33',0),(1,'65fb113d-6d92-4c02-8e4d-3d2aa96bbbe3','425d8a36-aad9-4d3b-b944-a4a21c743b20','2024-07-27 19:44:14',0),(1,'65fb113d-6d92-4c02-8e4d-3d2aa96bbbe3','56bd646a-44cf-4ae2-960c-d7fc24c528e5','2024-07-07 15:46:01',0),(1,'65fb113d-6d92-4c02-8e4d-3d2aa96bbbe3','56bd646a-44cf-4ae2-960c-d7fc24c528f2','2024-07-07 15:52:54',0),(1,'65fb113d-6d92-4c02-8e4d-3d2aa96bbbe3','56bd646a-44cf-4ae2-960c-d7fc24c528f5','2024-07-07 16:21:08',0),(1,'65fb113d-6d92-4c02-8e4d-3d2aa96bbbe3','67380894-cf8b-43ac-b6b2-d9d9ac154f8f','2024-07-27 19:58:21',0),(1,'65fb113d-6d92-4c02-8e4d-3d2aa96bbbe3','a8a2a13d-1993-4cb4-b918-1b6305e81ff0','2024-07-27 20:17:23',0),(1,'65fb113d-6d92-4c02-8e4d-3d2aa96bbbe3','c67d2ae1-6a5d-447a-91fb-b47400a41ebf','2024-07-27 19:59:19',0),(1,'756b3209-458c-40c7-bc71-0d48db772d02','15fa6065-98cb-4bb8-9269-ff2c7b8f22c2','2024-07-27 19:49:56',0),(1,'756b3209-458c-40c7-bc71-0d48db772d02','2cae08b7-ade2-4f4f-b757-14142a09bbac','2024-07-27 19:54:33',0),(1,'756b3209-458c-40c7-bc71-0d48db772d02','425d8a36-aad9-4d3b-b944-a4a21c743b20','2024-07-27 19:44:16',0),(1,'756b3209-458c-40c7-bc71-0d48db772d02','56bd646a-44cf-4ae2-960c-d7fc24c528f2','2024-07-07 15:57:23',0),(1,'756b3209-458c-40c7-bc71-0d48db772d02','56bd646a-44cf-4ae2-960c-d7fc24c528f3','2024-07-07 16:04:57',0),(1,'756b3209-458c-40c7-bc71-0d48db772d02','56bd646a-44cf-4ae2-960c-d7fc24c528f5','2024-07-07 16:20:09',0),(1,'756b3209-458c-40c7-bc71-0d48db772d02','d4b8762d-17b7-45e9-887d-c369b6127e7e','2024-07-27 19:45:10',0),(1,'89fc7d33-1f2a-4982-a8c4-097ec2c5d8ad','15fa6065-98cb-4bb8-9269-ff2c7b8f22c2','2024-07-27 19:49:53',0),(1,'89fc7d33-1f2a-4982-a8c4-097ec2c5d8ad','2cae08b7-ade2-4f4f-b757-14142a09bbac','2024-07-27 19:54:30',0),(1,'89fc7d33-1f2a-4982-a8c4-097ec2c5d8ad','425d8a36-aad9-4d3b-b944-a4a21c743b20','2024-07-27 19:43:36',0),(1,'89fc7d33-1f2a-4982-a8c4-097ec2c5d8ad','56bd646a-44cf-4ae2-960c-d7fc24c528e5','2024-07-27 20:00:42',0),(1,'89fc7d33-1f2a-4982-a8c4-097ec2c5d8ad','67380894-cf8b-43ac-b6b2-d9d9ac154f8f','2024-07-27 19:58:18',0),(1,'89fc7d33-1f2a-4982-a8c4-097ec2c5d8ad','8f43f0d3-4a0d-4baa-920f-05ebe13a4787','2024-07-27 20:18:03',0),(1,'89fc7d33-1f2a-4982-a8c4-097ec2c5d8ad','a8a2a13d-1993-4cb4-b918-1b6305e81ff0','2024-07-27 20:17:20',0),(1,'89fc7d33-1f2a-4982-a8c4-097ec2c5d8ad','c67d2ae1-6a5d-447a-91fb-b47400a41ebf','2024-07-27 19:59:16',0),(1,'d9e79351-1b3b-4651-849b-08a75eb6895b','15fa6065-98cb-4bb8-9269-ff2c7b8f22c2','2024-07-27 19:50:00',0),(1,'d9e79351-1b3b-4651-849b-08a75eb6895b','2cae08b7-ade2-4f4f-b757-14142a09bbac','2024-07-27 19:54:35',0),(1,'d9e79351-1b3b-4651-849b-08a75eb6895b','425d8a36-aad9-4d3b-b944-a4a21c743b20','2024-07-27 19:44:13',0),(1,'d9e79351-1b3b-4651-849b-08a75eb6895b','56bd646a-44cf-4ae2-960c-d7fc24c528e5','2024-07-07 15:40:37',0),(1,'d9e79351-1b3b-4651-849b-08a75eb6895b','56bd646a-44cf-4ae2-960c-d7fc24c528f2','2024-07-07 15:52:58',0),(1,'d9e79351-1b3b-4651-849b-08a75eb6895b','56bd646a-44cf-4ae2-960c-d7fc24c528f5','2024-07-07 16:21:09',0),(1,'fd19ca00-aa0b-49f1-a97b-71b4797a9652','15fa6065-98cb-4bb8-9269-ff2c7b8f22c2','2024-07-27 19:49:54',0),(1,'fd19ca00-aa0b-49f1-a97b-71b4797a9652','2cae08b7-ade2-4f4f-b757-14142a09bbac','2024-07-27 19:54:31',0),(1,'fd19ca00-aa0b-49f1-a97b-71b4797a9652','425d8a36-aad9-4d3b-b944-a4a21c743b20','2024-07-27 19:44:18',0),(1,'fd19ca00-aa0b-49f1-a97b-71b4797a9652','56bd646a-44cf-4ae2-960c-d7fc24c528e5','2024-07-27 20:00:43',0),(1,'fd19ca00-aa0b-49f1-a97b-71b4797a9652','8f43f0d3-4a0d-4baa-920f-05ebe13a4787','2024-07-27 20:18:05',0),(1,'fd19ca00-aa0b-49f1-a97b-71b4797a9652','c67d2ae1-6a5d-447a-91fb-b47400a41ebf','2024-07-27 19:59:18',0),(1,'fd19ca00-aa0b-49f1-a97b-71b4797a9652','d4b8762d-17b7-45e9-887d-c369b6127e7e','2024-07-27 19:45:08',0);
/*!40000 ALTER TABLE `interact_post_advise` ENABLE KEYS */;
UNLOCK TABLES;

--
-- Dumping data for table `interact_post_group`
--

LOCK TABLES `interact_post_group` WRITE;
/*!40000 ALTER TABLE `interact_post_group` DISABLE KEYS */;
/*!40000 ALTER TABLE `interact_post_group` ENABLE KEYS */;
UNLOCK TABLES;

--
-- Dumping data for table `job`
--

LOCK TABLES `job` WRITE;
/*!40000 ALTER TABLE `job` DISABLE KEYS */;
INSERT INTO `job` VALUES ('1a6791cf-7117-4501-afe0-f027094e4d85','a8a2a13d-1993-4cb4-b918-1b6305e81ff0','Elite Arts Academy','CEO và Founder','2020-02-19',NULL,'PUBLIC','2024-07-27 17:40:22',0,1),('54c9d4f0-6b2b-4b9d-bb7c-aebb17dfac6d','56bd646a-44cf-4ae2-960c-d7fc24c528f4','VNG','Dev','2023-08-15','2024-04-12','PUBLIC','2024-07-11 21:04:16',0,0),('ff8d2c6a-396e-451a-b212-97af8ef8a2bc','56bd646a-44cf-4ae2-960c-d7fc24c528e5','Inquisico','Backend Developer','2023-08-01','2023-12-01','PUBLIC','2024-07-09 21:31:34',0,0);
/*!40000 ALTER TABLE `job` ENABLE KEYS */;
UNLOCK TABLES;

--
-- Dumping data for table `message`
--

LOCK TABLES `message` WRITE;
/*!40000 ALTER TABLE `message` DISABLE KEYS */;
INSERT INTO `message` VALUES (1,1,'56bd646a-44cf-4ae2-960c-d7fc24c528e5','chào bạn','TEXT',NULL,'2024-07-07 20:05:43','2024-07-07 20:05:43',0),(2,1,'56bd646a-44cf-4ae2-960c-d7fc24c528f2','xin chào','TEXT',NULL,'2024-07-07 20:06:46','2024-07-07 20:06:46',0),(3,1,'56bd646a-44cf-4ae2-960c-d7fc24c528e5','có phải bạn là người đang muốn kiếm team để tham gia giải bóng đá nam của khoa vật lý kỹ thuật đúng không ạ','TEXT',NULL,'2024-07-07 20:19:22','2024-07-07 20:19:22',0),(4,1,'56bd646a-44cf-4ae2-960c-d7fc24c528e5','nãy mình có thấy bạn comment trong bài viết','TEXT',NULL,'2024-07-07 20:19:59','2024-07-07 20:19:59',0),(5,1,'56bd646a-44cf-4ae2-960c-d7fc24c528f2','đúng là mình rồi ạ','TEXT',NULL,'2024-07-07 20:20:36','2024-07-07 20:20:36',0),(6,1,'56bd646a-44cf-4ae2-960c-d7fc24c528e5','vậy bạn có rảnh vào chủ nhật này để qua đá thử với team mình không','TEXT',NULL,'2024-07-07 20:22:08','2024-07-07 20:22:08',0),(7,1,'56bd646a-44cf-4ae2-960c-d7fc24c528e5','https://storage.googleapis.com/hcmus-alumverse-dev/messages/1_1720358591719_a9645f1a-c5bd-4bcd-9b4d-2169528b4407','IMAGE',NULL,'2024-07-07 20:23:13','2024-07-07 20:23:13',0),(8,1,'56bd646a-44cf-4ae2-960c-d7fc24c528e5','vào 9 giờ nhé bạn','TEXT',NULL,'2024-07-07 20:23:31','2024-07-07 20:23:31',0),(10,1,'56bd646a-44cf-4ae2-960c-d7fc24c528f2','oke nhe bạn a','TEXT',8,'2024-07-07 20:24:14','2024-07-07 20:24:14',0),(11,2,'56bd646a-44cf-4ae2-960c-d7fc24c528f3','chào bạn','TEXT',NULL,'2024-07-07 20:30:30','2024-07-07 20:30:30',0),(12,3,'56bd646a-44cf-4ae2-960c-d7fc24c528e5','xin chào','TEXT',NULL,'2024-07-07 20:31:23','2024-07-07 20:31:23',0),(13,3,'56bd646a-44cf-4ae2-960c-d7fc24c528e5','https://storage.googleapis.com/hcmus-alumverse-dev/messages/3_1720359086798_a71051cf-0300-4fd9-ab9a-f121a2953c4a','IMAGE',NULL,'2024-07-07 20:31:27','2024-07-07 20:31:27',0),(14,4,'56bd646a-44cf-4ae2-960c-d7fc24c528e5','bạn có phải là người làm cùng nhóm đồ án với mình không','TEXT',NULL,'2024-07-07 20:34:01','2024-07-07 20:34:01',0);
/*!40000 ALTER TABLE `message` ENABLE KEYS */;
UNLOCK TABLES;

--
-- Dumping data for table `news`
--

LOCK TABLES `news` WRITE;
/*!40000 ALTER TABLE `news` DISABLE KEYS */;
INSERT INTO `news` VALUES ('003127ca-3a0c-4db1-991d-103933679dc3','30ff6fa7-035f-42e4-aa13-55c1c94ded1e','Ký kết thỏa thuận hợp tác với Tổng Công ty Cổ phần Dịch vụ Kỹ thuật Dầu khí Việt Nam','Ngày 17/8/2023, Trường Đại học Khoa học tự nhiên đã tiến hành Lễ ký kết thỏa thuận hợp tác Tổng công ty Cổ phần Dịch vụ Kỹ thuật Dầu khí Việt Nam.','<p>Ngày 17/8/2023, Trường Đại học Khoa học tự nhiên, ĐHQG-HCM (ĐH KHTN) đã tiến hành Lễ ký kết thỏa thuận hợp tác trong các lĩnh vực nghiên cứu khoa học và chuyển giao công nghệ, đào tạo và phát triển triển nguồn nhân lực với Tổng công ty Cổ phần Dịch vụ Kỹ thuật Dầu khí Việt Nam (PTSC).</p><p>Tham dự buổi lễ ký kết có sự hiện diện của Ông Trần Hoài Nam – Phó Tổng giám đốc PTSC cùng các thành viên trong ban lãnh đạo công ty; PGS. TS Trần Minh Triết – Phó Hiệu trưởng trường ĐH KHTN cùng lãnh đạo các khoa Hóa học, Địa chất, Điện tử – Viễn thông, Khoa học và Công nghệ Vật liệu và phòng Quan hệ Đối ngoại, phòng Công tác sinh viên.</p><p>PTSC là doanh nghiệp thành viên Tập đoàn Dầu khí Quốc gia Việt Nam và là Tổng công ty hàng đầu trong lĩnh vực cung cấp các dịch vụ kỹ thuật cho ngành dầu khí, công nghiệp, năng lượng tái tạo trong khu vực. PTSC đặt mục tiêu trở thành thương hiệu quốc tế uy tín, nhà cung cấp giải pháp trọn gói hàng đầu trong lĩnh vực năng lượng với trọng tâm là ngành dầu khí ngoài khơi.</p><p><img src=\"https://storage.googleapis.com/hcmus-alumverse-dev/images/news/003127ca-3a0c-4db1-991d-103933679dc3/0\"></p><p><span style=\"color: rgb(19, 22, 24);\">Chia sẻ tại buổi ký kết, PGS. TS Trần Minh Triết, Phó hiệu trưởng trường ĐH KHTN đã khẳng định ý nghĩa của việc ký kết này sẽ là một dấu ấn đánh dấu sự bắt đầu hợp tác trên diện rộng của Trường và PTSC, hướng đến mục tiêu phát triển lâu dài và bền vững.</span></p><p><span style=\"color: rgb(19, 22, 24);\">Phó Tổng Giám đốc công ty CP Dịch vụ Kỹ thuật Dầu khí Việt Nam, Ông Trần Hoài Nam phát biểu: “Công ty chúng tôi ngày càng phát triển, do đó nhu cầu về nguồn nhân lực của chúng tôi càng lúc càng lớn, đó là lý do tại sao chúng tôi rất mong được hợp tác với trường. Mục tiêu nhắm đến của công ty chúng tôi là các sinh viên từ năm hai trở lên, khi này các bạn đã có sự hiểu biết và nhận thức nhất định về nghề nghiệp mình đang theo học, nhưng chưa có định hướng cụ thể về các công việc và những nơi mình sẽ làm việc sau khi ra trường. Nên đây là giai đoạn thích hợp để đôi bên tìm hiểu nhau và chúng tôi sẽ có nhiều lựa chọn để tìm và đào tạo nhiều ứng viên thích hợp cho các vị trí cần thiết của công ty. Bên cạnh đó, chúng tôi cũng có nhu cầu tái đào tạo, bồi dưỡng công nhân viên đang làm việc tại công ty để thích nghi hơn với những vị trí việc làm mới.”</span></p><p><span style=\"color: rgb(19, 22, 24);\"><span class=\"ql-cursor\">﻿</span>Việc ký kết thành công thỏa thuận hợp tác giữa trường ĐH KHTN và PTSC đã mở ra một tương lai cho sự hợp tác lâu dài giữa hai đơn vị nói chung. là cơ sở để hai bên cùng xây dựng kế hoạch hợp tác chi tiết nhằm khai thác có hiệu quả nguồn lực, lợi thế của mình để đạt được các mục tiêu đề ra.</span></p>','https://storage.googleapis.com/hcmus-alumverse-dev/images/news/003127ca-3a0c-4db1-991d-103933679dc3/thumbnail',7,'2024-07-06 15:35:00','2024-07-06 15:35:00','2024-07-25 09:00:00',2,19,2),('0455495d-2952-480a-9384-48648f0c3da3','30ff6fa7-035f-42e4-aa13-55c1c94ded1e','Ngày Truyền thống khoa Sinh học – Công nghệ sinh học năm 2024','Ngày truyền thống khoa Sinh học – Công nghệ Sinh học năm 2023 được tổ chức ngày 01/7/2023 tại cơ sở Nguyễn Văn Cừ, trường Đại học Khoa học tự nhiên.','<p><strong><em>Ngày truyền thống khoa Sinh học – Công nghệ Sinh học năm 2023 được tổ chức ngày 01/7/2023 tại cơ sở 227 Nguyễn Văn Cừ, trường Đại học Khoa học tự nhiên, ĐHQG-HCM. Ngày hội có chủ đề “Những viên gạch đầu tiên” đã quy tụ các thế hệ giảng viên, cựu sinh viên, sinh viên cùng gặp gỡ giao lưu, ôn lại truyền thống lịch sử của khoa, những kỷ niệm thân thương ở giảng đường đại học và cùng nhau kết nối để hợp tác cùng phát triển.</em></strong></p><p>Lịch sử hình thành và phát triển của khoa Sinh học – Công nghệ Sinh học gắn liền với lịch sử hình thành và phát triển của trường Đại học Khoa học Tự nhiên, ĐHQG-HCM, tiền thân là trường Cao đẳng Khoa học trực thuộc Viện Đại học Đông Dương, thành lập năm 1941 tại Hà Nội. Xuyên suốt chiều dài lịch sử phát triển này, có thể nhận thấy các dấu ấn thuộc về ngành Sinh học tại trường như việc hình thành phòng thí nghiệm Động vật vào năm 1947; giảng dạy chứng chỉ dự bị y khoa Lý Hóa Sinh (P.C.B.), chứng chỉ cử nhân khoa học Sinh lý đại cương (Physiologie Générale), Thực vật đại cương (Botanique Générale), Động vật đại cương (Zoologie Générale) từ năm 1953; sự hình thành các Ban như Ban Thực vật, Ban Động vật, Ban Sinh lý, Ban Sinh hóa và Ban Sinh môi vào năm 1957.</p><p>Sau khi đất nước thống nhất, vào trung tuần tháng 4/1976, Ban Quân quản quản lý trường đưa ra chủ trương thành lập 05 khoa, trong đó có khoa Sinh học. Vào ngày 29/6/1976, trong buổi họp toàn khoa, khoa Sinh học chính thức được cải tổ dựa trên cơ sở nhân sự của các Ban cũ có từ năm 1957, 05 Tổ bộ môn mới đã được thành lập: Thực vật học, Động vật học, Thực vật thực nghiệm, Động vật thực nghiệm và Vi sinh học. Từ đó đến nay, khoa Sinh học, mà hiện nay là khoa Sinh học – Công nghệ Sinh học, đã không ngừng phát triển và liên tục gặt hái những thành quả đáng khích lệ.</p><p>Vì vậy, từ năm 2023, khoa Sinh học – Công nghệ Sinh học phối hợp với Ban đại diện cộng đồng cựu sinh viên Sinh học – Công nghệ Sinh học sẽ định kỳ tổ chức&nbsp;Ngày truyền thống<strong> khoa Sinh học – Công nghệ Sinh học </strong>vào dịp kỷ niệm ngày 29 tháng 6 hàng năm. Đây là ngày hội để các thế hệ giảng viên, cựu sinh viên, sinh viên tề tựu về, cùng gặp gỡ giao lưu, ôn lại truyền thống lịch sử của khoa, những kỷ niệm thân thương ở giảng đường đại học và cùng nhau kết nối để hợp tác cùng phát triển.</p><p><img src=\"https://storage.googleapis.com/hcmus-alumverse-dev/images/news/0455495d-2952-480a-9384-48648f0c3da3/0\"></p><p><span style=\"color: rgb(19, 22, 24);\">Ngày truyền thống khoa Sinh học – Công nghệ Sinh học năm 2023 được tổ chức với chủ đề “Những viên gạch đầu tiên” gồm có không gian triển lãm những dấu ấn “đầu tiên” tạo nên nền móng vững chắc cho quá trình phát triển của khoa Sinh học – Công nghệ Sinh học hiện nay và tương lai, các hoạt động chào đón và giới thiệu của các bộ môn trong khoa và các tổ chức của sinh viên, sân chơi giao lưu giữa cựu sinh viên và sinh viên “Tự hào truyền thống khoa Sinh học – Công nghệ Sinh học”. Lễ kỷ niệm ngày truyền thống khoa đã diễn ra trong không khí thân tình và cảm xúc với những hình ảnh gợi nhớ những kỷ niệm thân thương tại mái trường này. Đặc biệt, nhân dịp này, ban đại diện chính thức của cộng đồng cựu sinh viên Sinh học – Công nghệ Sinh học cũng ra mắt với 24 thành viên.</span></p><p><span style=\"color: rgb(19, 22, 24);\"><span class=\"ql-cursor\">﻿</span>Sự kiện Ngày truyền thống khoa Sinh học – Công nghệ Sinh học, năm 2023, chủ đề “Những viên gạch đầu tiên” sẽ là sự bắt đầu của những hoạt động phong phú trong chặng đường sắp tới, tạo động lực thúc đẩy sự kết nối bền chặt của các thế hệ sinh viên của khoa. Tin rằng, từ nền móng vững chắc do các bậc tiền bối đã dày công xây dựng, tập thể khoa Sinh học – Công nghệ Sinh học sẽ hoàn thành được sứ mệnh đã đặt ra: đào tạo đại học, sau đại học, nghiên cứu khoa học, chuyển giao công nghệ trong lĩnh vực khoa học sự sống và tạo ra những sản phẩm nghiên cứu và đào tạo đáp ứng nhu cầu phát triển kinh tế – xã hội của đất nước và hội nhập với nền giáo dục đại học tiên tiến của khu vực và trên thế giới.</span></p>','https://storage.googleapis.com/hcmus-alumverse-dev/images/news/0455495d-2952-480a-9384-48648f0c3da3/thumbnail',8,'2024-07-06 15:26:43','2024-07-06 15:26:43','2024-07-23 11:30:00',2,0,0),('17c48822-9acc-44b0-ba30-1449cf4c638d','30ff6fa7-035f-42e4-aa13-55c1c94ded1e','Trường ĐH Khoa học Tự nhiên đăng cai tổ chức thành công Olympic Hóa học cho sinh viên toàn quốc','Ngày 22/4, Lễ Bế mạc Hội thi Olympic Hóa học sinh viên toàn quốc lần thứ XI, năm 2023 đã được tổ chức tại Hội trường Trần Chí Đáo, ĐHQG-HCM.','<p><span style=\"color: rgb(19, 22, 24);\">Ngày 22/4, Lễ Bế mạc Hội thi Olympic Hóa học sinh viên toàn quốc lần thứ XI, năm 2023 đã được tổ chức tại Hội trường Trần Chí Đáo, ĐHQG-HCM. Năm 2023, Hội thi có sự tham gia của 48 đội thi với 236 thí sinh đến từ 35 trường đại học, học viện trong cả nước, thuộc nhiều khối ngành: sư phạm, khoa học tự nhiên, kỹ thuật – công nghệ, y – dược, nông nghiệp – lâm nghiệp – thủy sản, xây dựng và quốc phòng – an ninh.</span></p><p>Trải qua các ngày thi đầy căng thẳng và nghiêm túc, Hội thi đã tiến hành vinh danh và trao giải các cá nhân, tập thể có thành tích xuất sắc với kết quả như sau:</p><ul><li><strong>Bảng A</strong>&nbsp;có 8 giải Nhất, 15 giải Nhì, 23 giải Ba, 21 giải Tư. Giải toàn đoàn: giải Nhất thuộc về Trường Đại học Sư phạm TP Hồ Chí Minh; giải Nhì thuộc về Trường Đại học Khoa học Tự nhiên, ĐHQG TP Hồ Chí Minh; giải Ba toàn đoàn thuộc về Đại học Bách khoa Hà Nội.</li><li><strong>Bảng B</strong>&nbsp;có 8 giải Nhất, 18 giải Nhì, 26 giải Ba, 19 giải Tư. Giải Nhất toàn đoàn thuộc về Trường Đại học Dược Hà Nội; giải Nhì toàn đoàn thuộc về Trường Đại học Bách khoa, ĐHQG TP Hồ Chí Minh; giải Ba toàn đoàn thuộc về Trường Đại học Khoa học và Công nghệ Hà Nội.</li><li><strong>Bảng C</strong>&nbsp;có 9 giải Nhất, 18 giải Nhì, 24 giải Ba, 20 giải Tư. Giải Nhất toàn đoàn thuộc về Trường Đại học Y Dược TP Hồ Chí Minh; giải Nhì toàn đoàn thuộc về Học việc Kỹ thuật Quân sự; giải Ba toàn đoàn thuộc về Trường Đại học Công nghiệp Hà Nội.</li></ul><p><span style=\"color: rgb(19, 22, 24);\">Hội thi còn trao giải các giải đặc biệt cho các cá nhân:&nbsp;Thí sinh Nguyễn Minh Thái – Trường Đại học Sư phạm TP. Hồ Chí Minh – Thí sinh cao điểm nhất bảng A;&nbsp;Thí sinh Trần Thu Vân – Đại học Bách khoa Hà Nội – Thí sinh cao điểm nhất bảng B;&nbsp;Thí sinh Phan Hoàng Khải – Trường Đại học Y Dược TP. Hồ Chí Minh – Thí sinh cao điểm nhất bảng C</span></p><p>Trường Đại học Khoa học Tự nhiên, ĐHQG-HCM đã đạt thành tích xuất sắc với Giải Nhì toàn đoàn bảng A và 15/15 Sinh viên dự thi đều đạt giải.</p><ul><li><strong>BẢNG A</strong></li></ul><p>SV. Phạm Ngọc Thạch – Lớp 21HOH-TN đạt giải Nhất</p><p>SV. Bùi Đức Hiếu – Lớp 22HOH-TN đạt giải Nhất</p><p>SV. Trần Ngọc Chung – Lớp 20HOH-TN đạt giải Nhì</p><p>SV. Lê Minh Tâm – Lớp 20HOH-CLC2 đạt giải Nhì</p><p>SV. Lý Tuấn Kiệt – Lớp 22HOH-CLC2 đạt giải Nhì</p><p>SV. Âu Hồng Đức – Lớp 20HOH-TN đạt giải Ba</p><p>SV. Phan Minh Tới – Lớp 20HOH-TN đạt giải Ba</p><p>SV. Huỳnh Minh Thiện – Lớp 21HOH-2 đạt giải Ba</p><p>SV. Bùi Cao Thiên Phúc – Lớp 22HOH-CLC3 đạt giải Ba</p><p>SV. Trần Nghiêm Thành – Lớp 22HOH-TN đạt giải Tư</p><ul><li><strong>BẢNG B</strong></li></ul><p>SV. Phạm Đăng Dương – Lớp 19CKH-3 đạt giải Ba</p><p>SV. Nguyễn Tiến Đạt – Lớp 20CKH-1 đạt giải Ba</p><p>SV. Nguyễn Tuấn Thành – Lớp 20CKH-3 đạt giải Ba</p><p>SV. Trần Thanh Vy – Lớp 20CKH-2 đạt giải Tư</p><p>SV. Nguyễn Ngọc Thoại Quân – Lớp 21CKH-1 đạt giải Tư</p><p>PGS.TS. Trần Lê Quan – Hiệu trưởng trường Đại học Khoa học Tự nhiên, ĐHQG-HCM, Đồng trưởng ban chỉ đạo Hội thi và PGS.TS. Nguyễn Trung Nhân – Trưởng khoa Hóa học, Trường Đại học Khoa học Tự nhiên,ĐHQG-HCM; Phó trưởng ban chỉ đạo Hội thi đã trao quà lưu niệm cho 35 trường, học viện tham dự Hội thi Olympic Hóa học Sinh viên toàn quốc lần thứ XI năm 2023.</p><p><img src=\"https://storage.googleapis.com/hcmus-alumverse-dev/images/news/17c48822-9acc-44b0-ba30-1449cf4c638d/0\"></p><p><span style=\"color: rgb(19, 22, 24);\">Tại buổi lễ cũng đã diễn ra lễ trao cờ cho đại diện Trường Đại học Bách khoa, ĐHQG TP Hồ Chí Minh – đơn vị đăng cai Hội thi Olympic Hóa học sinh viên toàn quốc lần thứ 12.</span></p>','https://storage.googleapis.com/hcmus-alumverse-dev/images/news/17c48822-9acc-44b0-ba30-1449cf4c638d/thumbnail',7,'2024-07-06 15:16:21','2024-07-06 15:16:21','2024-07-20 14:15:00',2,0,0),('17dc072c-11f4-4de5-aa91-fb65ec78cec4','30ff6fa7-035f-42e4-aa13-55c1c94ded1e','Tự chủ, sứ mạng và hạnh phúc của ngôi trường khoa học','Ngày 31/12/2021, Hội đồng Đại học Quốc gia TP. Hồ Chí Minh (ĐHQG-HCM) đã ban hành Nghị quyết thông qua Đề án đổi mới cơ chế hoạt động.','<p>Ngày 31/12/2021, Hội đồng Đại học Quốc gia TP. Hồ Chí Minh (ĐHQG-HCM) đã ban hành Nghị quyết thông qua Đề án đổi mới cơ chế hoạt động của Trường Đại học Khoa học Tự nhiên (ĐH KHTN). Theo đó, Nhà trường chính thức chuyển sang giai đoạn phát triển mới từ năm 2022, tổ chức hoạt động và chịu trách nhiệm giải trình theo tinh thần Nghị định 99/2021/NĐ-CP của Chính phủ. Xác định sứ mạng là trung tâm đào tạo, nghiên cứu, phát triển và triển khai ứng dụng khoa học công nghệ, cung cấp nguồn nhân lực và sản phẩm khoa học công nghệ đáp ứng yêu cầu phát triển kinh tế – xã hội đất nước, Nhà trường đã và đang từng bước chuẩn bị cơ sở pháp lý, đổi mới mô hình quản trị, cải tiến và kiểm định các chương trình đào tạo, nâng cấp cơ sở hạ tầng để thích nghi với bối cảnh mới.</p><p>Bước đầu thực hiện cơ chế hoạt động mới, nhà trường đối diện với những thách thức lớn trong việc thực hiện sứ mạng, nhưng song hành đó cũng là những cơ hội để chuyển mình phát triển đột phá và bền vững. Giá trị lịch sử hơn 80 năm đúc kết từ những&nbsp;thành quả lao động, sáng tạo không ngừng nghỉ đến từ đội ngũ giảng viên, nhà khoa học và người học là những tài sản quý giá nhất mà trường ĐH KHTN đang sở hữu. Đây là những nền tảng vững chắc để nhà trường phát huy tối đa tiềm lực hiện có, tiến đến xây dựng mô hình quản trị đại học tiên tiến trên nền tảng tự chủ đại học, thực hiện mục tiêu chính là đào tạo và nghiên cứu khoa học trong lĩnh vực khoa học cơ bản và khoa học công nghệ mũi nhọn.</p><p>Trong nhiều năm qua, nhiều đại học trên thế giới đã đề xuất một nhiệm vụ thứ ba bên cạnh sứ mạng đào tạo và nghiên cứu, đó là kết nối và phục vụ cộng đồng (community engagement), đó là sự kết nối từ nghiên cứu tới thương mại hóa kết quả nghiên cứu, bao gồm chuỗi các hoạt động nghiên cứu và sáng tạo, cấp bằng sáng chế và bản quyền, sản xuất thử nghiệm, giấy phép chuyển giao công nghệ, ươm tạo sản phẩm và doanh nghiệp trong trường đại học cho đến việc tổ chức kinh doanh, thương mại hóa ra bên ngoài trường đại học. Trường ĐH Khoa học Tự nhiên cũng không nằm ngoài xu thế chuyển đổi đó, đặc biệt là trong các hoạt động đào tạo, hoạt động ngoại khóa thúc đẩy người học và giảng viên say mê hơn trong học tập và nghiên cứu, để từ đó lan tỏa những giá trị ý nghĩa đến cộng đồng và xã hội.</p><p><strong>TỪ NGÔI TRƯỜNG KHOA HỌC…</strong></p><p>Trong năm 2022, nhiều Hội nghị Khoa học đã được diễn ra như Hội nghị Khoa học Trường ĐH KHTN lần thứ XIII – 2022 được phối hợp tổ chức giữa ĐHQG-HCM và Viện KH&amp;CN Quân sự, Bộ Quốc phòng đã nhận được 583 báo cáo với chất lượng cao đến từ các nhóm nghiên cứu trong cả nước và quốc tế chia theo 10 Tiểu ban khác nhau; Hội nghị quốc tế Vật lý học (Hải dương học – Khoa học trái đất; Kỹ thuật hạt nhân – Vật lý Y khoa; Vật lý ứng dụng – Vật lý Tin học); Hội nghị về GIS và ứng dụng (IOP Conference series: Earth and Environmental Science, Khoa Môi trường), một số special issue của Vietnam Journal of Chemistry (New trends in chemistry and applications). Tổng kinh phí được cấp cho Đề tài cấp Nhà nước và hợp tác địa phương khoảng 13 tỷ đồng.&nbsp;Trong cả năm 2022, các nhà khoa học của Trường đã công bố&nbsp;606 công bố tại các tạp chí uy tín trong danh mục Scopus, trong đó có 245 bài Q1, 183 bài Q2. (Xem thêm tại trang thông tin&nbsp;</p><p>Science &amp; Innovation@VNUHCM-US. Một trong công bố đáng chú ý là công trình nghiên cứu “Save the Mekong Delta from drowning” được công bố trên tạp chí Science, góp phần nâng tầm vị thế của Trường ĐH KHTN trên trường quốc tế.</p><p>Ngoài ra, các đơn vị thường xuyên tổ chức các seminar khoa học xuyên các quốc gia nhằm chia sẻ kiến thức, nâng cao tinh thần NCKH của sinh viên, giảng viên, NCV của Trường.</p><p><strong>…ĐẾN CÁC THÀNH TÍCH ĐỈNH CAO</strong></p><p>Ở cấp độ quốc gia, sinh viên trường đã tham gia 56 đề tài tại Giải thưởng Sinh viên nghiên cứu khoa học – Euréka do Thành Đoàn tổ chức và trong đó đã có 10 đề tài vào vòng chung kết (số lượng cao nhất so với các đơn vị khác), đạt kết quả: 01 giải Nhất, 02 giải Nhì, 02 giải Ba và 02 giải Khuyến khích. Đội tuyển Olympic Vật lý sinh viên đạt giải Nhất toàn đoàn, Đội tuyển Olympic Toán học đại giải thưởng xuất sắc nhất toàn quốc, Đội tuyển Olympic Sinh học đạt vị trí thứ ba toàn đoàn.</p><p><span style=\"color: rgb(19, 22, 24);\">Ở tại các sân chơi học thuật, nghiên cứu khoa học đẳng cấp quốc tế, năm 2022 cũng ghi dấu thành tích của các nhóm nghiên cứu của sinh viên, học viên cao học, nghiên cứu viên và giảng viên Khoa Công nghệ Thông tin, Phòng thí nghiệm Công nghệ Phần mềm (SELab) và Phòng thí nghiệm Trí tuệ Nhân tạo (AILab) đã tham gia 5/6 chủ đề của cuộc thi SHREC 2022. Trong đó, đạt được kết quả cao nhất trong 3/6 chủ đề. Các phương pháp của các nhóm nghiên cứu tại Trường đã được công bố cùng với các phương pháp của các nhóm nghiên cứu khác trên thế giới trong 5 bài báo trên Volume 107 của tạp chí Computers &amp; Graphics, Elsevier (thuộc nhóm Q1); Đội HCMUSBurnedTomatoes đã xuất sắc đạt được&nbsp;Hạng Nhất thế giới trong cuộc thi IEEExtreme 2022. Đây cũng là đội tuyển&nbsp;vô địch&nbsp;ICPC Khu vực Châu Á 2021&nbsp;và sẽ đại diện Việt Nam vào&nbsp;Chung kết Quốc tế ICPC&nbsp;(World Finals ICPC) tổ chức tại Ai Cập trong năm 2023.</span></p><p><span style=\"color: rgb(19, 22, 24);\">Nhóm nghiên cứu PGS.TS. Trần Văn Hiếu và cộng sự, Phòng thí nghiệm Cảm biến sinh học thuộc Khoa Sinh học-CNSH, Trường ĐH KHTN, ĐHQG-HCM, Giải thưởng sáng tạo Khoa học Công nghệ Việt Nam; TS.&nbsp;Trương Lâm Sơn Hải, Giảng viên khoa Hóa học và TS. Trần Thị Như Hoa, Giảng viên khoa Khoa học và Công nghệ Vật liệu&nbsp;đạt Giải thưởng Khoa học Công nghệ Quả cầu vàng năm 2022. TS. Trần Thị Như Hoa cũng vinh dự được bình chọn danh hiệu Công dân trẻ tiêu biểu Thành phố Hồ Chí Minh năm 2022.</span></p><p><strong>TỪ NƠI ƯƠM MẦM NHỮNG NHÂN TÀI…</strong></p><p>Trong chuỗi thành tích Olympic Toán học Quốc tế, Sinh viên Nguyễn Mạc Nam Trung và Nguyễn Tiến Hoàng (Khoa Toán – Tin học) là 02 trong số 05 sinh viên có giải Nhất cả 02 môn Đại số và Giải tích. Cả 02 đều là cựu học sinh Trường Phổ thông Năng khiếu, ĐHQG-HCM, trong đó Nam Trung đã từng được biết đến với thành tích Huy chương Bạc Olympic Toán quốc tế IMO 2020 khi còn là học sinh, cũng giành số điểm gần tuyệt đối của Kỳ thi (29,5/30đ môn Đại số và 30/30đ môn Giải tích). Các sinh viên đã được những thầy cô tâm huyết của Trường Đại học Khoa học Tự nhiên và Phổ thông Năng khiếu, để từ đó lựa chọn ngôi trường Khoa học này để là nơi ươm mầm ước mơ.</p><p>Với nhiều đổi mới trong công tác tuyển sinh, hướng nghiệp, Trường ĐH KHTN đã dành ra hơn 2 tỷ học bổng dành cho các sinh viên có thành tích cao trúng tuyển vào 07 ngành phục vụ mục tiêu phát triển khoa học công nghệ quốc gia và phát triển bền vững. Trường ĐH KHTN cũng tự hào tặng 03 suất học bổng toàn phần cho cả 03 học sinh duy nhất khu vực miền nam đạt giải trong kỳ thi Olympic quốc tế Toán học, Tin học và Hóa học năm 2022 đã lựa chọn Nhà trường là nơi học tập; Chương trình tiên tiến Khoa học máy tính (APCS) cũng đã đặt mốc điểm chuẩn trúng tuyển lịch sử là 1001.</p><p><strong>…ĐẾN LAN TỎA GIÁ TRỊ CHO CỘNG ĐỒNG</strong></p><p>Những hoạt động của&nbsp;đồng hành cùng sinh viên học tốt và tích cực nghiên cứu khoa học: Cuộc thi ý tưởng sáng tạo sinh viên S-Ideas, Chương trình Ươm mầm nghiên cứu khoa học sinh viên, Giải thưởng sinh viên nghiên cứu khoa học – công nghệ; Những hoạt động của CLB Ong nghiên cứu; Những công trình, phần việc của sinh viên đóng góp cho các hoạt động phong trào của thành phố và cả nước đều đã được ghi nhận và xem như những hình mẫu của phong trảo sáng tạo.</p><p>Các nhà khoa học của Trường ĐH KHTN đã và đang thực hiện 297 đề tài với kinh phí 31,366 tỷ đồng trong đó có thể kể đến 110 đề tài cấp ĐHQG-HCM (34 đề tài loại A, B và 76 đề tài loại C) với kinh phí được cấp 19,645 tỷ đồng. Trường ĐH KHTN cũng đã và đang thực hiện 131 đề tài cơ sở với kinh phí 7,2 tỷ đồng.</p><p>Các đề tài/dự án liên ngành vẫn tiếp tục được thực hiện như: Nghị định thư với Israel do TS. Nguyễn Trí Nhân (Khoa Sinh học-CNSH) chủ trì; 01 Đề tài VinIF do PGS. TS. Nguyễn Đức Hoàng (TT Khoa học và Công nghệ Sinh học) chủ trì; 01 Đề tài cấp Nhà nước do PGS. TS Tôn Thất Quang và GS. TS. Nguyễn Thị Thanh Mai (Khoa Hoá học) chủ trì; 01 Đề tài cấp Nhà nước do PGS.TS. Trần Lê Bảo Hà (Khoa Sinh học-CNSH) chủ trì. Dự án nghiên cứu chung “Plant species diversity in VietNam”, do Khoa SH-CNSH phụ trách (hợp tác với Viện Nghiên cứu Môi trường Quốc gia Nhật Bản) đang được thực hiện, giai đoạn 2021 – 2026.</p><p>Hàng loạt các giảng viên, sinh viên được vinh danh các danh hiệu tiêu biểu như:</p><p>+ GS.TS. Châu Văn Tạo được nhận danh hiệu Nhà giáo tiêu biểu giai đoạn 1982-2022 và TS. Nguyễn Thanh Bình được nhận giải thưởng Nhà giáo xuất sắc tiêu biểu năm 2021</p><p>+ GS.TS. Nguyễn Thị Thanh Mai đã có nhiều thành tích xuất sắc trong NCKH, đã đạt giải thưởng Kovalevkaia năm 2021.</p><p>+ 03 Giảng viên được khen tặng Giảng viên của năm 2022 do ĐHQG-HCM trao tặng: PGS.TS. Tô Thị Hiền (Khoa Môi Trường), PGS.TS. Hoàng Thị Đông Quỳ, (Khoa Khoa học và Công nghệ Vật liệu), TS. Nguyễn Thanh Bình (Khoa Toán –Tin học).</p><p>+ 02 Giảng viên/Nhóm Giảng viên được khen tặng Giảng viên dạy trực tuyến xuất sắc học kỳ 1 – Năm học 2021 – 2022.</p><p>+ 02 Nữ sinh viên được khen thưởng danh hiệu Nữ sinh viên tiêu biểu trong lĩnh vực KHCN</p><p><img src=\"https://storage.googleapis.com/hcmus-alumverse-dev/images/news/17dc072c-11f4-4de5-aa91-fb65ec78cec4/0\"></p><p><span style=\"color: rgb(19, 22, 24);\">Trường Đại học Khoa học Tự nhiên vẫn luôn tự hào với các thế hệ cựu sinh viên, giảng viên với thành tích nghiên cứu khoa học – công nghệ tiêu biểu, làm rạng danh Việt Nam trên bản đồ thế giới trong lĩnh vực khoa học, đổi mới sáng tạo và khởi nghiệp, từ những thế hệ tiền nhân đã là sư trưởng của nhiều thế hệ nhân tài, đến những nhân tố đang miệt mài say mê với con đường mình đã chọn như: TS. Phan Minh Liêm – người Việt Nam đầu tiên 4 lần được vinh danh trên bức tường danh dự của Viện nghiên cứu ung thư hàng đầu thế giới MD Aderson; GS.TS Phan Thành Nam – người Việt đầu tiên được trao giải thưởng chính thức của Hội Toán học Châu âu (EMS); Lê Yên Thanh – Forbes Asia 30 under 30, người từ chối Google để về Việt Nam khởi nghiệp với nền tảng mình đã phát triển từ thời sinh viên, BusMap;…Nhiều cựu sinh viên trường cũng đang là những chính khách, đã và đang đảm nhiệm nhiều vị trí quan trọng của Đảng và Nhà nước.</span></p><p><img src=\"https://storage.googleapis.com/hcmus-alumverse-dev/images/news/17dc072c-11f4-4de5-aa91-fb65ec78cec4/1\"></p><p><span style=\"color: rgb(19, 22, 24);\">Vẫn còn đó những khó khăn, vẫn còn đó những thách thức, nhưng những thành tựu của các thế hệ giảng viên, người học luôn là những tài sản vô giá tạo nên những giá trị bền vững cho Trường ĐH KHTN, và đó cũng chính là niềm hạnh phúc ủa những ai đã và đang thuộc về Ngôi trường Khoa học này.</span></p>','https://storage.googleapis.com/hcmus-alumverse-dev/images/news/17dc072c-11f4-4de5-aa91-fb65ec78cec4/thumbnail',4,'2024-07-06 14:59:23','2024-07-06 14:59:24','2024-07-18 11:30:00',2,1,0),('2107aeaa-bcfe-4c13-9428-13eff8203941','30ff6fa7-035f-42e4-aa13-55c1c94ded1e','Ký kết hợp tác với Công ty TNHH Dịch vụ Thử không Phá hủy Q.I.S','Ngày 02/8/2023 vừa qua, Lễ ký kết hợp tác giữa Trường Đại học Khoa học tự nhiên và công ty TNHH Dịch vụ Thử không phá hủy Q.I.S đã diễn ra tốt đẹp.','<p>Ngày 02/8/2023 vừa qua, Lễ ký kết hợp tác giữa Trường Đại học Khoa học tự nhiên, ĐHQG-HCM và công ty TNHH Dịch vụ Thử không phá hủy Q.I.S đã diễn ra thành công và tốt đẹp.</p><p>Công ty dịch vụ thử không phá hủy Q.I.S là một công ty Việt Nam chuyên ngành về thử không phá hủy, khảo sát công nghiệp, xử lý nhiệt và cung cấp dịch vụ quản lý chất lượng dự án, tư vấn quản lý dự án, nghiên cứu và chuyển giao công nghệ Green &amp; High Tech …</p><p>Tham dự Buổi lễ, về phía Trường Đại học Khoa học tự nhiên, ĐHQG-HCM có PGS.TS. Trần Lê Quan – Hiệu trưởng; PGS.TS. Ngô Đại Nghiệp – Trưởng phòng Phòng Quan hệ Đối ngoại; TS. Võ Hồng Hải – Phó Trưởng phòng Phòng Quan hệ đối ngoại; PGS.TS. Trần Thị Thanh Vân – Trưởng khoa Khoa Khoa học và Công nghệ vật liệu; PGS.TS. Huỳnh Văn Tuấn – Trưởng khoa Khoa Vật lý – Vật lý kỹ thuật; PGS.TS. Trần Thiện Thanh – Phó Trưởng khoa, Khoa Vật lý – Vật lý kỹ thuật; GS. Châu Văn Tạo – Trưởng bộ môn Khoa Vật lý – Vật lý kỹ thuật; PGS.TS. Lê Vũ Tuấn Hùng – Trưởng bộ môn Khoa Vật lý – Vật lý kỹ thuật cùng các giảng viên. Đại diện công ty TNHH Dịch vụ Thử không phá hủy Q.I.S là Ông Lê Văn Nghi – Chủ tịch kiêm Tổng Giám đốc. Các vị khách mời quan trọng tham dự là ThS. Nguyễn Ngọc Huynh – Trưởng phòng Phòng cấp phép, PGS.TS. Nguyễn Tuấn Khải – Cục trưởng Cục An toàn Bức xạ và hạt nhân, Bộ Khoa học và Công nghệ và TS. Sajeesh Kumar Bapu – Chủ tịch Hội NDT thế giới (tham dự online).</p><p><img src=\"https://storage.googleapis.com/hcmus-alumverse-dev/images/news/2107aeaa-bcfe-4c13-9428-13eff8203941/0\"></p><p>Lễ ký kết diễn ra đã chính thức đánh dấu sự hợp tác của Trường Đại học Khoa học tự nhiên, ĐHQG-HCM và công ty TNHH Dịch vụ Thử không phá hủy Q.I.S về chiến lược đào tạo thực nghiệm và phát triển nguồn nhân lực, trọng điểm là sinh viên Khoa Vật lý – Vật lý Kỹ thuật và Khoa Khoa học và Công nghệ Vật liệu của Trường trên cơ sở chức năng, quyền hạn và năng lực hiện có. Mục tiêu chính là đào tạo ra các Cử nhân có chứng chỉ Quốc tế, đầy đủ năng lực và kinh nghiệm thực tiễn, đáp ứng được các yêu cầu đầu vào khắt khe của các tổ chức hoặc dự án liên quan.</p><p>Tại buổi lễ, Chủ tịch kiêm Tổng Giám đốc – Ông Lê Văn Nghi đã đánh giá rất cao về tiềm năng hợp tác giữa hai bên trong việc chế tạo và tận dụng một cách hoàn hảo các thành phẩm khoa học của trường. Ngoài ra, Ông Nghi còn nói thêm: “Q.I.S hiện tại rất mong nhận được sự hỗ trợ từ Trường trong việc đào tạo và cung cấp các nhân sự chuyên môn cao để có thể mở rộng phạm vi từ nội địa ra quốc tế một cách hiệu quả. Sự hợp tác này cũng là một cơ hội tốt và là cơ sở tiền đề để chúng ta có thể hoàn toàn tự chủ đào tạo các nguồn nhân lực giỏi cho các ngành nghề liên quan đến Không Phá Hủy.”</p><p>Cục trưởng Cục An toàn Bức xạ và hạt nhân – PGS.TS. Nguyễn Tuấn Khải bày tỏ cảm nghĩ của mình về Lễ ký kết ngày hôm nay: “Đây là sự hợp tác hữu ích giữa Q.I.S và Trường Đại học Khoa học tự nhiên, ĐHQG-HCM trong rất nhiều lĩnh vực liên quan đến nghiên cứu khoa học, giúp gặt hái được nhiều thành tựu cũng như đưa ra các giải pháp mới và thực tế cho các vấn đề khoa học hiện nay, góp phần phát triển đất nước”. Bên cạnh đó, PGS.TS. Nguyễn Tuấn Khải cũng thay mặt Bộ Khoa học và Công nghệ để bày tỏ sự ủng hộ của bộ trong việc hợp tác này.</p><p>Trước khi kết thúc buổi lễ, Hiệu trưởng Trường Đại học Khoa học tự nhiên – PGS.TS. Trần Lê Quan đã thay mặt Ban lãnh đạo trường cam kết sẽ phối hợp toàn diện với Q.I.S để có thể mang lại lợi ích lớn nhất cho đôi bên.</p>','https://storage.googleapis.com/hcmus-alumverse-dev/images/news/2107aeaa-bcfe-4c13-9428-13eff8203941/thumbnail',6,'2024-07-06 15:31:08','2024-07-06 15:31:09','2024-07-24 11:45:00',2,4,1),('33b1024a-ae30-4290-b948-e7f7c0aaab20','30ff6fa7-035f-42e4-aa13-55c1c94ded1e','Trường Đại học Khoa học Tự nhiên hướng đến đào tạo thiết kế vi mạch và công nghệ bán dẫn','Đó là thông tin được PGS.TS Trần Lê Quan – Hiệu trưởng Trường ĐH Khoa học Tự nhiên ĐHQG-HCM (KHTN) nêu ra tại Lễ khai giảng năm học 2023-2024.','<p><strong style=\"color: rgb(19, 22, 24);\">Đó là thông tin được PGS.TS Trần Lê Quan – Hiệu trưởng Trường ĐH Khoa học Tự nhiên ĐHQG-HCM (KHTN) nêu ra tại Lễ khai giảng năm học 2023-2024. PGS.TS Dương Anh Đức – Phó Chủ tịch UBND TP.HCM, và PGS.TS Nguyễn Minh Tâm – Phó Giám đốc ĐHQG-HCM, đã đến dự.</strong></p><p><img src=\"https://storage.googleapis.com/hcmus-alumverse-dev/images/news/33b1024a-ae30-4290-b948-e7f7c0aaab20/0\"></p><p class=\"ql-align-center\"><em>PGS.TS Trần Lê Quan – Hiệu trưởng Trường ĐH KHTN, phát biểu diễn văn tại Lễ khai giảng.</em></p><p><strong>Thực hiện chiến lược phát triển ĐHQG-HCM</strong></p><p>Trong diễn văn khai giảng, Hiệu trưởng Trường ĐH KHTN cho biết ở bậc đại học, tính đến tháng 6/2023, tổng quy mô đào tạo của Trường là 15.137 sinh viên thuộc 30 chương trình đào tạo và 17 ngành học. Trong những năm qua, để đáp ứng nhu cầu của xã hội và người học, Trường đã mở mới các ngành đào tạo bậc đại học như Khoa học Dữ liệu, Trí tuệ Nhân tạo, Công nghệ Vật lý Điện tử và Tin học, Quản lý Tài nguyên và Môi trường.</p><p>Theo PGS.TS Trần Lê Quan, để thực hiện Chiến lược phát triển ĐHQG-HCM giai đoạn 2021-2030, Trường ĐH KHTN đang cùng với các trường thành viên trong hệ thống ĐHQG-HCM xây dựng đề án mở ngành đào tạo về Thiết kế Vi mạch tại Khoa Điện tử – Viễn thông và ngành Công nghệ Bán dẫn tại Khoa Vật lý – Vật lý Kỹ thuật.</p><p>“Mặc dù là hai ngành mới, nhưng đây là những hướng nghiên cứu và chuyên ngành đào tạo truyền thống của Trường ở bộ môn Điện tử, Khoa Điện tử – Viễn thông, và bộ môn Vật lý Bán dẫn, Khoa Vật lý – Vật lý Kỹ thuật” – Hiệu trưởng giải thích.</p><p>Phát biểu tại buổi lễ, PGS.TS Nguyễn Minh Tâm – Phó Giám đốc ĐHQG-HCM, cho biết Dự thảo Chiến lược phát triển ĐHQG-HCM giai đoạn 2021-2030, tầm nhìn 2045 đã xác định mục tiêu: Trở thành hệ thống đại học nghiên cứu trong tốp đầu châu Á, nơi hội tụ nhân tài và lan tỏa tri thức, văn hóa Việt Nam. Cùng với đó là các giá trị cốt lõi: Xuất sắc, tiên phong, chính trực trong đào tạo, nghiên cứu; Trách nhiệm, hiệu quả trong hoạt động; Gắn kết, phục vụ cộng đồng.</p><p>Trong đó, có chiến lược đẩy mạnh nghiên cứu, phát triển, ứng dụng khoa học – công nghệ liên ngành giải quyết các nhiệm vụ quốc gia, khu vực và thế giới với mục tiêu cụ thể là phát triển ĐHQG-HCM trở thành trung tâm nghiên cứu và đổi mới sáng tạo trong các lĩnh vực công nghệ bán dẫn, công nghệ sinh học, chuyển đổi số và trí tuệ nhân tạo (AI) thuộc nhóm hàng đầu châu Á. Phó Giám đốc ĐHQG-HCM ghi nhận nỗ lực của Trường ĐH KHTN trong việc nhanh chóng xây dựng chương trình đào tạo về thiết kế vi mạch và công nghệ bán dẫn.</p><p><img src=\"https://storage.googleapis.com/hcmus-alumverse-dev/images/news/33b1024a-ae30-4290-b948-e7f7c0aaab20/1\"></p><p class=\"ql-align-center\"><em>PGS.TS Nguyễn Minh Tâm – Phó Giám đốc ĐHQG-HCM, dành lời nhắn gửi đến sinh viên và nhà trường.</em></p><p><strong>Khen thưởng nhiều tân sinh viên xuất sắc</strong></p><p>Tại Lễ khai giảng, các thủ khoa, á khoa tuyển sinh, sinh viên đạt thành tích xuất sắc trong kỳ xét tuyển đại học năm 2023&nbsp;của Trường ĐH KHTN đã được tuyên dương và trao học bổng. Có 7 sinh viên đạt thành tích cao trong kỳ xét tuyển được cấp học bổng tương đương học phí 4 năm học.</p><p>Năm học này, Trường đã đón nhận bạn Phan Lê Thúc Bảo – thủ khoa Trường theo phương thức xét tuyển dựa trên điểm thi ĐGNL, đồng thời là thủ khoa kỳ thi ĐGNL của ĐHQG-HCM năm 2023 với 1.133/1.200 điểm. Thúc Bảo theo học Chương trình Tiên tiến ngành Khoa học Máy tính. Ngoài ra, bạn Trần Nguyễn Thanh Danh – cựu học sinh Trường Phổ thông Năng khiếu, Huy chương Đồng Olympic Toán quốc tế năm 2023 (IMO), trở thành tân sinh viên ngành Khoa học Máy tính.</p><p>Hằng năm, Quỹ Phát triển ĐHQG-HCM vận động nguồn tài trợ để trao học bổng thủ khoa đầu vào tại các cơ sở đào tạo thành viên, trực thuộc ĐHQG-HCM. Năm học 2023-2024, Quỹ dành hai suất học bổng cho Trường ĐH KHTN, mỗi suất trị giá 30 triệu đồng từ nhà tài trợ là Ngân hàng Vietcombank chi nhánh TP.HCM. Hai sinh viên nhận học bổng là thủ khoa Phan Lê Thúc Bảo (phương thức xét điểm ĐGNL) và thủ khoa Đoàn Quang Thắng (phương thức xét điểm kỳ thi tốt nghiệp THPT).</p><p><img src=\"https://storage.googleapis.com/hcmus-alumverse-dev/images/news/33b1024a-ae30-4290-b948-e7f7c0aaab20/2\"></p><p class=\"ql-align-center\"><em>Thủ khoa Phan Lê Thúc Bảo đại diện tân sinh viên chia sẻ cảm nghĩ khi trở thành sinh viên Trường ĐH KHTN.</em></p>','https://storage.googleapis.com/hcmus-alumverse-dev/images/news/33b1024a-ae30-4290-b948-e7f7c0aaab20/thumbnail',1,'2024-07-06 14:52:33','2024-07-06 14:53:48','2024-07-18 10:15:00',2,4,0),('415f8c1b-feba-439e-bdcd-8c420fd9d0d7','30ff6fa7-035f-42e4-aa13-55c1c94ded1e','Từ học trò tỉnh lẻ thành giáo sư đại học Mỹ','Minh Nhật, 34 tuổi, người Bạc Liêu, là giáo sư và “ngôi sao đang lên” trong cộng đồng người Việt theo đuổi khoa học dữ liệu và học máy ở Mỹ.','<p>Minh Nhật, 34 tuổi, người Bạc Liêu, là giáo sư và “ngôi sao đang lên” trong cộng đồng người Việt theo đuổi khoa học dữ liệu và học máy ở Mỹ.</p><p>Hồ Phạm Minh Nhật hiện là giáo sư bậc một về Khoa học dữ liệu, Thống kê và Học máy tại Đại học Texas – Austin. Đây là một trong 10 trường hàng đầu của Mỹ về trí tuệ nhân tạo (AI) và khoa học công nghệ, theo US News.</p><p>Anh còn là thành viên Viện Khoa học về Nền tảng học máy và Trí tuệ nhân tạo tại Austin, cùng hơn 60 bài báo trên các tạp chí Q1 và hội nghị lớn. Hiện tại, hướng nghiên cứu của Nhật về ba chủ đề lớn: Khả năng suy diễn, mở rộng, tính hiệu quả của các mô hình học sâu và ngôn ngữ lớn, như ChatGPT; Sự ổn định và tối ưu của các thuật toán trong học máy và trí tuệ nhân tạo; Tính không đồng nhất, cao chiều của dữ liệu lớn và phát triển các phương pháp, mô hình mới để có thể nắm giữ và khám phá, tối ưu hiệu quả các thông tin này của dữ liệu.</p><p>Ngoài ra, Nhật đang hướng dẫn 8 nghiên cứu sinh tiến sĩ, bốn trong số họ là sinh viên Việt Nam.</p><p>“Tôi tự hào vì đã góp phần tạo cầu nối giúp các bạn trẻ Việt Nam theo học tiến sĩ về học máy, thống kê và trí tuệ nhân tạo tại nhiều đại học hàng đầu của thế giới”, anh nói.</p><p class=\"ql-align-center\"><img src=\"https://storage.googleapis.com/hcmus-alumverse-dev/images/news/415f8c1b-feba-439e-bdcd-8c420fd9d0d7/0\"></p><p class=\"ql-align-center\"><em style=\"color: rgb(19, 22, 24);\">Hồ Phạm Minh Nhật. Ảnh:&nbsp;Nhân vật cung cấp</em></p><p>Nhật nói hành trình của mình có nhiều thách thức, khiến anh phải tự trưởng thành và xử lý áp lực ở những cột mốc quan trọng.</p><p>Sinh ra trong gia đình có truyền thống học hành, Nhật bộc lộ niềm đam mê với Toán từ những năm cấp 2. Anh thích tìm những lời giải khác nhau cho những bài toán, luôn đạt giải cao thi học sinh giỏi của tỉnh Bạc Liêu.</p><p>Một lần đọc bài báo về tấm huy chương vàng với điểm tuyệt đối và lời giải đặc biệt của thầy Lê Bá Khánh Trình trong kỳ thi Toán quốc tế năm 1979, Nhật ngưỡng mộ, đặt mục tiêu thi vào trường Phổ thông Năng khiếu, Đại học Quốc gia TP HCM, nơi thầy Trình giảng dạy.</p><p>Năm 2004, Nhật thi đỗ vào ngôi trường này. Rời Bạc Liêu lên TP HCM, cậu học trò chưa từng xa nhà càng thêm áp lực vì bạn bè trong lớp đều rất giỏi. Nhờ nỗ lực, Nhật được chọn thi học sinh giỏi quốc gia hai năm liền. Tuy nhiên, Nhật không đạt giải.</p><p>“Nhìn các bạn cùng khóa đạt giải cao ở các kì thi trong nước và quốc tế, tôi càng thêm thất vọng về mình”, Nhật nhớ lại.</p><p>Sau quãng thời gian loay hoay, Nhật rút ra được một bài học, làm nền tảng cho toàn bộ hành trình của mình về sau. Anh nhìn nhận thất bại tại một thời điểm không có nghĩa là dừng lại, thay vào đó cần kiên trì và quyết tâm theo đuổi đam mê.</p><p>Vì thế, hết cấp 3, Nhật chọn theo chuơng trình cử nhân tài năng Toán – Tin, trường Đại học Khoa học Tự nhiên TP HCM. Tại đây, Nhật được tiếp xúc nhiều mảng toán học mới, xây dựng mối quan hệ với các giáo sư trong và ngoài nước thông qua các chương trình trao đổi. Cuối năm thứ ba, Nhật được nghe một giáo sư Mỹ nói chuyện về những ứng dụng thực tế của Toán khi tham gia trường Hè về Khoa học dữ liệu và Thống kê. Trải nghiệm đã thắp lên niềm đam mê của Nhật với lĩnh vực này, cũng khiến anh xác định đi theo con đường nghiên cứu và giảng dạy.</p><p>Năm 2011, Nhật học thạc sĩ Toán ứng dụng theo chương trình hợp tác giữa trường Đại học Khoa học Tự nhiên TP HCM và 6 đại học ở Pháp. Trong thời gian này, Nhật nhận tin trúng học bổng toàn phần làm nghiên cứu sinh tiến sĩ ngành Thống kê tại Đại học Michigan-Ann Arbor, dưới sự hướng dẫn của giáo sư người Việt nổi tiếng Nguyễn Xuân Long. Anh nhanh chóng hoàn thành chương trình thạc sĩ tại Pháp và sang Mỹ nhập học.</p><p>Chuyển môi trường mới, Nhật thấy áp lực vì vừa phải làm quen với lịch học căng thẳng, chuyên sâu, vừa phải thích nghi với thời tiết và văn hóa nơi này. Ngoài ra, các nghiên cứu sinh đồng trang lứa đều rất tài năng, từng tốt nghiệp các trường danh giá như MIT hay Stanford, một số có kinh nghiệm nghiên cứu từ rất sớm.</p><p>Nhật thường xuyên làm việc tại thư viện đến khuya, học bù những kiến thức mà mình còn thiếu sót và nghiên cứu sâu hơn những kiến thức mới trên lớp. Vì thế, anh cũng thường là người ngồi chuyến xe bus cuối cùng lúc 2 giờ sáng để về khu nhà của trường. Hàng ngày, anh chịu khó trò chuyện với các bạn cùng khóa, vừa nâng cao kỹ năng ngoại ngữ vừa học hỏi thêm về văn hóa và kiến thức. Mất gần hai năm, anh mới hòa nhập với cuộc sống nơi đây, bắt đầu tập trung làm nghiên cứu.</p><p>“Tôi phải cố gắng 200% sức lực để có thể hoàn thành tốt chương trình tiến sĩ”, Nhật chia sẻ.</p><p>Mặc dù thực hiện nhiều đề tài cùng giáo sư hướng dẫn và tốt nghiệp tiến sĩ vào năm 2017, Nhật vẫn chưa hoàn toàn chắc chắn về hướng nghiên cứu tiếp theo. Vì thế, anh quyết định học sau tiến sĩ ngành Kỹ thuật Điện và Khoa học máy tính tại Đại học California ở Berkeley, với sự hướng dẫn của hai giáo sư hàng đầu về Học máy và Trí tuệ nhân tạo là Michael I. Jordan và Martin Wainwright.</p><p>Tuy nhiên,&nbsp;anh phải chật vật tìm hướng nghiên cứu mới trong 9 tháng đầu. Để vượt qua, Nhật tìm đọc nhiều bài báo khoa học, tham dự các hội thảo chuyên sâu trong ngành để gặp gỡ, trao đổi với các giáo sư. Nhờ vậy, Nhật phát hiện một số thuật toán quan trọng, bao gồm thuật toán giảm độ dốc và thuật toán Newton, được mọi người sử dụng rộng rãi để ước lượng tham số trong các mô hình học máy, nhưng nguyên lý đằng sau về sự đánh đổi giữa tính ổn định, độ phức tạp tính toán, và độ chính xác về mặt thống kê của các thuật toán này lại chưa được hiểu rõ.</p><p>Vì vậy, anh quyết định nghiên cứu để hiểu sâu về sự đánh đổi giữa các yếu tố trên nhằm tối ưu hóa các thuật toán trong học máy và trí tuệ nhân tạo. Thành quả là hơn 10 bài báo khoa học được Nhật hoàn thành từ giữa năm 2018 đến cuối năm 2019.</p><p class=\"ql-align-center\"><em><img src=\"https://storage.googleapis.com/hcmus-alumverse-dev/images/news/415f8c1b-feba-439e-bdcd-8c420fd9d0d7/1\"></em></p><p class=\"ql-align-center\"><em>Nhật và nghiên cứu sinh Nguyễn Bá Khải tại một hội nghị ở Hawaii, hồi tháng 7. Ảnh:&nbsp;Nhân vật cung cấp</em></p><p>Được nhiều đại học mời làm việc, anh Nhật chọn Đại học Texas, Austin vì nhận định môi trường làm việc thoải mái, giảng viên trẻ có điều kiện nghiên cứu đỉnh cao. Hơn nữa, khí hậu ở Texas cũng tương tự như quê nhà, là nơi nhiều người Việt sinh sống.</p><p>Nhật bắt đầu giảng dạy từ tháng 8/2020, đúng thời điểm Covid-19 lan rộng ở Mỹ. Nhật không thể tiếp xúc trực tiếp với đồng nghiệp và chỉ dạy học trước màn hình máy tính. Có những sinh viên không bật camera hay thể hiện quan điểm khiến anh không kết nối được để hiểu họ muốn gì.</p><p>Nhờ đã có kinh nghiệm xử lý áp lực, cùng với hỗ trợ tinh thần từ gia đình, Nhật vượt qua được khó khăn ban đầu. Nhìn lại trải nghiệm này, điều Nhật thấy quý giá nhất là có thể truyền tải kiến thức và niềm đam mê cho sinh viên, là người hướng dẫn, tư vấn họ trong quá trình học.</p><p>Đây cũng nguồn cảm hứng để Nhật bắt đầu dự án chia sẻ kiến thức và dạy học trực tuyến miễn phí cho người Việt. Năm 2021, anh sáng lập trang Facebook “Khoa học dữ liệu và Trí tuệ nhân tạo”, tổ chức một số buổi học từ cơ bản đến nâng cao bằng tiếng Việt về khoa học dữ liệu, học máy, thống kê, và trí tuệ nhân tạo qua Zoom.</p><p>“Buổi đầu tiên có gần 1.000 bạn tham gia, làm tôi rất bất ngờ”, Nhật nhớ lại, cho biết rất vui vì được mọi người hưởng ứng.</p><p class=\"ql-align-center\"><em><img src=\"https://storage.googleapis.com/hcmus-alumverse-dev/images/news/415f8c1b-feba-439e-bdcd-8c420fd9d0d7/2\"></em></p><p class=\"ql-align-center\"><em>Nhật giảng bài ở trường Hè về Khoa học dữ liệu, trường Đại học Khoa học Tự nhiên TP HCM, hồi tháng 8. Ảnh:&nbsp;Nhân vật cung cấp</em></p><p>Giáo sư Trần Đình Quốc, khoa Thống kê và Nghiên cứu Vận hành tại Đại học North Carolina, nhận xét: “Nhật tài năng, nhiệt huyết và năng động trong nghiên cứu. Anh là một ngôi sao đang lên trong những người Việt theo đuổi ngành Học máy và Khoa học dữ liệu ở Mỹ”.</p><p>Qua những trải nghiệm của bản thân, Nhật tin rằng, khó khăn sẽ giúp mỗi người trưởng thành hơn và niềm đam mê sẽ dẫn lối để đến những thành công mới. Bài học lớn nhất anh rút ra là phải biết cách cân bằng kỳ vọng và áp lực trong những khó khăn ấy.</p><p>“Không đạt được mục tiêu sẽ khiến một người gặp rào cản tâm lý rất lớn. Điều quan trọng, bản thân lúc nào cũng phải bình tĩnh, điều chỉnh lại mục tiêu cũng như rút ra kinh nghiệm từ những thất bại để thích nghi”, anh cho hay.</p><p>Nhật nhìn nhận khoa học dữ liệu và trí tuệ nhân tạo sẽ phát triển rất mạnh. Để làm chủ được nhiều công nghệ cốt lõi, đất nước cần những chuyên gia nghiên cứu hàng đầu. Vì vậy, ngoài công việc ở Mỹ, Nhật hỗ trợ sinh viên đại học ở Việt Nam nghiên cứu, tìm cơ hội theo học tiến sĩ ở các trường danh tiếng.</p><p>“Tôi cũng ấp ủ việc tổ chức các trường Hè, trường Đông về khoa học dữ liệu và trí tuệ nhân tạo tại Việt Nam, làm cầu nối giữa sinh viên với các giáo sư đầu ngành trên thế giới”, Nhật nói.</p>','https://storage.googleapis.com/hcmus-alumverse-dev/images/news/415f8c1b-feba-439e-bdcd-8c420fd9d0d7/thumbnail',1,'2024-07-06 14:34:08','2024-07-06 14:34:09','2024-07-18 10:00:00',2,1,0),('41efe1ab-1842-4739-8ff0-0d2a7ba72529','30ff6fa7-035f-42e4-aa13-55c1c94ded1e','Hội thảo Chuyên đề Công nghệ Môi trường và năng lượng xanh','Ngày 01/06, Trường Đại học Khoa học tự nhiên, ĐHQG-HCM trân trọng chào đón chuyên gia và giáo sư của trường Đại học Yuntech – Đài Loan đến trao đổi.','<p><span style=\"color: rgb(19, 22, 24);\">Ngày 01/06, Trường Đại học Khoa học tự nhiên, ĐHQG-HCM trân trọng chào đón các chuyên gia và giáo sư của trường Đại học Yuntech – Đài Loan đến trao đổi, giao lưu học thuật và trình bày hội thảo về các chuyên đề liên quan đến công nghệ môi trường và nguồn năng lượng sạch.</span></p><p><img src=\"https://storage.googleapis.com/hcmus-alumverse-dev/images/news/41efe1ab-1842-4739-8ff0-0d2a7ba72529/0\"></p><p>Tại sự kiện, Quý Thầy Cô, học viên, sinh viên và các nhà nghiên cứu đã được tìm hiểu thêm nhiều thông tin hữu ích về các chương trình hợp tác vừa được ký kết giữa trường Đại học Khoa học tự nhiên, ĐHQG – HCM và trường Đại học Yuntech – Đài Loan, các chương trình liên kết của trường Đại học Yuntech và các trường Đại học khác của Việt Nam và các chương trình liên kết của trường Đại học Yuntech và Đại học Mỹ.</p><p>GS.Su Chwen-Tzeng, Hiệu phó của trường Đại học Yuntech khẳng định: “Đại học Yuntech, Đài Loan và trường Đại học Khoa học tự nhiên, ĐHQG-HCM đã có sự hợp tác chặc chẽ trong một thời gian dài và trên nhiều phương diện. Thông qua các chương trình ký kết vừa qua và buổi giao lưu, gặp gỡ hôm nay, tôi tin rằng, mối liên kết này sẽ ngày càng bền vững, lâu dài, mở ra càng nhiều cơ hội hợp tác cho đôi bên”.</p><p>Các chủ đề chính được trao đổi và thảo luận trong buổi hội thảo, bao gồm:</p><ul><li><strong>Chủ đề 1: Hướng tới nền kinh tế tuần hoàn nông nghiệp thực phẩm ròng thông qua nhà máy lọc sinh học (dựa trên côn trùng).</strong></li></ul><p>Diễn giả: GS. Cheng Yu-Shen (Hiệu trưởng Trường Cao đẳng Future, trực thuộc Đại học Yuntech; kiêm Giáo sư giảng dạy Khoa Kỹ thuật Hóa chất và Vật liệu, Đại học Yuntech)</p><p>Nội dung: Sử dụng ấu trùng hoặc côn trùng như một nguồn nguyên liệu quan trọng để chế tạo các vật liệu thân thiện với môi trường như da nhân tạo, hoặc tạo nguồn cung cấp thực phẩm thay thế trong tương lai. Sử dụng rác thải hoặc phế phẩm nông nghiệp là nguồn thức ăn chính cho các loại ấu trùng hoặc côn trùng, góp phần giải quyết vấn đề chất thải môi trường, thúc đẩy giảm khí thải nhà kính và hạn chế sự biến đổi khí hậu toàn cầu.</p><ul><li><strong>Chủ đề 2: Sản xuất năng lượng xanh từ khí thải của ống xả trong các nhà máy công nghiệp</strong></li></ul><p>Diễn giả: GS. Tseng Shi-Chang (Giáo sư giảng dạy Khoa Kỹ thuật Hóa chất và Vật liệu, Đại học Yuntech)</p><p>Nội dung: Tận dụng năng lượng và chuyển hóa năng lượng là việc rất quan trọng trong công nghiệp. Chính vì vậy, chế tạo các thiết bị tận dụng năng lượng từ dòng thải trên quy mô công nghiệp sẽ giúp tăng khả năng chuyển hóa và giảm tác động môi trường. Nghiên cứu tập trung vào việc thiết kế chế tạo thiết bị turbin khí quy mô nhỏ, vận hành dựa vào động lực từ khí thải của các thiết bị xả. Nhiều thiết kế đã được thực hiện và các mô phỏng khí động học được khảo sát để tìm ra hình dạng tối ưu của cánh turbin. Nghiên cứu này khi ứng dụng trên quy mô công nghiệp sẽ giúp tiết kiệm năng lượng bằng cách sản xuất năng lượng từ động lực của nguồn khí thải, góp phần tận dụng tối đa và tăng khả năng chuyển hóa năng lượng để đạt mục tiêu “green energy (năng lượng xanh)”.</p><ul><li><strong>Chủ đề 3: Đốt chất thải lộ thiên: hiện trạng, khí thải và ô nhiễm không khí</strong></li></ul><p>Diễn giả: PGS.TS. Tô Thị Hiền (Trưởng bộ môn Công nghệ Môi trường, Khoa Môi trường)</p><p>Nội dung: Hiện trạng ‘đốt lộ thiên’ thường xảy ra ở Việt Nam và các nước Đông Nam Á, các chất ô nhiễm phát sinh trong quá trình đốt này ảnh hưởng nhiều đến môi trường không khí và sức khoẻ con người, đặc biệt là bụi mịn. Theo như cô Hiền chia sẻ, nhóm nghiên cứu của cô đã đi thực tế, và kết quả của lượng bụi mịn đo được là PM1 và PM2.5 từ hoạt động đốt rơm rạ sau vụ mùa và đốt rác sinh hoạt hộ gia đình trong khu cư, lượng bụi mịn này là rất cao, trong quá trình đốt, có đến khoảng 1000 µg/m3 cho bụi PM2.5 và 300 µg/m3 cho bụi PM1. Những nghiên cứu tiếp theo như thành phần hoá học của bụi và hệ số phát thải từ quá trình đốt lộ thiên là việc rất cần thiết cho công tác kiểm soát và quản lý ô nhiễm môi trường không khí.</p>','https://storage.googleapis.com/hcmus-alumverse-dev/images/news/41efe1ab-1842-4739-8ff0-0d2a7ba72529/thumbnail',8,'2024-07-06 15:24:45','2024-07-06 15:24:45','2024-07-23 09:00:00',2,12,2),('4cf5d99b-03b8-4972-a202-388becba785a','30ff6fa7-035f-42e4-aa13-55c1c94ded1e','Ngày truyền thống Khoa Vật lý – Vật lý kỹ thuật (VL-VLKT) năm 2024','Ngày 07/05 vừa qua, Khoa Vật lý – Vật lý Kỹ thuật phối hợp với Cộng đồng Cựu sinh viên đã tổ chức Ngày truyền thống Khoa Vật lý – Vật lý kỹ thuật.','<p>Ngày 07/05 vừa qua, Khoa Vật lý – Vật lý Kỹ thuật phối hợp với Cộng đồng Cựu sinh viên đã tổ chức thành công Ngày truyền thống Khoa Vật lý – Vật lý kỹ thuật (VL-VLKT) năm 2023.&nbsp;Đây là dịp quý báu để các thế hệ thầy và trò cùng ôn lại những kỷ niệm, tổng kết, biểu dương những thành quả đã đạt được. Qua đó, khơi dậy niềm tự hào và truyền thống Khoa, hướng tới những thành tích cao hơn trong&nbsp;tương lai.</p><p>Tham&nbsp;dự Buổi Lễ có PGS.TS Trần Cao Vinh, Bí thư Đảng ủy, Chủ tịch Hội đồng Trường (cựu sinh viên Khoa); PGS.TS Trần Lê Quan, Hiệu trưởng; PGS.TS Trần Minh Triết, Phó hiệu trưởng; PGS.TS Lâm Quang Vinh, Trưởng Ban&nbsp;Khoa học Công nghệ,&nbsp;ĐHQG-HCM (cựu sinh viên Khoa); các nhà giáo lão thành, lãnh đạo trường và đơn vị nhiều năm gắn bó với Khoa. Đặc biệt, Ngày hội vinh dự đón tiếp PGS.TS Huỳnh Thành Đạt, UV TW Đảng, Bộ trưởng Bộ KH&amp;CN, trở về nơi đã gắn bó với Thầy từ lúc là sinh viên đến khi trở thành giảng viên tại trường. Trong bài phát biểu, PGS.TS Huỳnh Thành Đạt dành sự tri ân sâu sắc đến những quý thầy cô của Khoa&nbsp;VL-VLKT và mong muốn Cộng đồng cựu SV cùng Khoa thành lập Quỹ phát triển khoa học để tiếp sức cho các bạn sinh viên và giảng viên trong tương lai.</p><p><img src=\"https://storage.googleapis.com/hcmus-alumverse-dev/images/news/4cf5d99b-03b8-4972-a202-388becba785a/0\"></p><p><span style=\"color: rgb(19, 22, 24);\">Khoa Vật lý – Vật lý kỹ thuật là một trong những khoa có bề dày lịch sử lâu đời nhất Trường Đại học Khoa học Tự nhiên, ĐHQG-HCM với đa dạng ngành ĐH chính quy bao gồm: Vật lý học, Hải dương học, Kỹ thuật hạt nhân, Vật lý Y khoa và Công nghệ điện tử và tin học. Trong đó, vật lý học là ngành khoa học cơ bản, đóng vai trò nền tảng và quan trọng trong nhiều ngành khoa học và công nghệ như: khoa học môi trường, khoa học vũ trụ, công nghệ thông tin, công nghệ vật liệu, điện tử. Những ngành còn lại đào tạo định hướng ứng dụng và kỹ thuật nhằm đáp ứng tốt nhất nhu cầu của xã hội. Với lịch sử hình thành và phát triển hơn 80 năm, Khoa đã và đang đào tạo cho đất nước rất nhiều nhân tài nổi bật trong học thuật, nghiên cứu, giảng dạy và cả triển khai ứng dụng trong các ngành kỹ thuật – công nghệ. Nhiều Cựu sinh viên Vật lý hiện đang giữ nhiều vị trí quan trọng trong các cơ quan nhà nước, và công ty đã trở thành những tấm gương truyền cảm hứng và tiếp thêm động lực học tập cho các thế hệ đàn em.</span></p><p>Trước khi diễn ra ngày hội, nhiều hoạt động sự kiện hướng về ngày truyền thống cũng được tổ chức nhằm mục đích kết nối các thế hệ Cựu sinh viên và sinh viên với nhau như: Giải bóng đá cựu Cựu sinh viên Vật lý, Giải tennis Cựu sinh viên Vật lý mở rộng, Ngày hội Khoa học mở, .…</p><p>Quỹ học bổng Cựu sinh viên đã được hình thành và phát triển nhằm mục đích hỗ trợ các bạn sinh viên có hoàn cảnh khó khăn nhưng vẫn cố gắng học tập tốt. Đây là hoạt động rất ý nghĩa, thể hiện sự quan tâm của các thế hệ đi trước đến các bạn sinh viên đang học tại Khoa VL-VLKT. Sau khi xem xét và tuyển chọn, Khoa đã thống nhất trao 12 suất học bổng từ Quỹ cho các bạn sinh viên.</p><p><span style=\"color: rgb(19, 22, 24);\">Trong không khí ấm áp của Buổi Lễ, Ban đại diện cộng đồng Cựu sinh viên Vật lý cũng đã được ra mắt và giới thiệu nhằm mục đích chung tay phát triển Cộng đồng CSV&nbsp;khoa học trường Đại học Khoa học tự nhiên nói chung và của Khoa nói riêng. Ban đại diện cộng đồng Vật lý gồm các Anh Chị thuộc nhiều niên khóa khác nhau, nhằm dễ dàng kết nối các Anh Chị Cựu sinh viên khác.</span></p><p><span style=\"color: rgb(19, 22, 24);\"><span class=\"ql-cursor\">﻿</span>Khép lại Ngày truyền thống Khoa Vật lý – Vật lý kỹ thuật năm 2023 hết sức sôi động và thật nhiều ý nghĩa.&nbsp;Chúc cho Khoa Vật lý – Vật lý kỹ thuật và Ban đại diện cộng đồng Cựu sinh viên Vật lý ngày càng thành công và phát triển.</span></p>','https://storage.googleapis.com/hcmus-alumverse-dev/images/news/4cf5d99b-03b8-4972-a202-388becba785a/thumbnail',2,'2024-07-06 15:22:57','2024-07-06 15:22:57','2024-07-21 09:15:00',2,0,0),('68b25ba1-a34d-4de0-9862-9c024f00215e','30ff6fa7-035f-42e4-aa13-55c1c94ded1e','Trường Đại học Khoa học Tự nhiên nhận giấy chứng nhận kiểm định chất lượng giáo dục','Khát vọng vươn tầm thế giới, trở thành một hệ thống đại học nghiên cứu trong hàng đầu châu Á, nơi hội tụ của khoa học công nghệ, đổi mới sáng tạo.','<p>Khát vọng vươn tầm thế giới, trở thành một hệ thống đại học nghiên cứu trong hàng đầu châu Á, nơi hội tụ của khoa học công nghệ, đổi mới sáng tạo, văn hóa và tri thức Việt Nam là tầm nhìn mà Đại học Quốc gia Tp. Hồ Chí Minh (ĐHQG-HCM)&nbsp;hướng đến trong Kế hoạch chiến lược giai đoạn 2021-2025, tầm nhìn 2030. Trong đó, công tác đảm bảo chất lượng được xác định là nội dung cốt lõi, nhiệm vụ trọng tâm, nhằm từng bước nâng cao chất lượng đào tạo và nghiên cứu khoa học. Trong nhiều năm qua, ĐHQG-HCM đã vận hành xuyên suốt hệ thống đảm bảo chất lượng bên trong từ cấp ĐHQG-HCM đến cấp trường thành viên, đồng thời đẩy mạnh công tác đánh giá và kiểm định chất lượng, góp phần hình thành và lan toả văn hoá chất lượng trong toàn ĐHQG-HCM.</p><p>Năm 2022, ĐHQG-HCM có 4 trường đại học thành viên đã được Trung tâm Kiểm định Chất lượng Giáo dục ĐHQG Hà Nội (Trung tâm KDCLGD – ĐHQGHN)&nbsp;tiến hành đánh giá ngoài và đã được công nhận đạt chuẩn kiểm định chất lượng đó là&nbsp;<em>Trường ĐH Khoa học Tự nhiên</em>,&nbsp;<em>Trường ĐH Công nghệ Thông tin, Trường ĐH Khoa học Xã hội và Nhân văn và Trường ĐH Kinh tế-Luật</em>. Căn cứ vào kết quả đó, sáng ngày 20/3/2023,&nbsp;ĐHQG-HCM phối hợp với Trung tâm Kiểm định Chất lượng Giáo dục ĐHQG Hà Nội&nbsp;long trọng tổ chức Lễ công bố Quyết định và trao giấy chứng nhận kiểm định chất lượng cấp cơ sở giáo dục cho các trường đại học thành viên ĐHQG-HCM.</p><p>Tham dự buổi Lễ, về phía&nbsp;Trung tâm KDCLGD – ĐHQGHN có&nbsp;TS. Tạ Thị Thu Hiền, Giám đốc Trung tâm; Về phía&nbsp;ĐHQG-HCM có&nbsp;PGS.TS. Nguyễn Minh Tâm,&nbsp;Phó Giám đốc ĐHQG-HCM cùng lãnh đạo văn phòng, các Ban chức năng và&nbsp;Trung tâm Khảo thí và Đánh giá Chất lượng đào tạo (Trung tâm Khảo thí và ĐGCLĐT) ; Về phía các trường thành viên có đại diện Ban lãnh đạo nhà trường,&nbsp;các Khoa, Phòng, Ban chức năng, các tổ chức đoàn thể&nbsp;cùng&nbsp;các cơ quan truyền thông, báo đài đến đưa tin về buổi Lễ.</p><p><span style=\"color: rgb(19, 22, 24);\">Phát biểu&nbsp;khai&nbsp;mạc tại buổi Lễ, PGS.TS.&nbsp;Nguyễn Minh Tâm – Phó Giám đốc ĐHQG-HCM biểu dương&nbsp;và chúc mừng toàn thể đội ngũ quản lý, giảng viên, nhân viên và sinh viên các trường đã không ngừng nỗ lực nâng cao chất lượng dạy và học, nghiên cứu khoa học, đổi mới sáng tạo và phục vụ cộng đồng. “Chứng nhận kiểm định hôm nay là minh chứng quan trọng cho sự không ngừng đi lên của ĐHQG-HCM trên con đường chất lượng. Tuy nhiên, chúng ta xác định rất rõ chất lượng là cuộc hành trình, không phải là đích đến”, PGS.TS. Nguyễn Minh Tâm nhấn mạnh.</span></p><p><span style=\"color: rgb(19, 22, 24);\">Thay mặt&nbsp;Trung tâm KĐCLGD-ĐHQGHN, TS. Tạ Thị Thu Hiền đã gửi lời chúc mừng và đánh giá cao những nỗ lực và kết quả của các trường Đại học thành viên Đại học Quốc gia Thành phố Hồ Chí Minh trong hoạt động bảo đảm, kiểm định chất lượng giáo dục. Kết quả đạt được là cơ sở để giúp các Trường khẳng định chất lượng, vị thế và uy tín đối với nền giáo dục nước nhà và tiến tới tầm khu vực. Nhân dịp này, Giám đốc Tạ Thị Thu Hiền gửi lời cảm ơn tới lãnh đạo và các đơn vị liên quan trong Đại học Quốc gia Thành phố Hồ Chí Minh đã quan tâm chỉ đạo và phối hợp hiệu quả trong các hoạt động kiểm định chất lượng giáo dục thời gian vừa qua.</span></p><p><span class=\"ql-cursor\">﻿</span>Đại diện&nbsp;các&nbsp;trường đại học thành viên ĐHQG-HCM phát biểu, PGS.TS. Trần Lê Quan – Hiệu trưởng trường ĐH Khoa học Tự nhiên trân trọng gửi lời cảm ơn sâu sắc đến Trung tâm KDCLGD – ĐHQGHN cùng đoàn chuyên gia đánh giá ngoài đã có những khuyến nghị, góp ý chân thành để&nbsp;giúp&nbsp;các trường hoàn thành công tác kiểm định.</p><p>Trường ĐH KHTN đã đạt được kết quả đánh giá chính thức với tỷ lệ các tiêu chí đạt yêu cầu là<strong>&nbsp;96,4%&nbsp;</strong>(kết quả chu kỳ 1 là 86,9%).&nbsp;Kết quả đạt được lần này một lần nữa thể hiện sự đoàn kết thống nhất cao trong toàn thể lãnh đạo, nhân viên và sinh viên Trường ĐH KHTN với nhận thức đúng đắn về tầm quan trọng của việc không ngừng cải tiến chất lượng giáo dục trong Nhà trường, góp phần nâng cao hơn nữa công tác đảm bảo giáo dục, thể hiện vai trò và trách nhiệm của một trường đại học trước xã hội trong công tác bồi dưỡng nhân tài phục vụ cho sự phát triển đất nước.</p>','https://storage.googleapis.com/hcmus-alumverse-dev/images/news/68b25ba1-a34d-4de0-9862-9c024f00215e/thumbnail',1,'2024-07-06 15:06:36','2024-07-06 15:06:36','2024-07-19 08:15:00',2,0,0),('85f952d3-ca86-411f-9986-e396ab05cb8f','30ff6fa7-035f-42e4-aa13-55c1c94ded1e','Khai mạc Trường hè Khoa học Dữ liệu 2024','Sáng ngày 03/08, Trường Đại học Khoa học tự nhiên, đã phối hợp với Viện nghiên cứu Cao cấp về Toán tổ chức Lễ Khai mạc Trường hè Khoa học Dữ liệu.','<p>Sáng ngày 03/08, Trường Đại học Khoa học tự nhiên, ĐHQG-HCM đã phối hợp với Viện nghiên cứu Cao cấp về Toán tổ chức Lễ Khai mạc Trường hè Khoa học Dữ liệu tại Hội trường I, cơ sở Nguyễn Văn Cừ – Quận 5. Trường hè Khoa học Dữ liệu nhằm giới thiệu cho sinh viên, học viên cao học, nghiên cứu sinh và các nhà khoa học trên cả nước những chủ đề nghiên cứu hiện đại trong Khoa học dữ liệu và Trí Tuệ Nhân Tạo. Các sinh viên, học viên cao học, và nghiên cứu sinh không chỉ mở rộng thêm kiến thức thông qua các bài giảng mà còn có cơ hội tìm hiểu các hướng nghiên cứu và ứng dụng liên quan.</p><p>Tham dự Buổi Lễ có:</p><p>Về phía Viện Nghiên cứu cao cấp Toán (NCCCT): GS.TS. Nguyễn Xuân Hùng – Thành viên Hội đồng khoa học Viện NCCCT.</p><p>Về phía Trường ĐH KHTN: PGS.TS. Trần Minh Triết – Phó Hiệu trưởng; PGS.TS. Mai Hoàng Biên, Trưởng khoa Toán – Tin học; TS. Hoàng Văn Hà và ThS. Võ Đức Cẩm Hải, Phó trưởng Khoa Toán – Tin học; PGS.TS. Nguyễn Thanh Bình, Trưởng bộ môn Ứng dụng tin học; và các giảng viên Khoa Toán – Tin học.</p><p><img src=\"https://storage.googleapis.com/hcmus-alumverse-dev/images/news/85f952d3-ca86-411f-9986-e396ab05cb8f/0\"></p><p>Đặc biệt có sự hiện diện của hơn 130 bạn sinh viên, học viên cao học, nghiên cứu sinh và giảng viên trường bạn đến từ nhiều tỉnh thành từ 3 miền Bắc, Trung, và Nam. Ngoài ra, trường hè đã thu hút gần 100 người theo dõi trực tuyến trên nền tảng Zoom.</p><p>Trường hè Khoa học Dữ liệu năm 2023 diễn ra từ ngày 03/08 đến hết ngày 05/08 gồm các bài giảng:</p><ul><li>Generative AI as a goal for long and winding road, and where do we go?, GS. Masayuki Ida (ĐH Aoyama Gakuin)</li><li>Lifelogging Data Analytics, GS. Cathal Gurrin (ĐH Dublin City)</li><li>Reinforcement Learning and Its Applications, TS. Huỳnh Thế Đăng (ĐH Fulbright)</li><li>Fundamental Data Engineering, PGS. TS. Nguyễn Thanh Bình (Trường ĐH KHTN, ĐHQG-HCM)</li></ul><p>Ngay sau đó sẽ diễn ra Hội nghị về Khoa học dữ liệu cả ngày 06/08 với sự tham gia của 7 diễn giả đến từ nhiều Trường đại học trong nước và quốc tế:</p><ul><li>Optimal Transport in Large-Scale Machine Learning Applications, TS. Hồ Phạm Minh Nhật (University of Texas, Austin)</li><li>Digital Twins using Lifelogging, GS. Cathal Gurrin (Dublin City University, Ireland)</li><li>Transferability Estimation for Deep Learning Models, TS. Nguyễn Viết Cường (Florida International University, USA)</li><li>Intelligent Traffic Systems, PGS. TS. Trần Minh Triết (HCMUS)</li><li>Joint Optimization for Multi-Layer Convolutional Sparse Representation and Its Applications, PGS. TS. Guan-Ju Peng (National Chung Hsing University)</li><li>Fast and slow learning networks for online time series forecasting, TS. Phạm Hồng Quang (Viện nghiên cứu A*STAR, Singapore)</li><li>Open questions on visualization and model explainability for multimedia data under missing values, TS. Nguyễn Thị Thu (SimulaMet, Norway)</li></ul><p><span style=\"color: rgb(19, 22, 24);\">Lễ Khai mạc Trường hè Khoa học Dữ liệu 2023 diễn ra thành công tốt đẹp, hứa hẹn mang đến nhiều kiến thức bổ ích dành cho những người tham gia.</span></p>','https://storage.googleapis.com/hcmus-alumverse-dev/images/news/85f952d3-ca86-411f-9986-e396ab05cb8f/thumbnail',1,'2024-07-06 15:28:23','2024-07-06 15:28:23','2024-07-23 11:45:00',2,13,3),('97dbf166-86a1-4369-a0dc-2075fcf7de31','30ff6fa7-035f-42e4-aa13-55c1c94ded1e','Trường Đại học Khoa học tự nhiên, ĐHQG-HCM đã tổ chức Lễ tiếp nhận đóng góp kinh phí Giải thưởng Lê Văn Thới','Sáng ngày 04/08, Trường Đại học Khoa học tự nhiên, ĐHQG-HCM đã tổ chức Lễ tiếp nhận đóng góp kinh phí Giải thưởng Lê Văn Thới.','<p>Sáng ngày 04/08, Trường Đại học Khoa học tự nhiên, ĐHQG-HCM đã tổ chức Lễ tiếp nhận đóng góp kinh phí Giải thưởng Lê Văn Thới.</p><p>Giải thưởng mang tên GS.TS. Lê Văn Thới do GS.TS. Lê Ngọc Thạch khởi xướng, nhằm tưởng nhớ đến công lao và đạo đức của Thầy Lê Văn Thới, nguyên Khoa trưởng Khoa học Đại học đường Sài Gòn, nay là Trường Đại học Khoa học tự nhiên, ĐHQG-HCM. Điều này càng có ý nghĩa hơn khi Giải thưởng được trao lần đầu tiên nhân dịp kỷ niệm 100 năm ngày sinh của GS.TS. Lê Văn Thới (03/9/1917 – 03/9/2017). Giải thưởng được trao tặng nhằm tôn vinh những đề tài tốt nghiệp xuất sắc ở các bậc đào tạo trình độ Cử nhân, Thạc sĩ và Tiến sĩ, được thực hiện và bảo vệ tại Trường Đại học Khoa học tự nhiên, ĐHQG-HCM, với toàn bộ hoặc một phần kết quả nghiên cứu được công bố trong các tạp chí khoa học quốc tế uy tín có hệ số ảnh hưởng (impact factor) cao.</p><p><img src=\"https://storage.googleapis.com/hcmus-alumverse-dev/images/news/97dbf166-86a1-4369-a0dc-2075fcf7de31/0\"></p><p><span style=\"color: rgb(19, 22, 24);\">Giải thưởng Lê Văn Thới thực sự là một niềm tự hào của Trường Đại học Khoa học tự nhiên, ĐHQG-HCM, đặc biệt với đội ngũ giảng viên, các nhà khoa học và học viên, sinh viên của Nhà trường, một ngôi trường có bề dày truyền thống nghiên cứu trong các lĩnh vực khoa học cơ bản và đang tiếp cận trình độ thế giới trong những lĩnh vực khoa học công nghệ mũi nhọn, khoa học liên ngành.</span></p><p><span style=\"color: rgb(19, 22, 24);\"><span class=\"ql-cursor\">﻿</span>Trường Đại học Khoa học tự nhiên, ĐHQG-HCM chân thành cảm ơn GS.TS. Lê Ngọc Thạch đã cùng chung tay với Nhà trường duy trì và phát triển Giải thưởng Lê Văn Thới ngày càng bền vững; đồng hành với Nhà trường trong việc giới thiệu, quảng bá và điều hành giải thưởng Lê Văn Thới trong suốt thời gian qua.</span></p>','https://storage.googleapis.com/hcmus-alumverse-dev/images/news/97dbf166-86a1-4369-a0dc-2075fcf7de31/thumbnail',1,'2024-07-06 15:32:30','2024-07-06 15:32:31','2024-07-24 16:45:00',2,10,2),('9a2fb9e3-1daa-438a-806b-5044064c0ab4','30ff6fa7-035f-42e4-aa13-55c1c94ded1e','Giáo sư Nobel hóa học thuyết giảng tại trường ĐH Khoa học Tự nhiên','Sáng ngày 17/04/2023, Trường Đại học Khoa học Tự nhiên, ĐHQG-HCM vinh dự chào đón GS. Morten P. Meldal – chủ nhân giải Nobel Hóa học năm 2022.','<p><span style=\"color: rgb(19, 22, 24);\">Sáng ngày 17/04/2023, Trường Đại học Khoa học Tự nhiên, ĐHQG-HCM vinh dự chào đón GS. Morten P. Meldal – chủ nhân giải Nobel Hóa học năm 2022. Trong chuyến thăm và làm việc tại Việt Nam cùng với phu nhân là TS. Phaedria St. Hilaire, GS. Morten P. Meldal đã chia sẻ bài giảng đại chúng về “Hóa học Click” tại Giảng đường 1 (cơ sở 227 Nguyễn Văn Cừ, Phường 4, Quận 5).</span></p><p><img src=\"https://storage.googleapis.com/hcmus-alumverse-dev/images/news/9a2fb9e3-1daa-438a-806b-5044064c0ab4/0\"></p><p><span style=\"color: rgb(19, 22, 24);\">‘Hóa học Click’ là phản ứng định lượng tạo triazole giữa azide và alkyne sử dụng xúc tác đồng I (CuAAC). ‘Hóa học click’ có tính ứng dụng cao trong nhiều lĩnh vực như vật liệu polymer (tổng hợp các dendrimer – loại polymer giống như nhánh cây), trong sinh học (tổng hợp ghép các mạch polymer lên các đại phân tử như enzyme hay protein tạo thành các loại vật liệu lai có chức năng, ứng dụng mạnh), hay trong y học (tổng hợp các polymer chức năng thay đổi hình dạng theo điều kiện môi trường như pH hay nhiệt độ…).</span></p><p><span class=\"ql-cursor\">﻿</span>Chủ nhân Giải Nobel Hóa học&nbsp;năm 2022 cũng đã giới thiệu bốn ứng dụng được ông nghiên cứu:</p><ul><li>Ứng dụng 1: Trong hóa tổ hợp để tạo một lượng lớn các chất khác nhau, nhằm tìm ra chất ức chế enzyme giúp điều trị bệnh Leishmaniasis, một bệnh truyền nhiễm đang lan rộng ở Nam Mỹ lúc bấy giờ. Kết quả thu được là một hợp chất có hằng số ức chế Ki xuống đến 76 nM. Cầu nối triazole giúp chất ức chế thu được không bị phân hủy các protease trong tế bào.</li><li>Ứng dụng 2:&nbsp;Điều chế các hợp chất vòng lớn để làm ligand (phối tử) cho receptor (thụ thể). Kết quả đạt được là một ligand có độ chọn lọc với receptor MC4 (melanocortin 4, một receptor có liên quan đến bệnh béo phì) hơn đến 300 lần so với các receptor melanocortin khác.</li><li>Ứng dụng 3: Tạo cầu nối triazole thay cho cầu nối disulfide của peptide, cụ thể ở đây là peptide có tính kháng khuẩn Tachyplesin 1 có dạng hairpin. Hợp chất tạo thành có hoạt tính tương đương hoặc hơn peptide ban đầu và không bị mất hoạt tính trong môi trường vi khuẩn do nhóm triazole không bị hoàn nguyên như nhóm disulfide.</li><li>Ứng dụng 4: Điều chế protease, một enzyme có khả năng cắt đứt nối peptide gây khó khăn cho quá trình tổng hợp. Thay vì phải điều chế toàn bộ mạch peptide dài của protease, có thể điều chế hai mảnh rời rồi gắn lại bằng phản ứng Click. Mỗi mảnh rời sẽ không có hoạt tính cho đến khi được gắn vào nhau nên không gây ảnh hưởng đến quá trình điều chế protein.</li></ul><p>Tại đây, giáo sư chia sẻ: “Chính sự ham thích tìm tòi các giải pháp để giải quyết một vấn đề trong cuộc sống là nguồn động lực to lớn khiến Giáo sư dấn thân vào con đường nghiên cứu khoa học; và gia đình là hậu phương vững chắc luôn luôn ủng hộ tôi trên con đường”. Ngay từ lúc còn nhỏ, ông đã được cha mẹ hướng dẫn và tiếp xúc, hòa mình với thiên nhiên, tham gia các hoạt động ngoài trời; và người bạn đời của ông, người có chung một niềm đam mê nghiên cứu khoa học đã động viên ông vượt qua khó khăn trong quá trình nghiên cứu cũng như chia sẻ niềm vui về thành quả ông đã đạt được.</p><p>Từ câu chuyện của mình, Giáo sư Meldal nhấn mạnh tầm quan trọng của hóa học trong cuộc sống. Đồng thời là khơi gợi sự tò mò giúp bạn trẻ sớm tiếp cận được với hóa học và có khả năng tìm ra được những điều mới có tính đột phát trong tương lai.&nbsp;Trước khi kết thúc bài giảng, Giáo sư đã gửi gắm đến các bạn trẻ: “Hãy luôn luôn nghe theo con tim mình và theo đuổi những gì mà mình cảm thấy hứng thú. Rất nhiều lúc, chúng ta sẽ gặp phải ngăn trở, nhưng chỉ cần kiên trì, bền lòng và giải quyết từng vấn đề một, từ nhỏ đến lớn, chúng ta sẽ dễ dàng vượt qua.”</p><p>Đây là lần đầu tiên&nbsp;Trường Đại học Khoa học Tự nhiên, ĐHQG-HCM chào đón một nhà khoa học đoạt giải Nobel Hóa học tới thăm và giảng bài, tạo&nbsp;cơ hội tuyệt vời dành cho giảng viên, nhà nghiên cứu, sinh viên trong và ngoài trường cũng như cộng đồng yêu khoa học được tiếp cận với những tiến bộ vượt bậc.</p>','https://storage.googleapis.com/hcmus-alumverse-dev/images/news/9a2fb9e3-1daa-438a-806b-5044064c0ab4/thumbnail',7,'2024-07-06 15:18:59','2024-07-06 15:18:59','2024-07-20 17:30:00',2,8,2),('9b4bf971-6a51-4c1c-9032-05098a28f3fa','30ff6fa7-035f-42e4-aa13-55c1c94ded1e','Loài thực vật mới mang tên hai nhà khoa học Việt Nam','Ceropegia vietnamensis Nguyen-Phi & Luu, một loài thuộc họ Trúc Đào (Apocynaceae), vừa được công bố là loài mới.','<p><span style=\"color: rgb(19, 22, 24);\">Ceropegia vietnamensis Nguyen-Phi &amp; Luu, một loài thuộc họ Trúc Đào (Apocynaceae), vừa được công bố là loài mới cho khoa học với mẫu chuẩn thu được tại Khu Bảo tồn thiên nhiên Bình Châu- Phước Bửu, tỉnh Bà Rịa- Vũng Tàu. Loài mới này (tên Việt là Lồng đèn Việt Nam) có hình thái ngoài giống với loài Ceropegia laotica Rodda &amp; Meve, nhất là về màu sắc hoa. Điểm dễ nhận biết giữa 2 loài này là số lượng hoa ở mỗi phát hoa với 1–2 hoa ở C. laotica và 3–30 hoa ở C. vietnamensis.</span></p><p><span class=\"ql-cursor\">﻿</span>Về sinh thái học, loài mới được tìm thấy mọc dưới tán rừng thưa ngập nước định kỳ ưu thế bởi các loài cây gỗ như Melaleuca cajuputi L. (Tràm nước), Dipterocarpus intricatus Dyer (Dầu lông), Dipterocarpus obtusifolius Teijsm. ex Miq. (Dầu Trà beng) và xen lẫn với các loài dây leo khác như Dioscorea sp. (Khoai mài), Streptocaulon kleinii Wright &amp; Arn. (Bạc căn), Tetracera scandens (L.) Merr. (Dây chiều), Stemona pierrei Gagnep. (Bách bộ).</p><p>Chi Ceropegia L. sensu stricto với số lượng hơn 200 loài phân bố chủ yếu ở Đông Nam Á, Trung Quốc, Ấn Độ, Madagascar, Ả Rập, Quần đảo Canary, Phi Châu, Papua New Guinea và Bắc Úc. Chi này gồm nhiều loài có giá trị làm cảnh mà được trồng nhiều nơi trên thế giới. Với vùng phân bố hẹp và số lượng cá thể ít, loài Ceropegia vietnamensis được đề nghị cấp độ bảo tồn là Critically Endangered (CR) theo tiêu chuẩn Sách Đỏ của IUCN.</p><p>Bài báo do TS. Lưu Hồng Trường (Viện Sinh thái học Miền Nam), TS. Nguyễn Phi Ngà (Bộ môn Sinh thái- Sinh học Tiến hóa, Khoa Sinh học- Công nghệ Sinh học, Trường Đại học Khoa học Tự nhiên, ĐHQG-HCM) và KS. Lê Văn Sơn (Khu bảo tồn thiên nhiên Bình Châu Phước Bửu) công bố trên Tạp chí Academia Journal of Biology Vol. 44 No. 4 (2022) ngày 29/12/2022:</p>','https://storage.googleapis.com/hcmus-alumverse-dev/images/news/9b4bf971-6a51-4c1c-9032-05098a28f3fa/thumbnail',8,'2024-07-06 15:02:40','2024-07-06 15:02:41','2024-07-18 13:45:00',2,0,0),('a1d03053-93ef-453c-8c00-5eb0c030417d','30ff6fa7-035f-42e4-aa13-55c1c94ded1e','Nhìn lại hội nghị Liên ban Cộng đồng Cựu sinh viên Khoa học lần 1 – Nhiệm kỳ 2022 – 2025','Hội nghị liên ban cộng đồng cựu sinh viên Khoa học được lần đầu tiên tổ chức ngày 07/7/2023.','<p>Hội nghị liên ban cộng đồng cựu sinh viên Khoa học được lần đầu tiên tổ chức ngày 07/7/2023. Hội nghị đã báo cáo 9 tham luận cho 3 chủ đề với sự góp mặt của gần 90 thành viên tham gia là Ban đại diện Trường, các Khoa, Ban chủ nhiệm câu lạc bộ doanh nghiệp CSV (C-100), lãnh đạo nhà trường và các phòng ban liên quan.</p><p>Hội nghị đã diễn ra thành công tốt đẹp với rất nhiều hình ảnh ấn tượng, những trao đổi, đóng góp ý kiến thiết thực đến sự phát triển của cộng đồng Cựu sinh viên Khoa học, và đặc biệt là đề xuất cụ thể để đẩy mạnh hoạt động khởi nghiệp đổi mới sáng tạo trong trường ĐH KHTN cũng như chia sẻ những bài học kinh nghiệm có liên quan.</p><p>Chúng ta hãy cùng nhau nhìn lại những hình ảnh thực tế tại Hội nghị ở ảnh bên dưới nhé.</p><p><img src=\"https://storage.googleapis.com/hcmus-alumverse-dev/images/news/a1d03053-93ef-453c-8c00-5eb0c030417d/0\"></p>','https://storage.googleapis.com/hcmus-alumverse-dev/images/news/a1d03053-93ef-453c-8c00-5eb0c030417d/thumbnail',6,'2024-07-06 14:29:56','2024-07-06 14:29:56','2024-07-17 09:00:00',2,0,0),('a340095f-000d-4da9-9966-6a6f5e0c7370','30ff6fa7-035f-42e4-aa13-55c1c94ded1e','Lễ khai mạc Hội nghị Khoa học lần XIII năm 2024','Sáng ngày 21/11, Lễ khai mạc Hội nghị Khoa học lần XIII năm 2022 đã diễn ra tại Giảng đường 1.','<p><span style=\"color: rgb(19, 22, 24);\">Sáng ngày 21/11, Lễ khai mạc Hội nghị Khoa học lần XIII năm 2022 của Trường Đại học Khoa học Tự nhiên, Đại học Quốc gia TP. Hồ Chí Minh đã diễn ra tại Giảng đường 1.</span></p><p><img src=\"https://storage.googleapis.com/hcmus-alumverse-dev/images/news/a340095f-000d-4da9-9966-6a6f5e0c7370/0\"></p><p><span style=\"color: rgb(19, 22, 24);\">Trong khuôn khổ buổi lễ có sự tham gia báo cáo của Đại tá GS. TS. Nguyễn Việt Bắc, GS.TS. Yu-Chen Hu (ĐH Thanh Hoa – Đài Loan, Trung Quốc) và PGS. TS. Đào Nguyên Khôi. Đồng thời, Trường ĐH KHTN cũng long trọng tổ chức vinh danh 03 nhà khoa học đạt Giải thưởng KHCN năm 2022 và trao giải thưởng Lê Văn Thới năm 2022 dành cho đề tài tốt nghiệp xuất sắc.</span></p><p><img src=\"https://storage.googleapis.com/hcmus-alumverse-dev/images/news/a340095f-000d-4da9-9966-6a6f5e0c7370/1\"></p><p><span style=\"color: rgb(19, 22, 24);\">Xác định nghiên cứu khoa học – chuyển giao công nghệ và hợp tác quốc tế luôn luôn song hành và hỗ trợ cho hoạt động chuyên môn của nhà trường, Hội nghị Khoa học Trường Đại học Khoa học Tự nhiên là hoạt động diễn ra 02 năm một lần. Đây là diễn đàn để các nhà khoa học trong và ngoài nước trình bày kết quả nghiên cứu cho tất cả các ngành khoa học, các lĩnh vực nghiên cứu, đào tạo của trường; nơi giao lưu, trao đổi tìm ý tưởng, giải pháp cho các vấn đề khoa học và công nghệ; kích thích sự hợp tác, hình thành các nghiên cứu liên ngành, liên lĩnh vực. Hội nghị cũng là cơ hội cho các nhà khoa học trẻ, nghiên cứu sinh, học viên cao học, sinh viên chia sẻ các các kết quả của mình.</span></p><p><img src=\"https://storage.googleapis.com/hcmus-alumverse-dev/images/news/a340095f-000d-4da9-9966-6a6f5e0c7370/2\"></p><p><img src=\"https://storage.googleapis.com/hcmus-alumverse-dev/images/news/a340095f-000d-4da9-9966-6a6f5e0c7370/3\"><img src=\"https://storage.googleapis.com/hcmus-alumverse-dev/images/news/a340095f-000d-4da9-9966-6a6f5e0c7370/4\"></p><p><span style=\"color: rgb(19, 22, 24);\">Hội nghị năm nay diễn ra từ ngày 21/11 đến 26/11/2022, được tổ chức với sự phối hợp giữa Đại học Quốc gia thành phố Hồ Chí Minh và Viện Khoa học và Công nghệ Quân sự, đơn vị nghiên cứu hàng đầu Việt Nam trong lĩnh vực khoa học cơ bản, khoa học công nghệ quân sự phục vụ an ninh quốc phòng.</span></p><p><img src=\"https://storage.googleapis.com/hcmus-alumverse-dev/images/news/a340095f-000d-4da9-9966-6a6f5e0c7370/5\"></p><p><img src=\"https://storage.googleapis.com/hcmus-alumverse-dev/images/news/a340095f-000d-4da9-9966-6a6f5e0c7370/6\"></p><p><img src=\"https://storage.googleapis.com/hcmus-alumverse-dev/images/news/a340095f-000d-4da9-9966-6a6f5e0c7370/7\"></p><p><span style=\"color: rgb(19, 22, 24);\">Ban tổ chức Hội nghị Khoa học lần XIII năm 2022 rất vui mừng nhận được sự đăng ký tham dự của 572 bài báo cáo đến từ nhiều cơ sở đào tạo, viện nghiên cứu trong và ngoài nước liên quan nhiều ngành khoa học tự nhiên và công nghệ khác nhau như: Công nghệ Thông tin – Truyền thông, Địa chất và Tài nguyên Trái đất, Điện tử – Viễn thông, Hóa học, Khoa học và Công nghệ Vật liệu, Kỹ thuật Hạt nhân và Vật lý Y khoa, Môi trường, Sinh học – Công nghệ Sinh học, Toán – Tin học.</span></p>','https://storage.googleapis.com/hcmus-alumverse-dev/images/news/a340095f-000d-4da9-9966-6a6f5e0c7370/thumbnail',2,'2024-07-06 11:47:40','2024-07-06 11:47:43','2024-07-15 10:15:00',2,1,0),('b759641f-8c42-4dc9-8ca5-e20ec0ed45bb','30ff6fa7-035f-42e4-aa13-55c1c94ded1e','30 tài năng trẻ nhận Giải thưởng KHCN Quả Cầu Vàng và Giải thưởng Nữ sinh KHCN Việt Nam năm 2022','Sáng 27/11, tại Phủ Chủ tịch, Phó Chủ tịch nước Võ Thị Ánh Xuân gặp mặt 30 tài năng trẻ nhận Giải thưởng KHCN Quả Cầu Vàng và Giải thưởng Nữ sinh KHCN','<p><span style=\"color: rgb(19, 22, 24);\">Sáng 27/11, tại Phủ Chủ tịch, Phó Chủ tịch nước Võ Thị Ánh Xuân gặp mặt 30 tài năng trẻ nhận Giải thưởng KHCN Quả Cầu Vàng và Giải thưởng Nữ sinh KHCN Việt Nam năm 2022</span></p><p><img src=\"https://storage.googleapis.com/hcmus-alumverse-dev/images/news/b759641f-8c42-4dc9-8ca5-e20ec0ed45bb/0\"></p><ul><li><em style=\"color: rgb(19, 22, 24);\">Trường ĐH Khoa học Tự nhiên, ĐHQG-HCM rất vinh dự khi có 04 cá nhân là giảng viên, sinh viên đạt được giải thưởng cao quý này</em></li><li>TS. Trần Thị Như Hoa – đạt Giải thưởng Khoa học Công nghệ Thanh niên Quả cầu vàng năm 2022.</li><li>TS. Trương Lâm Sơn Hải – đạt Giải thưởng Khoa học Công nghệ Thanh niên Quả cầu vàng năm 2022</li><li>Bạn Lê Đoàn Phương Uyên – đạt Giải thưởng Nữ sinh Khoa học Công nghệ Việt Nam năm 2022</li><li>Bạn Phạm Lê Thùy Dung – đạt Giải thưởng Nữ sinh Khoa học Công nghệ Việt Nam năm 2022</li></ul><p><img src=\"https://storage.googleapis.com/hcmus-alumverse-dev/images/news/b759641f-8c42-4dc9-8ca5-e20ec0ed45bb/1\"></p><p><img src=\"https://storage.googleapis.com/hcmus-alumverse-dev/images/news/b759641f-8c42-4dc9-8ca5-e20ec0ed45bb/2\"></p><p><img src=\"https://storage.googleapis.com/hcmus-alumverse-dev/images/news/b759641f-8c42-4dc9-8ca5-e20ec0ed45bb/3\"></p><p><img src=\"https://storage.googleapis.com/hcmus-alumverse-dev/images/news/b759641f-8c42-4dc9-8ca5-e20ec0ed45bb/4\"></p><p><span style=\"color: rgb(19, 22, 24);\">Phát biểu tại buổi gặp mặt, Phó chủ tịch nước Võ Thị Ánh Xuân cho rằng 30 tài năng trẻ tại buổi gặp mặt là 30 câu chuyện sinh động, 30 thành công ở các lĩnh vực khác nhau. Phó chủ tịch nước mong rằng, những tấm gương tài năng trẻ này sẽ lan tỏa nhiều hơn trong cộng đồng, xã hội nhằm tạo niềm tin, sự hứng khởi cho các bạn trẻ hiện nay, đặc biệt trong lĩnh vực nghiên cứu khoa học công nghệ của Việt Nam.</span></p>','https://storage.googleapis.com/hcmus-alumverse-dev/images/news/b759641f-8c42-4dc9-8ca5-e20ec0ed45bb/thumbnail',1,'2024-07-06 11:39:28','2024-07-06 11:41:06','2024-07-14 16:45:00',2,4,0),('f47b831c-c056-42ab-8e4c-b5d922ced1f6','30ff6fa7-035f-42e4-aa13-55c1c94ded1e','Đại hội Cộng đồng Cựu sinh viên Khoa học – lần thứ I năm 2024','Ngày 19-11, Trường đại học Khoa học tự nhiên cùng với Ban đại diện lâm thời Cựu sinh viên đã tổ chức Đại hội Cộng đồng Cựu sinh viên Khoa học – lần 1','<p>Ngày 19-11, Trường đại học Khoa học tự nhiên – Đại học Quốc gia TP.HCM cùng với Ban đại diện lâm thời Cựu sinh viên đã tổ chức ‘Đại hội Cộng đồng Cựu sinh viên Khoa học – lần thứ I’.</p><p><img src=\"https://storage.googleapis.com/hcmus-alumverse-dev/images/news/f47b831c-c056-42ab-8e4c-b5d922ced1f6/0\"></p><p class=\"ql-align-center\"><em>Anh Đinh Hà Duy Linh – báo cáo kết quả hoạt động</em></p><p>Đại hội quy tụ hàng trăm cựu sinh viên từ nhiều thế hệ, bầu ra ban đại diện chính thức của Cộng đồng Cựu sinh viên Khoa học nhiệm kỳ 2022-2025 và quy chế tổ chức hoạt động của ban đại diện.</p><p>Trải qua hơn 80 năm hình thành và phát triển qua nhiều giai đoạn lịch sử của đất nước, Trường đại học Khoa học tự nhiên, Đại học Quốc gia TP.HCM đang hướng đến tầm nhìn trở thành một trường đại học hàng đầu tại Việt Nam và Đông Nam Á về đào tạo, nghiên cứu khoa học, công nghệ nền tảng của kinh tế tri thức và kinh tế số.</p><p>Danh tiếng và vị trí học thuật của trường đã được khẳng định bởi những uy tín đào tạo, thành tựu nghiên cứu khoa học và sự thành công của nhiều thế hệ cựu sinh viên trong đa dạng lĩnh vực.</p><p>Với ý tưởng tạo ra sự kết nối giao lưu và tiến đến hợp tác giữa Cộng đồng Cựu sinh viên với nhà trường và trong Cộng đồng Cựu sinh viên với nhau, ngày 14-8-2022, Ban đại diện lâm thời và Ban đại diện danh dự Cộng đồng Cựu sinh viên Khoa học đã chính thức được thành lập.</p><p>Trải qua 3 tháng hoạt động, với sự hỗ trợ kết nối từ các đơn vị trong nhà trường, Ban đại diện lâm thời đã có những bước đầu tiên lan tỏa và hành động hướng đến việc xây dựng cộng đồng cựu sinh viên lớn mạnh và đóng góp trực tiếp cho sự phát triển của nhà trường lẫn của cộng đồng.</p><p><img src=\"https://storage.googleapis.com/hcmus-alumverse-dev/images/news/f47b831c-c056-42ab-8e4c-b5d922ced1f6/1\"></p><p class=\"ql-align-center\"><em style=\"color: rgb(85, 85, 85);\">Ban đại diện Cộng đồng Cựu sinh viên Khoa học</em></p><p>Đại hội Cộng đồng Cựu sinh viên Khoa học – năm 2022 không chỉ là một ngày hội lớn cho các cựu sinh viên của trường mà còn là một viên gạch đặt nền móng vững chắc cho giai đoạn phát triển mới của Cộng đồng Cựu sinh viên Khoa học. Trong nhiệm kỳ đầu tiên, Ban đại diện Cựu sinh viên sẽ triển khai 5 chương trình hành động gồm: Kết nối – Đóng góp – Hỗ trợ – Hợp tác – Phát triển thương hiệu.</p><p>Mục tiêu hoạt động của Cộng đồng Cựu sinh viên Khoa học là góp phần xây dựng thương hiệu “Trường đại học Khoa học tự nhiên”, gắn kết và có những hoạt động thiết thực cho toàn thể cộng đồng cựu sinh viên, sinh viên và nhà trường, cùng nhau hỗ trợ cho chiến lược “tự chủ” của trường một cách dài hạn, bền vững và thúc đẩy hợp tác về đào tạo, nghiên cứu, chuyển giao khoa học – công nghệ, tạo ra nhiều giá trị có ích cho cộng đồng, xã hộị.</p>','https://storage.googleapis.com/hcmus-alumverse-dev/images/news/f47b831c-c056-42ab-8e4c-b5d922ced1f6/thumbnail',1,'2024-07-06 15:37:02','2024-07-06 15:37:03','2024-07-25 15:30:00',2,70,6),('f534fa71-87b3-4a70-9aec-95f550fbf9ac','30ff6fa7-035f-42e4-aa13-55c1c94ded1e','Dự án “Giấy làm từ vỏ sò”','Ngày 26-3, tại Thừa Thiên – Huế, Bộ GD-ĐT phối hợp cùng Trung ương Đoàn đã tổ chức cuộc thi “Học sinh sinh viên với ý tưởng khởi nghiệp” (SV-STARTUP).','<p>Ngày 26-3, tại Thừa Thiên – Huế, Bộ GD-ĐT phối hợp cùng Trung ương Đoàn đã tổ chức cuộc thi “Học sinh sinh viên với ý tưởng khởi nghiệp” (SV-STARTUP) lần thứ V, năm 2023. Cuộc thi năm nay, Ban tổ chức đã nhận được hơn 500 dự án dự thi đến từ tất cả các cơ sở giáo dục ở trên toàn quốc. Có 80 dự án được chọn vào vòng chung kết.</p><p>Theo đó,&nbsp;nhóm sinh viên Trường ĐH Khoa học Tự nhiên, ĐHQG-HCM kết hợp với sinh viên Trường Đại học Bách khoa, ĐHQG-HCM (sinh viên PHẠM THỊ TRANG – Khóa tuyển 2019, ngành Công nghệ Sinh học, trưởng nhóm) đã xuất sắc đạt giải Ba với dự án “Giấy làm từ vỏ sò”.</p><p><img src=\"https://storage.googleapis.com/hcmus-alumverse-dev/images/news/f534fa71-87b3-4a70-9aec-95f550fbf9ac/0\"></p><ul><li>Ý tưởng dự án: Mỗi năm, hàng triệu cây xanh đã bị chặt để sản xuất giấy. Tính trung bình trong công nghiệp giấy, nguyên liệu đầu vào để sản xuất 1 tấn giấy thì tương đương lượng dăm gỗ trắng khai thác từ 18 cây xanh trưởng thành có đường kính thân từ 15-20 cm (phổ biến là tràm, tràm bông vàng, bạch đàn, bạch dương, vân vân). Phần cành, nhánh nhỏ, lá, và vỏ cây chiếm khoảng 40% khối lượng cây gỗ là không được sử dụng. Bên cạnh đó, quy trình làm bột giấy đòi hỏi sử dụng một lượng rất lớn hoá chất để xử lý nguyên liệu lignocellulose này thành bột có hàm lượng xơ sợi giàu cellulose. Do đó, chúng tôi đã tự hỏi rằng làm thế nào để vẫn tạo ra giấy mà không hoặc hạn chế tối đa hóa chất sử dụng với thành phần nguyên liệu tái tạo thay thế cellulose. Các phế phụ phẩm như vỏ sò, hàu, trứng và các loài động vật thân mềm khác mang lại nguồn canxi cacbonat sinh học dồi dào và dễ tìm kiếm cũng như dễ sản xuất số lượng lớn. Tuy nhiên để có sự kết dính bột canxi cacbonat thành các tấm giấy, ta cần một loại nhựa sinh học thân thiện với môi trường có khả năng phân hủy sinh học và không để lại hạt vi nhựa.</li><li>Mô tả sản phẩm: Sản phẩm giấy từ vỏ sò bao gồm hai thành phần chính là bột canxi cacbonat từ vỏ sò, vỏ hàu, kết dính thành các tấm giấy mỏng trên nền nhựa sinh học (PVA hiện được nhóm sử dụng) có độ an toàn và thân thiện với môi trường rất cao.</li><li>Giá trị của dự án: Nhóm mở rộng các nguồn canxi cacbonat khác như vỏ trứng nhằm tăng nguồn nguyên liệu, giảm lượng rác thải sinh hoạt và mang lại ý nghĩa kinh tế tuần hoàn, cũng như hướng tới chính sách 3R. Từ đó mang lại một nguồn kinh tế cho nông nghiệp từ các phế phụ phẩm là lượng vỏ sò, vỏ ốc, hàu, trứng và các loài thân mềm khác.</li></ul>','https://storage.googleapis.com/hcmus-alumverse-dev/images/news/f534fa71-87b3-4a70-9aec-95f550fbf9ac/thumbnail',8,'2024-07-06 15:13:47','2024-07-06 15:13:47','2024-07-20 08:15:00',2,5,1);
/*!40000 ALTER TABLE `news` ENABLE KEYS */;
UNLOCK TABLES;

--
-- Dumping data for table `notification`
--

LOCK TABLES `notification` WRITE;
/*!40000 ALTER TABLE `notification` DISABLE KEYS */;
INSERT INTO `notification` VALUES (1,1,'56bd646a-44cf-4ae2-960c-d7fc24c528f2',1),(2,2,'56bd646a-44cf-4ae2-960c-d7fc24c528f2',1),(3,3,'56bd646a-44cf-4ae2-960c-d7fc24c528e5',2),(4,4,'56bd646a-44cf-4ae2-960c-d7fc24c528e5',2),(5,5,'56bd646a-44cf-4ae2-960c-d7fc24c528f3',1),(6,6,'56bd646a-44cf-4ae2-960c-d7fc24c528f3',1),(7,7,'56bd646a-44cf-4ae2-960c-d7fc24c528e5',2),(8,8,'56bd646a-44cf-4ae2-960c-d7fc24c528e5',1),(9,9,'56bd646a-44cf-4ae2-960c-d7fc24c528f4',1),(10,10,'56bd646a-44cf-4ae2-960c-d7fc24c528f4',1),(11,11,'56bd646a-44cf-4ae2-960c-d7fc24c528e5',1),(12,12,'56bd646a-44cf-4ae2-960c-d7fc24c528e5',2),(13,13,'56bd646a-44cf-4ae2-960c-d7fc24c528f4',1),(14,14,'56bd646a-44cf-4ae2-960c-d7fc24c528f2',1),(15,15,'56bd646a-44cf-4ae2-960c-d7fc24c528f2',1),(16,16,'56bd646a-44cf-4ae2-960c-d7fc24c528e5',1),(17,17,'56bd646a-44cf-4ae2-960c-d7fc24c528f4',1),(18,18,'56bd646a-44cf-4ae2-960c-d7fc24c528f2',3),(19,19,'56bd646a-44cf-4ae2-960c-d7fc24c528e5',2),(20,20,'56bd646a-44cf-4ae2-960c-d7fc24c528f4',3),(21,21,'56bd646a-44cf-4ae2-960c-d7fc24c528f3',3),(22,22,'56bd646a-44cf-4ae2-960c-d7fc24c528f3',1),(23,23,'56bd646a-44cf-4ae2-960c-d7fc24c528e5',1),(24,24,'56bd646a-44cf-4ae2-960c-d7fc24c528f2',3),(25,25,'56bd646a-44cf-4ae2-960c-d7fc24c528f2',1),(26,26,'56bd646a-44cf-4ae2-960c-d7fc24c528e5',1),(27,27,'56bd646a-44cf-4ae2-960c-d7fc24c528f4',1),(28,28,'56bd646a-44cf-4ae2-960c-d7fc24c528f4',1),(29,29,'56bd646a-44cf-4ae2-960c-d7fc24c528f5',1),(30,30,'56bd646a-44cf-4ae2-960c-d7fc24c528f2',1),(31,31,'56bd646a-44cf-4ae2-960c-d7fc24c528f5',1),(32,32,'56bd646a-44cf-4ae2-960c-d7fc24c528f5',1),(33,33,'56bd646a-44cf-4ae2-960c-d7fc24c528f2',1),(34,34,'56bd646a-44cf-4ae2-960c-d7fc24c528f2',1),(35,35,'56bd646a-44cf-4ae2-960c-d7fc24c528f4',1),(36,36,'56bd646a-44cf-4ae2-960c-d7fc24c528f2',1),(37,37,'56bd646a-44cf-4ae2-960c-d7fc24c528e5',3),(38,38,'56bd646a-44cf-4ae2-960c-d7fc24c528f5',1),(39,39,'56bd646a-44cf-4ae2-960c-d7fc24c528f3',1),(40,40,'a8a2a13d-1993-4cb4-b918-1b6305e81ff0',3),(41,41,'3bdab96b-ac47-4d48-b9ca-256725fb72f7',1),(42,42,'15fa6065-98cb-4bb8-9269-ff2c7b8f22c2',3),(43,43,'56bd646a-44cf-4ae2-960c-d7fc24c528f2',1),(44,44,'c67d2ae1-6a5d-447a-91fb-b47400a41ebf',3),(45,45,'56bd646a-44cf-4ae2-960c-d7fc24c528f4',1),(46,46,'2cae08b7-ade2-4f4f-b757-14142a09bbac',1),(47,47,'6fdfdf3f-81b0-46be-bdde-5ccdcb8ed77b',1),(48,48,'67380894-cf8b-43ac-b6b2-d9d9ac154f8f',1),(49,49,'56bd646a-44cf-4ae2-960c-d7fc24c528f3',1),(50,50,'15fa6065-98cb-4bb8-9269-ff2c7b8f22c2',3),(51,51,'56bd646a-44cf-4ae2-960c-d7fc24c528f2',1),(52,52,'a8a2a13d-1993-4cb4-b918-1b6305e81ff0',3),(53,53,'c67d2ae1-6a5d-447a-91fb-b47400a41ebf',3),(54,54,'56bd646a-44cf-4ae2-960c-d7fc24c528f4',1),(55,55,'2cae08b7-ade2-4f4f-b757-14142a09bbac',1),(56,56,'3bdab96b-ac47-4d48-b9ca-256725fb72f7',1),(57,57,'67380894-cf8b-43ac-b6b2-d9d9ac154f8f',1),(58,58,'56bd646a-44cf-4ae2-960c-d7fc24c528f3',1),(59,59,'d4b8762d-17b7-45e9-887d-c369b6127e7e',3),(60,60,'56bd646a-44cf-4ae2-960c-d7fc24c528f2',1),(61,61,'c67d2ae1-6a5d-447a-91fb-b47400a41ebf',3),(62,62,'56bd646a-44cf-4ae2-960c-d7fc24c528f4',1),(63,63,'56bd646a-44cf-4ae2-960c-d7fc24c528f3',1),(64,64,'56bd646a-44cf-4ae2-960c-d7fc24c528f5',1),(65,65,'56bd646a-44cf-4ae2-960c-d7fc24c528e5',3),(66,66,'15fa6065-98cb-4bb8-9269-ff2c7b8f22c2',3),(67,67,'a8a2a13d-1993-4cb4-b918-1b6305e81ff0',3),(68,68,'2cae08b7-ade2-4f4f-b757-14142a09bbac',1),(69,69,'3bdab96b-ac47-4d48-b9ca-256725fb72f7',1),(70,70,'d4b8762d-17b7-45e9-887d-c369b6127e7e',1),(71,71,'15fa6065-98cb-4bb8-9269-ff2c7b8f22c2',1),(72,72,'56bd646a-44cf-4ae2-960c-d7fc24c528e5',1),(73,73,'6fdfdf3f-81b0-46be-bdde-5ccdcb8ed77b',1),(74,74,'6fdfdf3f-81b0-46be-bdde-5ccdcb8ed77b',1),(75,75,'56bd646a-44cf-4ae2-960c-d7fc24c528f2',1),(76,76,'6fdfdf3f-81b0-46be-bdde-5ccdcb8ed77b',1),(77,77,'425d8a36-aad9-4d3b-b944-a4a21c743b20',1),(78,78,'56bd646a-44cf-4ae2-960c-d7fc24c528e5',1),(79,79,'425d8a36-aad9-4d3b-b944-a4a21c743b20',1),(80,80,'d4b8762d-17b7-45e9-887d-c369b6127e7e',1),(81,81,'6fdfdf3f-81b0-46be-bdde-5ccdcb8ed77b',1),(82,82,'425d8a36-aad9-4d3b-b944-a4a21c743b20',1),(83,83,'56bd646a-44cf-4ae2-960c-d7fc24c528f4',1),(84,84,'2cae08b7-ade2-4f4f-b757-14142a09bbac',1),(85,85,'3bdab96b-ac47-4d48-b9ca-256725fb72f7',1),(86,86,'67380894-cf8b-43ac-b6b2-d9d9ac154f8f',1),(87,87,'8f43f0d3-4a0d-4baa-920f-05ebe13a4787',1),(88,88,'56bd646a-44cf-4ae2-960c-d7fc24c528f4',1),(89,89,'56bd646a-44cf-4ae2-960c-d7fc24c528f5',1),(90,90,'56bd646a-44cf-4ae2-960c-d7fc24c528e5',3),(91,91,'56bd646a-44cf-4ae2-960c-d7fc24c528e5',1),(92,92,'56bd646a-44cf-4ae2-960c-d7fc24c528e5',1),(93,93,'d4b8762d-17b7-45e9-887d-c369b6127e7e',1),(94,94,'6fdfdf3f-81b0-46be-bdde-5ccdcb8ed77b',1),(95,95,'425d8a36-aad9-4d3b-b944-a4a21c743b20',1),(96,96,'2cae08b7-ade2-4f4f-b757-14142a09bbac',1),(97,97,'a8a2a13d-1993-4cb4-b918-1b6305e81ff0',3),(98,98,'67380894-cf8b-43ac-b6b2-d9d9ac154f8f',1),(99,99,'8f43f0d3-4a0d-4baa-920f-05ebe13a4787',1),(100,100,'56bd646a-44cf-4ae2-960c-d7fc24c528f4',1),(101,101,'c67d2ae1-6a5d-447a-91fb-b47400a41ebf',1),(102,102,'56bd646a-44cf-4ae2-960c-d7fc24c528f5',1);
/*!40000 ALTER TABLE `notification` ENABLE KEYS */;
UNLOCK TABLES;

--
-- Dumping data for table `notification_change`
--

LOCK TABLES `notification_change` WRITE;
/*!40000 ALTER TABLE `notification_change` DISABLE KEYS */;
INSERT INTO `notification_change` VALUES (1,1,'56bd646a-44cf-4ae2-960c-d7fc24c528e5',0),(2,2,'56bd646a-44cf-4ae2-960c-d7fc24c528e5',0),(3,3,'56bd646a-44cf-4ae2-960c-d7fc24c528f3',0),(4,4,'56bd646a-44cf-4ae2-960c-d7fc24c528f4',0),(5,5,'56bd646a-44cf-4ae2-960c-d7fc24c528f4',0),(6,6,'56bd646a-44cf-4ae2-960c-d7fc24c528f4',0),(7,7,'56bd646a-44cf-4ae2-960c-d7fc24c528f4',0),(8,8,'56bd646a-44cf-4ae2-960c-d7fc24c528f5',0),(9,9,'2cae08b7-ade2-4f4f-b757-14142a09bbac',0),(10,10,'56bd646a-44cf-4ae2-960c-d7fc24c528e5',0),(11,11,'a8a2a13d-1993-4cb4-b918-1b6305e81ff0',0),(12,12,'56bd646a-44cf-4ae2-960c-d7fc24c528f2',0),(13,13,'56bd646a-44cf-4ae2-960c-d7fc24c528f2',0),(14,14,'2cae08b7-ade2-4f4f-b757-14142a09bbac',0),(15,15,'56bd646a-44cf-4ae2-960c-d7fc24c528f3',0),(16,16,'56bd646a-44cf-4ae2-960c-d7fc24c528f5',0),(17,17,'56bd646a-44cf-4ae2-960c-d7fc24c528f5',0),(18,18,'56bd646a-44cf-4ae2-960c-d7fc24c528e5',1),(19,19,'56bd646a-44cf-4ae2-960c-d7fc24c528f2',0),(20,20,'56bd646a-44cf-4ae2-960c-d7fc24c528e5',1),(21,21,'56bd646a-44cf-4ae2-960c-d7fc24c528e5',1),(22,22,'56bd646a-44cf-4ae2-960c-d7fc24c528e5',0),(23,23,'56bd646a-44cf-4ae2-960c-d7fc24c528f4',0),(24,24,'56bd646a-44cf-4ae2-960c-d7fc24c528f4',1),(25,25,'56bd646a-44cf-4ae2-960c-d7fc24c528f4',0),(26,26,'56bd646a-44cf-4ae2-960c-d7fc24c528e5',0),(27,27,'56bd646a-44cf-4ae2-960c-d7fc24c528e5',0),(28,28,'6fdfdf3f-81b0-46be-bdde-5ccdcb8ed77b',0),(29,29,'d4b8762d-17b7-45e9-887d-c369b6127e7e',0),(30,30,'d4b8762d-17b7-45e9-887d-c369b6127e7e',0),(31,31,'425d8a36-aad9-4d3b-b944-a4a21c743b20',0),(32,32,'15fa6065-98cb-4bb8-9269-ff2c7b8f22c2',0),(33,33,'15fa6065-98cb-4bb8-9269-ff2c7b8f22c2',0),(34,34,'15fa6065-98cb-4bb8-9269-ff2c7b8f22c2',0),(35,35,'15fa6065-98cb-4bb8-9269-ff2c7b8f22c2',0),(36,36,'15fa6065-98cb-4bb8-9269-ff2c7b8f22c2',0),(37,37,'15fa6065-98cb-4bb8-9269-ff2c7b8f22c2',1),(38,38,'15fa6065-98cb-4bb8-9269-ff2c7b8f22c2',0),(39,39,'15fa6065-98cb-4bb8-9269-ff2c7b8f22c2',0),(40,40,'425d8a36-aad9-4d3b-b944-a4a21c743b20',1),(41,41,'425d8a36-aad9-4d3b-b944-a4a21c743b20',0),(42,42,'425d8a36-aad9-4d3b-b944-a4a21c743b20',1),(43,43,'425d8a36-aad9-4d3b-b944-a4a21c743b20',0),(44,44,'425d8a36-aad9-4d3b-b944-a4a21c743b20',1),(45,45,'425d8a36-aad9-4d3b-b944-a4a21c743b20',0),(46,46,'425d8a36-aad9-4d3b-b944-a4a21c743b20',0),(47,47,'425d8a36-aad9-4d3b-b944-a4a21c743b20',0),(48,48,'425d8a36-aad9-4d3b-b944-a4a21c743b20',0),(49,49,'425d8a36-aad9-4d3b-b944-a4a21c743b20',0),(50,50,'6fdfdf3f-81b0-46be-bdde-5ccdcb8ed77b',1),(51,51,'6fdfdf3f-81b0-46be-bdde-5ccdcb8ed77b',0),(52,52,'6fdfdf3f-81b0-46be-bdde-5ccdcb8ed77b',1),(53,53,'6fdfdf3f-81b0-46be-bdde-5ccdcb8ed77b',1),(54,54,'6fdfdf3f-81b0-46be-bdde-5ccdcb8ed77b',0),(55,55,'6fdfdf3f-81b0-46be-bdde-5ccdcb8ed77b',0),(56,56,'6fdfdf3f-81b0-46be-bdde-5ccdcb8ed77b',0),(57,57,'6fdfdf3f-81b0-46be-bdde-5ccdcb8ed77b',0),(58,58,'6fdfdf3f-81b0-46be-bdde-5ccdcb8ed77b',0),(59,59,'6fdfdf3f-81b0-46be-bdde-5ccdcb8ed77b',1),(60,60,'d4b8762d-17b7-45e9-887d-c369b6127e7e',0),(61,61,'d4b8762d-17b7-45e9-887d-c369b6127e7e',1),(62,62,'d4b8762d-17b7-45e9-887d-c369b6127e7e',0),(63,63,'d4b8762d-17b7-45e9-887d-c369b6127e7e',0),(64,64,'d4b8762d-17b7-45e9-887d-c369b6127e7e',0),(65,65,'d4b8762d-17b7-45e9-887d-c369b6127e7e',1),(66,66,'d4b8762d-17b7-45e9-887d-c369b6127e7e',1),(67,67,'d4b8762d-17b7-45e9-887d-c369b6127e7e',1),(68,68,'d4b8762d-17b7-45e9-887d-c369b6127e7e',0),(69,69,'d4b8762d-17b7-45e9-887d-c369b6127e7e',0),(70,70,'56bd646a-44cf-4ae2-960c-d7fc24c528e5',0),(71,71,'56bd646a-44cf-4ae2-960c-d7fc24c528e5',0),(72,72,'6fdfdf3f-81b0-46be-bdde-5ccdcb8ed77b',0),(73,73,'8f43f0d3-4a0d-4baa-920f-05ebe13a4787',0),(74,74,'d4b8762d-17b7-45e9-887d-c369b6127e7e',0),(75,75,'d4b8762d-17b7-45e9-887d-c369b6127e7e',0),(76,76,'d4b8762d-17b7-45e9-887d-c369b6127e7e',0),(77,77,'d4b8762d-17b7-45e9-887d-c369b6127e7e',0),(78,78,'d4b8762d-17b7-45e9-887d-c369b6127e7e',0),(79,79,'8f43f0d3-4a0d-4baa-920f-05ebe13a4787',0),(80,80,'15fa6065-98cb-4bb8-9269-ff2c7b8f22c2',0),(81,81,'15fa6065-98cb-4bb8-9269-ff2c7b8f22c2',0),(82,82,'15fa6065-98cb-4bb8-9269-ff2c7b8f22c2',0),(83,83,'15fa6065-98cb-4bb8-9269-ff2c7b8f22c2',0),(84,84,'15fa6065-98cb-4bb8-9269-ff2c7b8f22c2',0),(85,85,'15fa6065-98cb-4bb8-9269-ff2c7b8f22c2',0),(86,86,'15fa6065-98cb-4bb8-9269-ff2c7b8f22c2',0),(87,87,'15fa6065-98cb-4bb8-9269-ff2c7b8f22c2',0),(88,88,'2cae08b7-ade2-4f4f-b757-14142a09bbac',0),(89,89,'2cae08b7-ade2-4f4f-b757-14142a09bbac',0),(90,90,'2cae08b7-ade2-4f4f-b757-14142a09bbac',1),(91,91,'2cae08b7-ade2-4f4f-b757-14142a09bbac',0),(92,92,'c67d2ae1-6a5d-447a-91fb-b47400a41ebf',0),(93,93,'c67d2ae1-6a5d-447a-91fb-b47400a41ebf',0),(94,94,'c67d2ae1-6a5d-447a-91fb-b47400a41ebf',0),(95,95,'c67d2ae1-6a5d-447a-91fb-b47400a41ebf',0),(96,96,'56bd646a-44cf-4ae2-960c-d7fc24c528e5',0),(97,97,'c67d2ae1-6a5d-447a-91fb-b47400a41ebf',1),(98,98,'c67d2ae1-6a5d-447a-91fb-b47400a41ebf',0),(99,99,'c67d2ae1-6a5d-447a-91fb-b47400a41ebf',0),(100,100,'a8a2a13d-1993-4cb4-b918-1b6305e81ff0',0),(101,101,'a8a2a13d-1993-4cb4-b918-1b6305e81ff0',0),(102,102,'8f43f0d3-4a0d-4baa-920f-05ebe13a4787',0);
/*!40000 ALTER TABLE `notification_change` ENABLE KEYS */;
UNLOCK TABLES;

--
-- Dumping data for table `notification_object`
--

LOCK TABLES `notification_object` WRITE;
/*!40000 ALTER TABLE `notification_object` DISABLE KEYS */;
INSERT INTO `notification_object` VALUES (1,1,'d5ad39c3-961c-40bc-b35e-9315faf5668d','2024-07-07 11:04:26',0),(2,2,'8db4fdfa-bc50-41cd-84ce-7571fccd2007','2024-07-07 11:06:16',0),(3,2,'d4a7a3cd-34ce-446d-9540-04ce697e8a7c','2024-07-07 11:11:50',0),(4,1,'2be12a7b-7ecc-466f-8630-2aebcfe9a0a1','2024-07-07 11:19:48',0),(5,1,'098862c8-7679-4328-b42b-aaf152b9b4ec','2024-07-07 11:21:15',0),(6,1,'5efb069c-d6cb-4709-9a6c-143d86a4a46b','2024-07-07 11:31:10',0),(7,1,'2a2272d2-172f-4c41-bd14-a1eb80d9cb94','2024-07-07 11:31:38',0),(8,1,'1fe790f7-64f5-4ebb-8e8f-cd6219e32a84','2024-07-07 15:31:02',0),(9,3,'d9e79351-1b3b-4651-849b-08a75eb6895b','2024-07-07 15:40:37',0),(10,4,'4dfeb983-45cc-4448-980b-25332e793e2b','2024-07-07 15:41:12',0),(11,3,'65fb113d-6d92-4c02-8e4d-3d2aa96bbbe3','2024-07-07 15:52:54',0),(12,4,'f8047db5-a3b3-48d3-9b44-7bc30d6133b2','2024-07-07 15:57:49',0),(13,4,'ff46144e-df6b-4ae9-bc9f-05ab95bfb93c','2024-07-07 16:03:41',0),(14,3,'756b3209-458c-40c7-bc71-0d48db772d02','2024-07-07 16:04:57',0),(15,4,'3364241c-d888-4da6-8218-97108df12359','2024-07-07 16:11:32',0),(16,4,'dc628eb2-a1ff-4f8a-aee6-e830b3a0ba60','2024-07-07 16:20:35',0),(17,4,'b68e58f5-28fa-49de-86ea-0ef40c3d4777','2024-07-07 16:21:00',0),(18,5,'d121b01d-3840-4a5d-b974-90e3cb92853b','2024-07-07 17:12:47',1),(19,6,'d121b01d-3840-4a5d-b974-90e3cb92853b','2024-07-07 17:13:15',0),(20,7,'56bd646a-44cf-4ae2-960c-d7fc24c528f4','2024-07-11 20:57:46',1),(21,7,'56bd646a-44cf-4ae2-960c-d7fc24c528f3','2024-07-11 20:58:12',1),(22,7,'56bd646a-44cf-4ae2-960c-d7fc24c528f3','2024-07-11 20:58:38',0),(23,8,'56bd646a-44cf-4ae2-960c-d7fc24c528e5','2024-07-11 21:00:20',0),(24,9,'56bd646a-44cf-4ae2-960c-d7fc24c528f2','2024-07-11 21:00:21',1),(25,7,'56bd646a-44cf-4ae2-960c-d7fc24c528f2','2024-07-11 21:50:29',0),(26,10,'73e1d270-3784-40d8-a397-31b15f6ad2a1','2024-07-20 14:51:05',0),(27,5,'35dd1239-f92d-4bdf-83b6-4341acd42489','2024-07-27 18:20:46',0),(28,5,'35dd1239-f92d-4bdf-83b6-4341acd42489','2024-07-27 18:21:32',0),(29,5,'2c4ca1d1-c1b7-462f-992e-2802f5b85f6c','2024-07-27 18:21:47',0),(30,5,'d121b01d-3840-4a5d-b974-90e3cb92853b','2024-07-27 18:21:54',0),(31,5,'2c4ca1d1-c1b7-462f-992e-2802f5b85f6c','2024-07-27 18:22:24',0),(32,5,'2c4ca1d1-c1b7-462f-992e-2802f5b85f6c','2024-07-27 18:25:09',0),(33,5,'d121b01d-3840-4a5d-b974-90e3cb92853b','2024-07-27 18:25:10',0),(34,5,'947b9cf3-cc9e-4f3c-a736-6def4f1f803e','2024-07-27 18:25:11',0),(35,5,'35dd1239-f92d-4bdf-83b6-4341acd42489','2024-07-27 18:25:14',0),(36,7,'56bd646a-44cf-4ae2-960c-d7fc24c528f2','2024-07-27 18:25:24',0),(37,7,'56bd646a-44cf-4ae2-960c-d7fc24c528e5','2024-07-27 18:25:30',1),(38,7,'56bd646a-44cf-4ae2-960c-d7fc24c528f5','2024-07-27 18:25:31',0),(39,7,'56bd646a-44cf-4ae2-960c-d7fc24c528f3','2024-07-27 18:25:32',0),(40,7,'a8a2a13d-1993-4cb4-b918-1b6305e81ff0','2024-07-27 19:35:58',1),(41,7,'3bdab96b-ac47-4d48-b9ca-256725fb72f7','2024-07-27 19:36:01',0),(42,7,'15fa6065-98cb-4bb8-9269-ff2c7b8f22c2','2024-07-27 19:36:02',1),(43,7,'56bd646a-44cf-4ae2-960c-d7fc24c528f2','2024-07-27 19:36:02',0),(44,7,'c67d2ae1-6a5d-447a-91fb-b47400a41ebf','2024-07-27 19:36:02',1),(45,7,'56bd646a-44cf-4ae2-960c-d7fc24c528f4','2024-07-27 19:36:03',0),(46,7,'2cae08b7-ade2-4f4f-b757-14142a09bbac','2024-07-27 19:36:03',0),(47,7,'6fdfdf3f-81b0-46be-bdde-5ccdcb8ed77b','2024-07-27 19:36:04',0),(48,7,'67380894-cf8b-43ac-b6b2-d9d9ac154f8f','2024-07-27 19:36:04',0),(49,7,'56bd646a-44cf-4ae2-960c-d7fc24c528f3','2024-07-27 19:36:05',0),(50,7,'15fa6065-98cb-4bb8-9269-ff2c7b8f22c2','2024-07-27 19:36:21',1),(51,7,'56bd646a-44cf-4ae2-960c-d7fc24c528f2','2024-07-27 19:36:21',0),(52,7,'a8a2a13d-1993-4cb4-b918-1b6305e81ff0','2024-07-27 19:36:22',1),(53,7,'c67d2ae1-6a5d-447a-91fb-b47400a41ebf','2024-07-27 19:36:22',1),(54,7,'56bd646a-44cf-4ae2-960c-d7fc24c528f4','2024-07-27 19:36:22',0),(55,7,'2cae08b7-ade2-4f4f-b757-14142a09bbac','2024-07-27 19:36:22',0),(56,7,'3bdab96b-ac47-4d48-b9ca-256725fb72f7','2024-07-27 19:36:23',0),(57,7,'67380894-cf8b-43ac-b6b2-d9d9ac154f8f','2024-07-27 19:36:24',0),(58,7,'56bd646a-44cf-4ae2-960c-d7fc24c528f3','2024-07-27 19:36:24',0),(59,7,'d4b8762d-17b7-45e9-887d-c369b6127e7e','2024-07-27 19:36:24',1),(60,7,'56bd646a-44cf-4ae2-960c-d7fc24c528f2','2024-07-27 19:36:36',0),(61,7,'c67d2ae1-6a5d-447a-91fb-b47400a41ebf','2024-07-27 19:36:37',1),(62,7,'56bd646a-44cf-4ae2-960c-d7fc24c528f4','2024-07-27 19:36:37',0),(63,7,'56bd646a-44cf-4ae2-960c-d7fc24c528f3','2024-07-27 19:36:37',0),(64,7,'56bd646a-44cf-4ae2-960c-d7fc24c528f5','2024-07-27 19:36:37',0),(65,7,'56bd646a-44cf-4ae2-960c-d7fc24c528e5','2024-07-27 19:36:37',1),(66,7,'15fa6065-98cb-4bb8-9269-ff2c7b8f22c2','2024-07-27 19:36:37',1),(67,7,'a8a2a13d-1993-4cb4-b918-1b6305e81ff0','2024-07-27 19:36:38',1),(68,7,'2cae08b7-ade2-4f4f-b757-14142a09bbac','2024-07-27 19:36:38',0),(69,7,'3bdab96b-ac47-4d48-b9ca-256725fb72f7','2024-07-27 19:36:38',0),(70,8,'d4b8762d-17b7-45e9-887d-c369b6127e7e','2024-07-27 19:37:05',0),(71,8,'15fa6065-98cb-4bb8-9269-ff2c7b8f22c2','2024-07-27 19:37:10',0),(72,4,'aad249c6-b8a1-4bdc-8bd5-1fba4172f272','2024-07-27 19:40:09',0),(73,3,'fd19ca00-aa0b-49f1-a97b-71b4797a9652','2024-07-27 19:44:18',0),(74,4,'3a9b0492-63aa-48b0-a8d9-3fd7bca45717','2024-07-27 19:45:03',0),(75,4,'24d227b5-0031-4629-8a79-326aeba5f849','2024-07-27 19:45:38',0),(76,8,'6fdfdf3f-81b0-46be-bdde-5ccdcb8ed77b','2024-07-27 19:45:59',0),(77,7,'425d8a36-aad9-4d3b-b944-a4a21c743b20','2024-07-27 19:46:08',0),(78,5,'fb1c1688-cf9f-4c78-a3e8-a833ea5aa1be','2024-07-27 19:46:26',0),(79,3,'89fc7d33-1f2a-4982-a8c4-097ec2c5d8ad','2024-07-27 19:49:53',0),(80,8,'d4b8762d-17b7-45e9-887d-c369b6127e7e','2024-07-27 19:50:05',0),(81,8,'6fdfdf3f-81b0-46be-bdde-5ccdcb8ed77b','2024-07-27 19:50:05',0),(82,8,'425d8a36-aad9-4d3b-b944-a4a21c743b20','2024-07-27 19:50:06',0),(83,7,'56bd646a-44cf-4ae2-960c-d7fc24c528f4','2024-07-27 19:50:29',0),(84,7,'2cae08b7-ade2-4f4f-b757-14142a09bbac','2024-07-27 19:50:31',0),(85,7,'3bdab96b-ac47-4d48-b9ca-256725fb72f7','2024-07-27 19:50:31',0),(86,7,'67380894-cf8b-43ac-b6b2-d9d9ac154f8f','2024-07-27 19:50:32',0),(87,7,'8f43f0d3-4a0d-4baa-920f-05ebe13a4787','2024-07-27 19:50:33',0),(88,5,'35dd1239-f92d-4bdf-83b6-4341acd42489','2024-07-27 19:55:53',0),(89,5,'2c4ca1d1-c1b7-462f-992e-2802f5b85f6c','2024-07-27 19:56:01',0),(90,7,'56bd646a-44cf-4ae2-960c-d7fc24c528e5','2024-07-27 19:56:14',1),(91,4,'cf474830-e2a8-49d3-b6f6-bd3705a3738c','2024-07-27 19:57:30',0),(92,5,'fb1c1688-cf9f-4c78-a3e8-a833ea5aa1be','2024-07-27 19:59:30',0),(93,8,'d4b8762d-17b7-45e9-887d-c369b6127e7e','2024-07-27 20:00:03',0),(94,8,'6fdfdf3f-81b0-46be-bdde-5ccdcb8ed77b','2024-07-27 20:00:04',0),(95,8,'425d8a36-aad9-4d3b-b944-a4a21c743b20','2024-07-27 20:00:04',0),(96,8,'2cae08b7-ade2-4f4f-b757-14142a09bbac','2024-07-27 20:01:00',0),(97,7,'a8a2a13d-1993-4cb4-b918-1b6305e81ff0','2024-07-27 20:14:05',1),(98,7,'67380894-cf8b-43ac-b6b2-d9d9ac154f8f','2024-07-27 20:14:06',0),(99,7,'8f43f0d3-4a0d-4baa-920f-05ebe13a4787','2024-07-27 20:14:07',0),(100,5,'35dd1239-f92d-4bdf-83b6-4341acd42489','2024-07-27 20:16:51',0),(101,8,'c67d2ae1-6a5d-447a-91fb-b47400a41ebf','2024-07-27 20:17:10',0),(102,5,'2c4ca1d1-c1b7-462f-992e-2802f5b85f6c','2024-07-27 20:19:53',0);
/*!40000 ALTER TABLE `notification_object` ENABLE KEYS */;
UNLOCK TABLES;

--
-- Dumping data for table `participant_event`
--

LOCK TABLES `participant_event` WRITE;
/*!40000 ALTER TABLE `participant_event` DISABLE KEYS */;
INSERT INTO `participant_event` VALUES ('05c92f6c-2453-4349-8fe5-e198930ad1cb','425d8a36-aad9-4d3b-b944-a4a21c743b20',NULL,'2024-07-27 19:52:30',0),('05c92f6c-2453-4349-8fe5-e198930ad1cb','56bd646a-44cf-4ae2-960c-d7fc24c528e5',NULL,'2024-07-27 18:28:56',0),('05c92f6c-2453-4349-8fe5-e198930ad1cb','56bd646a-44cf-4ae2-960c-d7fc24c528f3','','2024-07-07 11:12:39',0),('05c92f6c-2453-4349-8fe5-e198930ad1cb','56bd646a-44cf-4ae2-960c-d7fc24c528f4','','2024-07-07 11:23:46',0),('05c92f6c-2453-4349-8fe5-e198930ad1cb','a8a2a13d-1993-4cb4-b918-1b6305e81ff0',NULL,'2024-07-27 17:31:38',0),('0c24a0a7-54fd-4a0e-9d29-da1030ffaa89','425d8a36-aad9-4d3b-b944-a4a21c743b20',NULL,'2024-07-27 19:52:28',0),('0c24a0a7-54fd-4a0e-9d29-da1030ffaa89','56bd646a-44cf-4ae2-960c-d7fc24c528f3','','2024-07-07 11:17:30',0),('10c0445a-d0e4-46a7-8dfb-ef40e113fa41','425d8a36-aad9-4d3b-b944-a4a21c743b20',NULL,'2024-07-27 19:52:21',0),('10c0445a-d0e4-46a7-8dfb-ef40e113fa41','56bd646a-44cf-4ae2-960c-d7fc24c528e5',NULL,'2024-07-27 18:28:50',0),('10c0445a-d0e4-46a7-8dfb-ef40e113fa41','c67d2ae1-6a5d-447a-91fb-b47400a41ebf',NULL,'2024-07-27 19:58:58',0),('10c0445a-d0e4-46a7-8dfb-ef40e113fa41','d4b8762d-17b7-45e9-887d-c369b6127e7e',NULL,'2024-07-27 19:51:13',1),('14e88a0e-51ec-49ab-9875-a83668fcdaf4','d4b8762d-17b7-45e9-887d-c369b6127e7e',NULL,'2024-07-27 19:51:15',1),('2c9996e2-b9f5-4b47-9a12-a6b07df24c10','15fa6065-98cb-4bb8-9269-ff2c7b8f22c2',NULL,'2024-07-27 19:51:01',0),('2c9996e2-b9f5-4b47-9a12-a6b07df24c10','56bd646a-44cf-4ae2-960c-d7fc24c528e5','','2024-07-07 11:05:26',0),('2c9996e2-b9f5-4b47-9a12-a6b07df24c10','56bd646a-44cf-4ae2-960c-d7fc24c528f2','','2024-07-07 10:55:59',0),('2c9996e2-b9f5-4b47-9a12-a6b07df24c10','56bd646a-44cf-4ae2-960c-d7fc24c528f3','','2024-07-07 11:08:46',0),('2c9996e2-b9f5-4b47-9a12-a6b07df24c10','56bd646a-44cf-4ae2-960c-d7fc24c528f4','','2024-07-07 11:19:12',1),('2c9996e2-b9f5-4b47-9a12-a6b07df24c10','56bd646a-44cf-4ae2-960c-d7fc24c528f5','','2024-07-07 15:33:41',0),('2c9996e2-b9f5-4b47-9a12-a6b07df24c10','8f43f0d3-4a0d-4baa-920f-05ebe13a4787',NULL,'2024-07-27 20:17:58',0),('2c9996e2-b9f5-4b47-9a12-a6b07df24c10','c67d2ae1-6a5d-447a-91fb-b47400a41ebf',NULL,'2024-07-27 19:59:13',0),('2c9996e2-b9f5-4b47-9a12-a6b07df24c10','d4b8762d-17b7-45e9-887d-c369b6127e7e',NULL,'2024-07-27 19:51:30',0),('31f445c3-49d3-478a-bce4-6105425bd6ce','56bd646a-44cf-4ae2-960c-d7fc24c528e5','','2024-07-07 11:07:07',0),('31f445c3-49d3-478a-bce4-6105425bd6ce','c67d2ae1-6a5d-447a-91fb-b47400a41ebf',NULL,'2024-07-27 19:59:08',0),('31f445c3-49d3-478a-bce4-6105425bd6ce','d4b8762d-17b7-45e9-887d-c369b6127e7e',NULL,'2024-07-27 19:51:24',0),('3594c21e-fcd4-4ab5-9bac-325c64328ee9','425d8a36-aad9-4d3b-b944-a4a21c743b20',NULL,'2024-07-27 19:52:25',0),('6e4313d3-07cb-4564-afce-d84775d7a191','15fa6065-98cb-4bb8-9269-ff2c7b8f22c2',NULL,'2024-07-27 19:50:59',0),('6e4313d3-07cb-4564-afce-d84775d7a191','2cae08b7-ade2-4f4f-b757-14142a09bbac',NULL,'2024-07-27 19:54:24',0),('6e4313d3-07cb-4564-afce-d84775d7a191','425d8a36-aad9-4d3b-b944-a4a21c743b20',NULL,'2024-07-27 19:52:39',0),('6e4313d3-07cb-4564-afce-d84775d7a191','56bd646a-44cf-4ae2-960c-d7fc24c528e5','','2024-07-07 11:06:29',0),('6e4313d3-07cb-4564-afce-d84775d7a191','56bd646a-44cf-4ae2-960c-d7fc24c528f2','','2024-07-07 11:01:42',0),('6e4313d3-07cb-4564-afce-d84775d7a191','56bd646a-44cf-4ae2-960c-d7fc24c528f5','','2024-07-07 15:34:29',0),('6e4313d3-07cb-4564-afce-d84775d7a191','6fdfdf3f-81b0-46be-bdde-5ccdcb8ed77b',NULL,'2024-07-27 19:51:53',0),('6e4313d3-07cb-4564-afce-d84775d7a191','8f43f0d3-4a0d-4baa-920f-05ebe13a4787',NULL,'2024-07-27 20:17:56',0),('6e4313d3-07cb-4564-afce-d84775d7a191','d4b8762d-17b7-45e9-887d-c369b6127e7e',NULL,'2024-07-27 19:51:28',0),('713e0c7a-cd23-4f46-959d-2794dcdf48cb','a8a2a13d-1993-4cb4-b918-1b6305e81ff0',NULL,'2024-07-27 17:31:35',0),('713e0c7a-cd23-4f46-959d-2794dcdf48cb','c67d2ae1-6a5d-447a-91fb-b47400a41ebf',NULL,'2024-07-27 19:59:05',0),('713e0c7a-cd23-4f46-959d-2794dcdf48cb','d4b8762d-17b7-45e9-887d-c369b6127e7e',NULL,'2024-07-27 19:51:20',0),('92a0a019-28ff-4412-8c7b-532cb4168472','c67d2ae1-6a5d-447a-91fb-b47400a41ebf',NULL,'2024-07-27 19:59:00',0),('ac197087-b741-4be9-ac64-c1c3675c6636','56bd646a-44cf-4ae2-960c-d7fc24c528f2','','2024-07-07 11:02:42',0),('ac197087-b741-4be9-ac64-c1c3675c6636','8f43f0d3-4a0d-4baa-920f-05ebe13a4787',NULL,'2024-07-27 20:17:55',0),('ac197087-b741-4be9-ac64-c1c3675c6636','c67d2ae1-6a5d-447a-91fb-b47400a41ebf',NULL,'2024-07-27 19:59:11',0),('ac197087-b741-4be9-ac64-c1c3675c6636','d4b8762d-17b7-45e9-887d-c369b6127e7e',NULL,'2024-07-27 19:51:27',0),('b23fbb60-a717-4cba-8a8a-c356541900d0','8f43f0d3-4a0d-4baa-920f-05ebe13a4787',NULL,'2024-07-27 20:17:49',0),('b70e7796-c51d-459f-964e-7cfa23efd268','2cae08b7-ade2-4f4f-b757-14142a09bbac',NULL,'2024-07-27 19:54:23',0),('b70e7796-c51d-459f-964e-7cfa23efd268','425d8a36-aad9-4d3b-b944-a4a21c743b20',NULL,'2024-07-27 19:52:37',0),('b70e7796-c51d-459f-964e-7cfa23efd268','56bd646a-44cf-4ae2-960c-d7fc24c528e5','','2024-07-07 11:06:51',0),('b70e7796-c51d-459f-964e-7cfa23efd268','56bd646a-44cf-4ae2-960c-d7fc24c528f5','','2024-07-07 15:35:04',0),('b70e7796-c51d-459f-964e-7cfa23efd268','67380894-cf8b-43ac-b6b2-d9d9ac154f8f',NULL,'2024-07-27 19:58:11',1),('cdc90076-1761-4051-bac3-ddbf33dcfc3d','15fa6065-98cb-4bb8-9269-ff2c7b8f22c2',NULL,'2024-07-27 19:51:00',0),('cdc90076-1761-4051-bac3-ddbf33dcfc3d','425d8a36-aad9-4d3b-b944-a4a21c743b20',NULL,'2024-07-27 19:52:40',0),('cdc90076-1761-4051-bac3-ddbf33dcfc3d','56bd646a-44cf-4ae2-960c-d7fc24c528f2','','2024-07-07 11:01:14',0),('cdc90076-1761-4051-bac3-ddbf33dcfc3d','56bd646a-44cf-4ae2-960c-d7fc24c528f3','','2024-07-07 11:11:12',0),('cdc90076-1761-4051-bac3-ddbf33dcfc3d','56bd646a-44cf-4ae2-960c-d7fc24c528f4','','2024-07-07 11:21:49',0),('cdc90076-1761-4051-bac3-ddbf33dcfc3d','67380894-cf8b-43ac-b6b2-d9d9ac154f8f',NULL,'2024-07-27 17:44:16',0),('cdc90076-1761-4051-bac3-ddbf33dcfc3d','6fdfdf3f-81b0-46be-bdde-5ccdcb8ed77b',NULL,'2024-07-27 19:51:55',0),('cdc90076-1761-4051-bac3-ddbf33dcfc3d','d4b8762d-17b7-45e9-887d-c369b6127e7e',NULL,'2024-07-27 19:51:29',0),('ec316732-05c3-4ae8-abc5-c9849b271e43','15fa6065-98cb-4bb8-9269-ff2c7b8f22c2',NULL,'2024-07-27 19:50:53',0),('ec316732-05c3-4ae8-abc5-c9849b271e43','56bd646a-44cf-4ae2-960c-d7fc24c528e5',NULL,'2024-07-27 18:28:53',0),('ec316732-05c3-4ae8-abc5-c9849b271e43','8f43f0d3-4a0d-4baa-920f-05ebe13a4787',NULL,'2024-07-27 20:17:52',0),('ec316732-05c3-4ae8-abc5-c9849b271e43','c67d2ae1-6a5d-447a-91fb-b47400a41ebf',NULL,'2024-07-27 19:59:03',0),('ec316732-05c3-4ae8-abc5-c9849b271e43','d4b8762d-17b7-45e9-887d-c369b6127e7e',NULL,'2024-07-27 19:51:19',0);
/*!40000 ALTER TABLE `participant_event` ENABLE KEYS */;
UNLOCK TABLES;

--
-- Dumping data for table `password_history`
--

LOCK TABLES `password_history` WRITE;
/*!40000 ALTER TABLE `password_history` DISABLE KEYS */;
INSERT INTO `password_history` VALUES ('78cef6b4-7602-45dd-9879-bfb21f7d8812','56bd646a-44cf-4ae2-960c-d7fc24c528e5','$2a$10$qKJhcr4xfCT1kbtrVvZ6ke7DFsbu15VS/aLkM66XIOgeUDhjlc8pi',0,'2024-07-09 15:03:38','2024-07-09 15:06:03');
/*!40000 ALTER TABLE `password_history` ENABLE KEYS */;
UNLOCK TABLES;

--
-- Dumping data for table `permission`
--

LOCK TABLES `permission` WRITE;
/*!40000 ALTER TABLE `permission` DISABLE KEYS */;
INSERT INTO `permission` VALUES (1,'User.Edit','Chỉnh sửa tài khoản (gồm khoá tài khoản)','2024-07-09 22:29:51','2024-07-09 22:29:51',0),(2,'User.Role.Create','Tạo vai trò mới','2024-07-09 22:29:51','2024-07-09 22:29:51',0),(3,'User.Role.Edit','Chỉnh sửa vai trò. Phân quyền (gán các quyền cụ thể cho từng vai trò)','2024-07-09 22:29:51','2024-07-09 22:29:51',0),(4,'User.Role.Delete','Xoá vai trò','2024-07-09 22:29:51','2024-07-09 22:29:51',0),(5,'AlumniVerify.Read','Xem danh sách xác thực cựu sinh viên','2024-07-09 22:29:51','2024-07-09 22:29:51',0),(6,'AlumniVerify.Edit','Phê duyệt cựu sinh viên','2024-07-09 22:29:51','2024-07-09 22:29:51',0),(7,'AlumniVerify.Create','Gửi xác thực cựu sinh viên','2024-07-09 22:29:51','2024-07-09 22:29:51',0),(8,'News.Create','Tạo/Lên lịch đăng tin tức','2024-07-09 22:29:51','2024-07-09 22:29:51',0),(9,'News.Edit','Chỉnh sức tin tức (Bao gồm ẩn)','2024-07-09 22:29:51','2024-07-09 22:29:51',0),(10,'News.Delete','Xóa tin tức','2024-07-09 22:29:51','2024-07-09 22:29:51',0),(11,'News.Comment.Create','Viết bình luận','2024-07-09 22:29:51','2024-07-09 22:29:51',0),(12,'News.Comment.Delete','Xoá bình luận của tất cả mọi người','2024-07-09 22:29:51','2024-07-09 22:29:51',0),(13,'Event.Create','Tạo sự kiện','2024-07-09 22:29:51','2024-07-09 22:29:51',0),(14,'Event.Edit','Chỉnh sửa sự kiện (Bao gồm ẩn)','2024-07-09 22:29:51','2024-07-09 22:29:51',0),(15,'Event.Delete','Xóa sự kiện','2024-07-09 22:29:51','2024-07-09 22:29:51',0),(16,'Event.Participant.Create','Tham gia sự kiện','2024-07-09 22:29:51','2024-07-09 22:29:51',0),(17,'Event.Participant.Delete','Hủy tham gia sự kiện','2024-07-09 22:29:51','2024-07-09 22:29:51',0),(18,'Event.Comment.Create','Viết bình luận','2024-07-09 22:29:51','2024-07-09 22:29:51',0),(19,'Event.Comment.Delete','Xoá bình luận của tất cả mọi người','2024-07-09 22:29:51','2024-07-09 22:29:51',0),(20,'Hof.Create','Tạo bài viết Gương thành công','2024-07-09 22:29:51','2024-07-09 22:29:51',0),(21,'Hof.Edit','Chỉnh sửa bài viết Gương thành công (Bao gồm ẩn)','2024-07-09 22:29:51','2024-07-09 22:29:51',0),(22,'Hof.Delete','Xóa bài viết Gương thành công','2024-07-09 22:29:51','2024-07-09 22:29:51',0),(23,'Counsel.Create','Tạo bài viết tư vấn/cố vấn','2024-07-09 22:29:51','2024-07-09 22:29:51',0),(24,'Counsel.Delete','Xóa bài viết tư vấn/cố vấn của tất cả mọi người','2024-07-09 22:29:51','2024-07-09 22:29:51',0),(25,'Counsel.Reaction.Create','Thả cảm xúc bài viết','2024-07-09 22:29:51','2024-07-09 22:29:51',0),(26,'Counsel.Comment.Create','Viết bình luận','2024-07-09 22:29:51','2024-07-09 22:29:51',0),(27,'Counsel.Comment.Delete','Xoá bình luận của tất cả mọi người trên tất cả các post','2024-07-09 22:29:51','2024-07-09 22:29:51',0),(28,'Counsel.Vote','Bình chọn cuộc thăm dò ý kiến trong bài viết (gồm tạo, sửa và xóa) và thêm lựa chọn mới trong cuộc thăm dò (nếu có)','2024-07-09 22:29:51','2024-07-09 22:29:51',0),(29,'Group.Create','Tạo nhóm','2024-07-09 22:29:51','2024-07-09 22:29:51',0),(30,'Group.Delete','Xóa nhóm','2024-07-09 22:29:51','2024-07-09 22:29:51',0),(31,'Group.Join','Tham gia nhóm','2024-07-09 22:29:51','2024-07-09 22:29:51',0),(32,'Profile.Edit','Chỉnh sửa thông tin cá nhân/Thay đổi mật khẩu','2024-07-09 22:29:51','2024-07-09 22:29:51',0);
/*!40000 ALTER TABLE `permission` ENABLE KEYS */;
UNLOCK TABLES;

--
-- Dumping data for table `picture_post_advise`
--

LOCK TABLES `picture_post_advise` WRITE;
/*!40000 ALTER TABLE `picture_post_advise` DISABLE KEYS */;
INSERT INTO `picture_post_advise` VALUES ('907684c4-4bbb-400c-b734-ab0df41a911f','89fc7d33-1f2a-4982-a8c4-097ec2c5d8ad','https://storage.googleapis.com/hcmus-alumverse-dev/images/counsel/89fc7d33-1f2a-4982-a8c4-097ec2c5d8ad/907684c4-4bbb-400c-b734-ab0df41a911f',0),('9fd07f8c-6d67-4407-89f7-8e05027e74e1','756b3209-458c-40c7-bc71-0d48db772d02','https://storage.googleapis.com/hcmus-alumverse-dev/images/counsel/756b3209-458c-40c7-bc71-0d48db772d02/9fd07f8c-6d67-4407-89f7-8e05027e74e1',0);
/*!40000 ALTER TABLE `picture_post_advise` ENABLE KEYS */;
UNLOCK TABLES;

--
-- Dumping data for table `picture_post_group`
--

LOCK TABLES `picture_post_group` WRITE;
/*!40000 ALTER TABLE `picture_post_group` DISABLE KEYS */;
INSERT INTO `picture_post_group` VALUES ('24b52a79-818b-4cc3-b5ce-111d4e3c4c3d','ae8955fe-56b5-4ed4-aff8-c780b4368b5f','https://storage.googleapis.com/hcmus-alumverse-dev/images/groups/ad4082d9-b340-4551-8e57-309d3660aed7/posts/ae8955fe-56b5-4ed4-aff8-c780b4368b5f/24b52a79-818b-4cc3-b5ce-111d4e3c4c3d',0);
/*!40000 ALTER TABLE `picture_post_group` ENABLE KEYS */;
UNLOCK TABLES;

--
-- Dumping data for table `post_advise`
--

LOCK TABLES `post_advise` WRITE;
/*!40000 ALTER TABLE `post_advise` DISABLE KEYS */;
INSERT INTO `post_advise` VALUES ('65fb113d-6d92-4c02-8e4d-3d2aa96bbbe3','56bd646a-44cf-4ae2-960c-d7fc24c528e5','Tổ chức ngày hội thể thao','Sắp tới là ngày kỷ niệm, các anh chị cựu sinh viên có muốn mình tổ chức giao lưu môn thể thao nào không ạ?','2024-07-07 15:44:31','2024-07-07 15:44:31','2024-07-07 15:44:31',2,4,9,1,1),('756b3209-458c-40c7-bc71-0d48db772d02','56bd646a-44cf-4ae2-960c-d7fc24c528f2','Hỏi về khoá học online','Trong đây có ai đã học khoá học trên Coursera về Golang, có thể cho em biết nên chọn khoá học nào được không ạ.','2024-07-07 15:56:12','2024-07-07 15:56:12','2024-07-07 15:56:12',2,2,7,0,0),('89fc7d33-1f2a-4982-a8c4-097ec2c5d8ad','425d8a36-aad9-4d3b-b944-a4a21c743b20','TÌm người đồng hành','Mình đang tính khởi nghiệp 1 dự án bên mảng Công nghệ sinh học, ai có thể đồng hành cùng mình thì có thể nhắn tin với mình nha','2024-07-27 19:41:48','2024-07-27 19:41:48','2024-07-27 19:41:48',2,1,8,0,0),('d9e79351-1b3b-4651-849b-08a75eb6895b','56bd646a-44cf-4ae2-960c-d7fc24c528f4','Hỏi về công ty','Em chào các anh chị, các anh chị đã và đang làm việc tại FPT cho em lời khuyên với , em có nên làm việc tại đó và cũng như là môi trường như nào ạ.','2024-07-07 15:26:27','2024-07-07 15:38:38','2024-07-07 15:26:27',2,3,6,0,0),('fd19ca00-aa0b-49f1-a97b-71b4797a9652','6fdfdf3f-81b0-46be-bdde-5ccdcb8ed77b','Hỏi về việc chuyển ngành','Mình đã tốt nghiệp khoa Môi trường, nay muốn chuyển sang làm Tester bên mảng công nghệ thông tin thì cần những gì ạ.','2024-07-27 19:39:40','2024-07-27 19:39:40','2024-07-27 19:39:40',2,1,7,0,0);
/*!40000 ALTER TABLE `post_advise` ENABLE KEYS */;
UNLOCK TABLES;

--
-- Dumping data for table `post_group`
--

LOCK TABLES `post_group` WRITE;
/*!40000 ALTER TABLE `post_group` DISABLE KEYS */;
INSERT INTO `post_group` VALUES ('a760a40d-e83e-45e4-9b04-529b62600825','56bd646a-44cf-4ae2-960c-d7fc24c528e5','Xin hướng dẫn','E cần làm hiệu ứng cái nền background sóng như link demo sau. A/c cho em xin hướng dẫn hoặc keyword mới ạ. e cảm ơn\nhttps://dribbble.com/shots/10872270-Sevensense-Landing-Page','ad4082d9-b340-4551-8e57-309d3660aed7','2024-07-07 17:30:17','2024-07-07 17:30:17','2024-07-07 17:30:17',2,0,0,0,0),('ae8955fe-56b5-4ed4-aff8-c780b4368b5f','56bd646a-44cf-4ae2-960c-d7fc24c528f5','Hỏi đáp','Mình sử dụng component Head của Next để bọc metadata thì bị màu đỏ giống hình. Làm sao để chỉnh lại màu ạ?','ad4082d9-b340-4551-8e57-309d3660aed7','2024-07-07 17:33:37','2024-07-07 17:33:37','2024-07-07 17:33:37',2,0,0,0,0);
/*!40000 ALTER TABLE `post_group` ENABLE KEYS */;
UNLOCK TABLES;

--
-- Dumping data for table `react`
--

LOCK TABLES `react` WRITE;
/*!40000 ALTER TABLE `react` DISABLE KEYS */;
INSERT INTO `react` VALUES (1,'Like','2024-07-07 20:04:34',NULL,0);
/*!40000 ALTER TABLE `react` ENABLE KEYS */;
UNLOCK TABLES;

--
-- Dumping data for table `request_friend`
--

LOCK TABLES `request_friend` WRITE;
/*!40000 ALTER TABLE `request_friend` DISABLE KEYS */;
INSERT INTO `request_friend` VALUES ('15fa6065-98cb-4bb8-9269-ff2c7b8f22c2','2cae08b7-ade2-4f4f-b757-14142a09bbac','2024-07-27 19:50:31',0),('15fa6065-98cb-4bb8-9269-ff2c7b8f22c2','3bdab96b-ac47-4d48-b9ca-256725fb72f7','2024-07-27 19:50:31',0),('15fa6065-98cb-4bb8-9269-ff2c7b8f22c2','56bd646a-44cf-4ae2-960c-d7fc24c528f2','2024-07-27 18:25:23',0),('15fa6065-98cb-4bb8-9269-ff2c7b8f22c2','56bd646a-44cf-4ae2-960c-d7fc24c528f3','2024-07-27 18:25:32',0),('15fa6065-98cb-4bb8-9269-ff2c7b8f22c2','56bd646a-44cf-4ae2-960c-d7fc24c528f4','2024-07-27 19:50:29',0),('15fa6065-98cb-4bb8-9269-ff2c7b8f22c2','56bd646a-44cf-4ae2-960c-d7fc24c528f5','2024-07-27 18:25:31',0),('15fa6065-98cb-4bb8-9269-ff2c7b8f22c2','67380894-cf8b-43ac-b6b2-d9d9ac154f8f','2024-07-27 19:50:32',0),('15fa6065-98cb-4bb8-9269-ff2c7b8f22c2','8f43f0d3-4a0d-4baa-920f-05ebe13a4787','2024-07-27 19:50:33',0),('425d8a36-aad9-4d3b-b944-a4a21c743b20','2cae08b7-ade2-4f4f-b757-14142a09bbac','2024-07-27 19:36:03',0),('425d8a36-aad9-4d3b-b944-a4a21c743b20','3bdab96b-ac47-4d48-b9ca-256725fb72f7','2024-07-27 19:36:01',0),('425d8a36-aad9-4d3b-b944-a4a21c743b20','56bd646a-44cf-4ae2-960c-d7fc24c528f2','2024-07-27 19:36:02',0),('425d8a36-aad9-4d3b-b944-a4a21c743b20','56bd646a-44cf-4ae2-960c-d7fc24c528f3','2024-07-27 19:36:05',0),('425d8a36-aad9-4d3b-b944-a4a21c743b20','56bd646a-44cf-4ae2-960c-d7fc24c528f4','2024-07-27 19:36:02',0),('425d8a36-aad9-4d3b-b944-a4a21c743b20','67380894-cf8b-43ac-b6b2-d9d9ac154f8f','2024-07-27 19:36:04',0),('425d8a36-aad9-4d3b-b944-a4a21c743b20','6fdfdf3f-81b0-46be-bdde-5ccdcb8ed77b','2024-07-27 19:36:04',0),('425d8a36-aad9-4d3b-b944-a4a21c743b20','a8a2a13d-1993-4cb4-b918-1b6305e81ff0','2024-07-27 19:35:58',0),('56bd646a-44cf-4ae2-960c-d7fc24c528e5','56bd646a-44cf-4ae2-960c-d7fc24c528f3','2024-07-11 20:58:38',0),('56bd646a-44cf-4ae2-960c-d7fc24c528f4','56bd646a-44cf-4ae2-960c-d7fc24c528f2','2024-07-11 21:50:29',0),('6fdfdf3f-81b0-46be-bdde-5ccdcb8ed77b','2cae08b7-ade2-4f4f-b757-14142a09bbac','2024-07-27 19:36:22',0),('6fdfdf3f-81b0-46be-bdde-5ccdcb8ed77b','3bdab96b-ac47-4d48-b9ca-256725fb72f7','2024-07-27 19:36:23',0),('6fdfdf3f-81b0-46be-bdde-5ccdcb8ed77b','56bd646a-44cf-4ae2-960c-d7fc24c528f2','2024-07-27 19:36:21',0),('6fdfdf3f-81b0-46be-bdde-5ccdcb8ed77b','56bd646a-44cf-4ae2-960c-d7fc24c528f3','2024-07-27 19:36:24',0),('6fdfdf3f-81b0-46be-bdde-5ccdcb8ed77b','56bd646a-44cf-4ae2-960c-d7fc24c528f4','2024-07-27 19:36:22',0),('6fdfdf3f-81b0-46be-bdde-5ccdcb8ed77b','67380894-cf8b-43ac-b6b2-d9d9ac154f8f','2024-07-27 19:36:24',0),('6fdfdf3f-81b0-46be-bdde-5ccdcb8ed77b','a8a2a13d-1993-4cb4-b918-1b6305e81ff0','2024-07-27 19:36:21',0),('c67d2ae1-6a5d-447a-91fb-b47400a41ebf','67380894-cf8b-43ac-b6b2-d9d9ac154f8f','2024-07-27 20:14:06',0),('c67d2ae1-6a5d-447a-91fb-b47400a41ebf','8f43f0d3-4a0d-4baa-920f-05ebe13a4787','2024-07-27 20:14:07',0),('d4b8762d-17b7-45e9-887d-c369b6127e7e','2cae08b7-ade2-4f4f-b757-14142a09bbac','2024-07-27 19:36:38',0),('d4b8762d-17b7-45e9-887d-c369b6127e7e','3bdab96b-ac47-4d48-b9ca-256725fb72f7','2024-07-27 19:36:38',0),('d4b8762d-17b7-45e9-887d-c369b6127e7e','425d8a36-aad9-4d3b-b944-a4a21c743b20','2024-07-27 19:46:08',0),('d4b8762d-17b7-45e9-887d-c369b6127e7e','56bd646a-44cf-4ae2-960c-d7fc24c528f2','2024-07-27 19:36:36',0),('d4b8762d-17b7-45e9-887d-c369b6127e7e','56bd646a-44cf-4ae2-960c-d7fc24c528f3','2024-07-27 19:36:37',0),('d4b8762d-17b7-45e9-887d-c369b6127e7e','56bd646a-44cf-4ae2-960c-d7fc24c528f4','2024-07-27 19:36:37',0),('d4b8762d-17b7-45e9-887d-c369b6127e7e','56bd646a-44cf-4ae2-960c-d7fc24c528f5','2024-07-27 19:36:37',0),('d4b8762d-17b7-45e9-887d-c369b6127e7e','a8a2a13d-1993-4cb4-b918-1b6305e81ff0','2024-07-27 19:36:38',0);
/*!40000 ALTER TABLE `request_friend` ENABLE KEYS */;
UNLOCK TABLES;

--
-- Dumping data for table `request_join_group`
--

LOCK TABLES `request_join_group` WRITE;
/*!40000 ALTER TABLE `request_join_group` DISABLE KEYS */;
INSERT INTO `request_join_group` VALUES ('2c4ca1d1-c1b7-462f-992e-2802f5b85f6c','15fa6065-98cb-4bb8-9269-ff2c7b8f22c2','2024-07-27 18:25:09',0),('2c4ca1d1-c1b7-462f-992e-2802f5b85f6c','2cae08b7-ade2-4f4f-b757-14142a09bbac','2024-07-27 19:56:01',0),('2c4ca1d1-c1b7-462f-992e-2802f5b85f6c','425d8a36-aad9-4d3b-b944-a4a21c743b20','2024-07-27 18:22:24',0),('2c4ca1d1-c1b7-462f-992e-2802f5b85f6c','8f43f0d3-4a0d-4baa-920f-05ebe13a4787','2024-07-27 20:19:53',0),('2c4ca1d1-c1b7-462f-992e-2802f5b85f6c','d4b8762d-17b7-45e9-887d-c369b6127e7e','2024-07-27 18:21:47',0),('35dd1239-f92d-4bdf-83b6-4341acd42489','15fa6065-98cb-4bb8-9269-ff2c7b8f22c2','2024-07-27 18:25:14',0),('35dd1239-f92d-4bdf-83b6-4341acd42489','2cae08b7-ade2-4f4f-b757-14142a09bbac','2024-07-27 19:55:53',0),('35dd1239-f92d-4bdf-83b6-4341acd42489','56bd646a-44cf-4ae2-960c-d7fc24c528e5','2024-07-27 18:20:46',0),('35dd1239-f92d-4bdf-83b6-4341acd42489','6fdfdf3f-81b0-46be-bdde-5ccdcb8ed77b','2024-07-27 18:21:32',0),('35dd1239-f92d-4bdf-83b6-4341acd42489','a8a2a13d-1993-4cb4-b918-1b6305e81ff0','2024-07-27 20:16:51',0),('947b9cf3-cc9e-4f3c-a736-6def4f1f803e','15fa6065-98cb-4bb8-9269-ff2c7b8f22c2','2024-07-27 18:25:11',0),('d121b01d-3840-4a5d-b974-90e3cb92853b','15fa6065-98cb-4bb8-9269-ff2c7b8f22c2','2024-07-27 18:25:10',0),('d121b01d-3840-4a5d-b974-90e3cb92853b','56bd646a-44cf-4ae2-960c-d7fc24c528e5','2024-07-07 17:12:47',1),('d121b01d-3840-4a5d-b974-90e3cb92853b','d4b8762d-17b7-45e9-887d-c369b6127e7e','2024-07-27 18:21:54',0),('fb1c1688-cf9f-4c78-a3e8-a833ea5aa1be','c67d2ae1-6a5d-447a-91fb-b47400a41ebf','2024-07-27 19:59:30',0),('fb1c1688-cf9f-4c78-a3e8-a833ea5aa1be','d4b8762d-17b7-45e9-887d-c369b6127e7e','2024-07-27 19:46:26',0);
/*!40000 ALTER TABLE `request_join_group` ENABLE KEYS */;
UNLOCK TABLES;

--
-- Dumping data for table `role`
--

LOCK TABLES `role` WRITE;
/*!40000 ALTER TABLE `role` DISABLE KEYS */;
INSERT INTO `role` VALUES (1,'Admin','Quản trị viên hệ thống','2024-07-09 22:31:08','2024-07-09 22:31:08',0),(2,'FacultyManager','Quản trị viên cấp khoa','2024-07-09 22:31:08','2024-07-09 22:31:08',0),(3,'Lecturer','Giảng viên','2024-07-09 22:31:08','2024-07-09 22:31:08',0),(4,'VerifiedAlumni','Cựu sinh viên đã xác thực','2024-07-09 22:31:08','2024-07-09 22:31:08',0),(5,'UnverifiedAlumni','Cựu sinh viên chưa xác thực','2024-07-09 22:31:08','2024-07-09 22:31:08',0);
/*!40000 ALTER TABLE `role` ENABLE KEYS */;
UNLOCK TABLES;

--
-- Dumping data for table `role_permission`
--

LOCK TABLES `role_permission` WRITE;
/*!40000 ALTER TABLE `role_permission` DISABLE KEYS */;
INSERT INTO `role_permission` VALUES (1,1,0),(1,2,0),(1,3,0),(1,4,0),(1,5,0),(1,6,0),(1,8,0),(1,9,0),(1,10,0),(1,11,0),(1,12,0),(1,13,0),(1,14,0),(1,15,0),(1,16,0),(1,17,0),(1,18,0),(1,19,0),(1,20,0),(1,21,0),(1,22,0),(1,23,0),(1,24,0),(1,25,0),(1,26,0),(1,27,0),(1,28,0),(1,29,0),(1,30,0),(1,31,0),(1,32,0),(2,5,0),(2,6,0),(2,8,0),(2,9,0),(2,10,0),(2,11,0),(2,12,0),(2,13,0),(2,14,0),(2,15,0),(2,16,0),(2,17,0),(2,18,0),(2,19,0),(2,20,0),(2,21,0),(2,22,0),(2,23,0),(2,24,0),(2,25,0),(2,26,0),(2,27,0),(2,28,0),(2,29,0),(2,30,0),(2,31,0),(2,32,0),(3,11,0),(3,16,0),(3,17,0),(3,18,0),(3,23,0),(3,25,0),(3,26,0),(3,28,0),(3,29,0),(3,31,0),(3,32,0),(4,11,0),(4,16,0),(4,17,0),(4,18,0),(4,23,0),(4,25,0),(4,26,0),(4,28,0),(4,29,0),(4,31,0),(4,32,0),(5,7,0),(5,32,0);
/*!40000 ALTER TABLE `role_permission` ENABLE KEYS */;
UNLOCK TABLES;

--
-- Dumping data for table `sex`
--

LOCK TABLES `sex` WRITE;
/*!40000 ALTER TABLE `sex` DISABLE KEYS */;
INSERT INTO `sex` VALUES (1,'Nam',NULL,0),(2,'Nữ',NULL,0);
/*!40000 ALTER TABLE `sex` ENABLE KEYS */;
UNLOCK TABLES;

--
-- Dumping data for table `status_notification`
--

LOCK TABLES `status_notification` WRITE;
/*!40000 ALTER TABLE `status_notification` DISABLE KEYS */;
INSERT INTO `status_notification` VALUES (1,'Chưa xem',NULL,0),(2,'Đã xem',NULL,0),(3,'Xoá',NULL,0);
/*!40000 ALTER TABLE `status_notification` ENABLE KEYS */;
UNLOCK TABLES;

--
-- Dumping data for table `status_post`
--

LOCK TABLES `status_post` WRITE;
/*!40000 ALTER TABLE `status_post` DISABLE KEYS */;
INSERT INTO `status_post` VALUES (1,'Chờ',NULL,0),(2,'Bình thường',NULL,0),(3,'Ẩn',NULL,0),(4,'Xoá',NULL,0);
/*!40000 ALTER TABLE `status_post` ENABLE KEYS */;
UNLOCK TABLES;

--
-- Dumping data for table `status_user_group`
--

LOCK TABLES `status_user_group` WRITE;
/*!40000 ALTER TABLE `status_user_group` DISABLE KEYS */;
INSERT INTO `status_user_group` VALUES (1,'Khoá',NULL,0),(2,'Bình thường',NULL,0),(3,'Xoá',NULL,0);
/*!40000 ALTER TABLE `status_user_group` ENABLE KEYS */;
UNLOCK TABLES;

--
-- Dumping data for table `tag`
--

LOCK TABLES `tag` WRITE;
/*!40000 ALTER TABLE `tag` DISABLE KEYS */;
INSERT INTO `tag` VALUES (1,'khtn','2024-07-06 11:39:28',0),(2,'giải thưởng','2024-07-06 11:39:28',0),(3,'hội nghị','2024-07-06 11:47:40',0),(4,'cựu sinh viên','2024-07-06 14:29:56',0),(5,'tiến sĩ','2024-07-06 14:36:17',0),(6,'phát triển','2024-07-06 14:52:33',0),(7,'khai giảng','2024-07-06 14:52:33',0),(8,'nghiên cứu','2024-07-06 15:02:40',0),(9,'chất lượng','2024-07-06 15:06:36',0),(10,'khởi nghiệp','2024-07-06 15:13:47',0),(11,'olympic','2024-07-06 15:16:21',0),(12,'giáo sư','2024-07-06 15:18:59',0),(13,'nobel','2024-07-06 15:18:59',0),(14,'ngày truyền thống','2024-07-06 15:22:57',0),(15,'hội thảo','2024-07-06 15:24:45',0),(16,'khai mạc','2024-07-06 15:28:23',0),(17,'ký kết','2024-07-06 15:31:08',0),(18,'lễ tiếp nhận','2024-07-06 15:32:30',0),(19,'doanh nghiệp','2024-07-06 17:07:11',0),(20,'khoa học','2024-07-06 17:07:11',0),(21,'diễn đàn','2024-07-06 17:07:11',0),(22,'bóng đá','2024-07-06 17:09:04',0),(23,'sinh viên','2024-07-06 17:25:35',0),(24,'lễ tốt nghiệp','2024-07-06 17:28:33',0),(25,'tình nguyện','2024-07-06 17:36:19',0),(26,'trại','2024-07-06 17:41:16',0),(27,'âm nhạc','2024-07-06 17:45:07',0),(28,'bảo tàng','2024-07-06 20:07:18',0),(29,'sức khoẻ','2024-07-06 20:17:22',0),(30,'cntt','2024-07-07 15:26:27',0),(31,'clc','2024-07-07 15:26:27',0),(32,'thể thao','2024-07-07 15:44:31',0),(33,'đời sống','2024-07-07 15:57:12',0),(34,'cầu lông','2024-07-07 16:48:08',0),(35,'java','2024-07-07 16:53:51',0),(36,'web','2024-07-07 16:53:51',0),(37,'gen z','2024-07-07 16:59:08',0),(38,'frontend','2024-07-07 17:01:20',0),(39,'game','2024-07-07 17:02:36',0),(40,'hok','2024-07-07 17:02:36',0),(41,'hoạt hình','2024-07-07 17:04:19',0),(42,'tu tiên','2024-07-07 17:04:19',0),(43,'việc làm','2024-07-07 17:07:27',0),(44,'trao đổi','2024-07-07 17:09:57',0),(45,'bàn phím cơ','2024-07-07 17:09:57',0),(46,'mua bán','2024-07-07 17:09:57',0),(47,'ôn tập','2024-07-07 17:11:41',0),(48,'toeic','2024-07-07 17:11:41',0),(49,'tiếng anh','2024-07-07 17:11:41',0),(50,'ktx khu b','2024-07-07 17:16:11',0),(51,'công việc','2024-07-07 17:17:40',0),(52,'gia sư','2024-07-07 17:17:40',0),(53,'background','2024-07-07 17:30:17',0),(54,'next','2024-07-07 17:33:37',0),(55,'sinh học','2024-07-27 19:34:29',0),(56,'chuyển ngành','2024-07-27 19:39:40',0),(57,'điện tử','2024-07-27 19:49:43',0),(58,'viễn thông','2024-07-27 19:49:43',0),(59,'hoá học','2024-07-27 19:55:48',0),(60,'công nghệ vật liệu','2024-07-27 20:19:43',0);
/*!40000 ALTER TABLE `tag` ENABLE KEYS */;
UNLOCK TABLES;

--
-- Dumping data for table `tag_event`
--

LOCK TABLES `tag_event` WRITE;
/*!40000 ALTER TABLE `tag_event` DISABLE KEYS */;
INSERT INTO `tag_event` VALUES ('10c0445a-d0e4-46a7-8dfb-ef40e113fa41',1),('31f445c3-49d3-478a-bce4-6105425bd6ce',4),('ec316732-05c3-4ae8-abc5-c9849b271e43',4),('05c92f6c-2453-4349-8fe5-e198930ad1cb',19),('713e0c7a-cd23-4f46-959d-2794dcdf48cb',19),('92a0a019-28ff-4412-8c7b-532cb4168472',19),('92a0a019-28ff-4412-8c7b-532cb4168472',20),('10c0445a-d0e4-46a7-8dfb-ef40e113fa41',21),('92a0a019-28ff-4412-8c7b-532cb4168472',21),('2c9996e2-b9f5-4b47-9a12-a6b07df24c10',22),('ac197087-b741-4be9-ac64-c1c3675c6636',22),('b23fbb60-a717-4cba-8a8a-c356541900d0',22),('ec316732-05c3-4ae8-abc5-c9849b271e43',22),('05c92f6c-2453-4349-8fe5-e198930ad1cb',23),('713e0c7a-cd23-4f46-959d-2794dcdf48cb',23),('14e88a0e-51ec-49ab-9875-a83668fcdaf4',24),('6e4313d3-07cb-4564-afce-d84775d7a191',25),('b70e7796-c51d-459f-964e-7cfa23efd268',26),('cdc90076-1761-4051-bac3-ddbf33dcfc3d',27),('0c24a0a7-54fd-4a0e-9d29-da1030ffaa89',28),('3594c21e-fcd4-4ab5-9bac-325c64328ee9',29);
/*!40000 ALTER TABLE `tag_event` ENABLE KEYS */;
UNLOCK TABLES;

--
-- Dumping data for table `tag_group`
--

LOCK TABLES `tag_group` WRITE;
/*!40000 ALTER TABLE `tag_group` DISABLE KEYS */;
INSERT INTO `tag_group` VALUES ('7895d2a0-047f-4a66-9922-c8e1a4bac5bf',1),('73e1d270-3784-40d8-a397-31b15f6ad2a1',4),('be22225a-fdd1-448d-8225-a76476b06456',4),('d78deca1-b7bd-4e20-85d0-cc784e946797',4),('faf07f48-36e2-45a6-bb0e-a29b283f3aa1',4),('fb1c1688-cf9f-4c78-a3e8-a833ea5aa1be',4),('73e1d270-3784-40d8-a397-31b15f6ad2a1',22),('55e9d28d-d013-47c5-8b54-5c9ffa8dee95',30),('5cd550a9-8139-4427-bf21-99c598dbea28',30),('75fc94c0-a9f9-47db-ad37-b6f0deca9b2e',30),('ad4082d9-b340-4551-8e57-309d3660aed7',30),('fb1c1688-cf9f-4c78-a3e8-a833ea5aa1be',30),('d78deca1-b7bd-4e20-85d0-cc784e946797',32),('35dd1239-f92d-4bdf-83b6-4341acd42489',33),('d78deca1-b7bd-4e20-85d0-cc784e946797',34),('5cd550a9-8139-4427-bf21-99c598dbea28',35),('5cd550a9-8139-4427-bf21-99c598dbea28',36),('55e9d28d-d013-47c5-8b54-5c9ffa8dee95',37),('ad4082d9-b340-4551-8e57-309d3660aed7',38),('ea4cb6db-8696-46a4-983b-29353dd4b1a2',38),('947b9cf3-cc9e-4f3c-a736-6def4f1f803e',39),('947b9cf3-cc9e-4f3c-a736-6def4f1f803e',40),('d121b01d-3840-4a5d-b974-90e3cb92853b',41),('d121b01d-3840-4a5d-b974-90e3cb92853b',42),('75fc94c0-a9f9-47db-ad37-b6f0deca9b2e',43),('79ba5154-f9fb-4ba0-b812-411fa240ec79',44),('79ba5154-f9fb-4ba0-b812-411fa240ec79',45),('79ba5154-f9fb-4ba0-b812-411fa240ec79',46),('a14c6ef2-adc8-4ded-b68e-b264c9cb0ab8',47),('a14c6ef2-adc8-4ded-b68e-b264c9cb0ab8',48),('a14c6ef2-adc8-4ded-b68e-b264c9cb0ab8',49),('2c4ca1d1-c1b7-462f-992e-2802f5b85f6c',50),('40982b82-fb96-49bf-a91e-d409e79fa9b3',51),('ea4cb6db-8696-46a4-983b-29353dd4b1a2',51),('40982b82-fb96-49bf-a91e-d409e79fa9b3',52),('be22225a-fdd1-448d-8225-a76476b06456',55),('af20dc95-4c48-4e44-9fba-960f44918f1f',57),('af20dc95-4c48-4e44-9fba-960f44918f1f',58),('7895d2a0-047f-4a66-9922-c8e1a4bac5bf',59),('faf07f48-36e2-45a6-bb0e-a29b283f3aa1',60);
/*!40000 ALTER TABLE `tag_group` ENABLE KEYS */;
UNLOCK TABLES;

--
-- Dumping data for table `tag_news`
--

LOCK TABLES `tag_news` WRITE;
/*!40000 ALTER TABLE `tag_news` DISABLE KEYS */;
INSERT INTO `tag_news` VALUES ('9a2fb9e3-1daa-438a-806b-5044064c0ab4',1),('a340095f-000d-4da9-9966-6a6f5e0c7370',1),('b759641f-8c42-4dc9-8ca5-e20ec0ed45bb',1),('b759641f-8c42-4dc9-8ca5-e20ec0ed45bb',2),('a1d03053-93ef-453c-8c00-5eb0c030417d',3),('a340095f-000d-4da9-9966-6a6f5e0c7370',3),('17dc072c-11f4-4de5-aa91-fb65ec78cec4',4),('415f8c1b-feba-439e-bdcd-8c420fd9d0d7',4),('a1d03053-93ef-453c-8c00-5eb0c030417d',4),('f47b831c-c056-42ab-8e4c-b5d922ced1f6',4),('33b1024a-ae30-4290-b948-e7f7c0aaab20',6),('33b1024a-ae30-4290-b948-e7f7c0aaab20',7),('9b4bf971-6a51-4c1c-9032-05098a28f3fa',8),('68b25ba1-a34d-4de0-9862-9c024f00215e',9),('f534fa71-87b3-4a70-9aec-95f550fbf9ac',10),('17c48822-9acc-44b0-ba30-1449cf4c638d',11),('9a2fb9e3-1daa-438a-806b-5044064c0ab4',12),('9a2fb9e3-1daa-438a-806b-5044064c0ab4',13),('0455495d-2952-480a-9384-48648f0c3da3',14),('4cf5d99b-03b8-4972-a202-388becba785a',14),('41efe1ab-1842-4739-8ff0-0d2a7ba72529',15),('85f952d3-ca86-411f-9986-e396ab05cb8f',16),('003127ca-3a0c-4db1-991d-103933679dc3',17),('2107aeaa-bcfe-4c13-9428-13eff8203941',17),('97dbf166-86a1-4369-a0dc-2075fcf7de31',18);
/*!40000 ALTER TABLE `tag_news` ENABLE KEYS */;
UNLOCK TABLES;

--
-- Dumping data for table `tag_post_advise`
--

LOCK TABLES `tag_post_advise` WRITE;
/*!40000 ALTER TABLE `tag_post_advise` DISABLE KEYS */;
INSERT INTO `tag_post_advise` VALUES ('d9e79351-1b3b-4651-849b-08a75eb6895b',1),('65fb113d-6d92-4c02-8e4d-3d2aa96bbbe3',4),('89fc7d33-1f2a-4982-a8c4-097ec2c5d8ad',10),('d9e79351-1b3b-4651-849b-08a75eb6895b',30),('d9e79351-1b3b-4651-849b-08a75eb6895b',31),('65fb113d-6d92-4c02-8e4d-3d2aa96bbbe3',32),('756b3209-458c-40c7-bc71-0d48db772d02',33),('fd19ca00-aa0b-49f1-a97b-71b4797a9652',56);
/*!40000 ALTER TABLE `tag_post_advise` ENABLE KEYS */;
UNLOCK TABLES;

--
-- Dumping data for table `tag_post_group`
--

LOCK TABLES `tag_post_group` WRITE;
/*!40000 ALTER TABLE `tag_post_group` DISABLE KEYS */;
INSERT INTO `tag_post_group` VALUES ('a760a40d-e83e-45e4-9b04-529b62600825',53),('ae8955fe-56b5-4ed4-aff8-c780b4368b5f',54);
/*!40000 ALTER TABLE `tag_post_group` ENABLE KEYS */;
UNLOCK TABLES;

--
-- Dumping data for table `user`
--

LOCK TABLES `user` WRITE;
/*!40000 ALTER TABLE `user` DISABLE KEYS */;
INSERT INTO `user` VALUES ('15fa6065-98cb-4bb8-9269-ff2c7b8f22c2','hqanh18281@gmail.com','$2a$10$VrqzV9.RVuPhCXb8SBfH4uBwFdlSH6ekySoOpDlkodPK9I9bx.0WO','Hà Quốc Anh','091029013',1,NULL,'https://www.facebook.com/quocanh2804',5,NULL,'Tôi rất thích chơi Liên Minh','https://storage.googleapis.com/hcmus-alumverse-dev/images/users/avatar/15fa6065-98cb-4bb8-9269-ff2c7b8f22c2',NULL,2,'2024-07-27 18:12:28','2024-07-27 18:13:10','2024-07-27 19:47:50',0,'PUBLIC','PUBLIC','PUBLIC','PUBLIC','PUBLIC'),('2cae08b7-ade2-4f4f-b757-14142a09bbac','nttn54@gmail.com','$2a$10$x3fror.ScXMjEL8vK7ldn.tZQqf41weZQsjl.BxORR6dHmVY9yN3G','Nguyễn Thị Tố Nữ','089201025',2,'2002-04-05','',7,NULL,'Hi','https://storage.googleapis.com/hcmus-alumverse-dev/images/users/avatar/2cae08b7-ade2-4f4f-b757-14142a09bbac','https://storage.googleapis.com/hcmus-alumverse-dev/images/users/cover/2cae08b7-ade2-4f4f-b757-14142a09bbac',2,'2024-07-27 17:57:16','2024-07-27 19:57:13','2024-07-27 19:54:04',0,'PUBLIC','PUBLIC','PUBLIC','PUBLIC','PUBLIC'),('30ff6fa7-035f-42e4-aa13-55c1c94ded1e','admin@gmail.com','$2a$10$Y9z5lsuRMPY/wRCgZ/e3h.sdfTbtQDfw4dmK1GE6uyUbwBRoLveS.','ADMIN',NULL,NULL,NULL,NULL,NULL,NULL,NULL,'https://storage.googleapis.com/hcmus-alumverse-dev/images/users/avatar/none',NULL,2,'2024-04-03 12:01:23',NULL,'2024-07-27 20:32:10',0,'PUBLIC','PUBLIC','PUBLIC','PUBLIC','PUBLIC'),('3bdab96b-ac47-4d48-b9ca-256725fb72f7','nvkhanh2931@gmail.com','$2a$10$FMl1YVOdcZ274mTrFjMdRuYPESjyj5x3X2PPR6RNaw9oUce.ATtei','Nguyễn Vũ Khanh',NULL,1,NULL,'',8,NULL,NULL,'https://storage.googleapis.com/hcmus-alumverse-dev/images/users/avatar/none',NULL,2,'2024-07-27 17:53:32','2024-07-27 17:56:33','2024-07-27 17:53:32',0,'PUBLIC','PUBLIC','PUBLIC','PUBLIC','PUBLIC'),('425d8a36-aad9-4d3b-b944-a4a21c743b20','pnathuhehe@gmail.com','$2a$10$uS4TgP3tGCKZoX9BcWWQeuJBZpnfg3TtIuAJxqjIkIrZit0jNLmZu','Phạm Ngọc Anh Thư','0903677123',2,'2002-03-14','https://www.facebook.com/anna080702',8,NULL,'Stress','https://storage.googleapis.com/hcmus-alumverse-dev/images/users/avatar/425d8a36-aad9-4d3b-b944-a4a21c743b20','https://storage.googleapis.com/hcmus-alumverse-dev/images/users/cover/425d8a36-aad9-4d3b-b944-a4a21c743b20',2,'2024-07-27 18:10:50','2024-07-27 19:53:34','2024-07-27 19:52:18',0,'PUBLIC','PUBLIC','PUBLIC','PUBLIC','PUBLIC'),('56bd646a-44cf-4ae2-960c-d7fc24c528e5','dnduy20@clc.fitus.edu.vn','$2a$10$qKJhcr4xfCT1kbtrVvZ6ke7DFsbu15VS/aLkM66XIOgeUDhjlc8pi','Đặng Nguyễn Duy','0868657341',1,'2002-04-24','https://www.facebook.com/ninja2404/',1,NULL,'Xin chào','https://storage.googleapis.com/hcmus-alumverse-dev/images/users/avatar/56bd646a-44cf-4ae2-960c-d7fc24c528e5','https://storage.googleapis.com/hcmus-alumverse-dev/images/users/cover/56bd646a-44cf-4ae2-960c-d7fc24c528e5',2,'2024-07-07 10:02:31','2024-07-16 16:39:01','2024-07-27 20:00:34',0,'PUBLIC','PUBLIC','PUBLIC','PUBLIC','PUBLIC'),('56bd646a-44cf-4ae2-960c-d7fc24c528f2','hcnguyen20@clc.fitus.edu.vn','$2a$10$gu8wbwPnr1257OSEq/jrO.4wwe3GGYtDMTbxlO3u/UmlNa0.34unW','Huỳnh Cao Nguyên','0903677128',1,'2002-01-05','https://www.facebook.com/caonguyen0811',1,NULL,'Có thể gọi tôi là Cien','https://storage.googleapis.com/hcmus-alumverse-dev/images/users/avatar/56bd646a-44cf-4ae2-960c-d7fc24c528f2',NULL,2,'2024-07-07 10:02:31','2024-07-07 10:37:21','2024-07-28 16:01:35',0,'PUBLIC','PUBLIC','PUBLIC','PUBLIC','PUBLIC'),('56bd646a-44cf-4ae2-960c-d7fc24c528f3','thmphuc20@clc.fitus.edu.vn','$2a$10$gu8wbwPnr1257OSEq/jrO.4wwe3GGYtDMTbxlO3u/UmlNa0.34unW','Trần Hồng Minh Phúc','0836281982',1,'2002-10-11','https://www.facebook.com/tranhongminhphuc.vn',1,NULL,'Là người có tình yêu','https://storage.googleapis.com/hcmus-alumverse-dev/images/users/avatar/56bd646a-44cf-4ae2-960c-d7fc24c528f3',NULL,2,'2024-07-07 10:02:31','2024-07-07 10:38:45','2024-07-16 16:17:22',0,'PUBLIC','PUBLIC','PUBLIC','PUBLIC','PUBLIC'),('56bd646a-44cf-4ae2-960c-d7fc24c528f4','nnquynh20@clc.fitus.edu.vn','$2a$10$gu8wbwPnr1257OSEq/jrO.4wwe3GGYtDMTbxlO3u/UmlNa0.34unW','Nguyễn Nhật Quỳnh','0902377386',1,'2002-07-28','https://facebook.com/nhat.quynh.927543',1,NULL,NULL,'https://storage.googleapis.com/hcmus-alumverse-dev/images/users/avatar/56bd646a-44cf-4ae2-960c-d7fc24c528f4','https://storage.googleapis.com/hcmus-alumverse-dev/images/users/cover/56bd646a-44cf-4ae2-960c-d7fc24c528f4',2,'2024-07-07 10:02:31','2024-07-11 21:03:43','2024-07-11 21:00:06',0,'PUBLIC','PUBLIC','PUBLIC','PUBLIC','PUBLIC'),('56bd646a-44cf-4ae2-960c-d7fc24c528f5','tsamuel20@clc.fitus.edu.vn','$2a$10$gu8wbwPnr1257OSEq/jrO.4wwe3GGYtDMTbxlO3u/UmlNa0.34unW','Trương Samuel','0873921904',1,'2002-02-15','https://www.facebook.com/samuel.truong.94',1,NULL,'Ngài','https://storage.googleapis.com/hcmus-alumverse-dev/images/users/avatar/56bd646a-44cf-4ae2-960c-d7fc24c528f5',NULL,2,'2024-07-07 10:02:31','2024-07-07 10:41:30','2024-07-07 17:15:06',0,'PUBLIC','PUBLIC','PUBLIC','PUBLIC','PUBLIC'),('56bd646a-44cf-4ae2-960c-d7fc24c528f6','guest1@gmail.com','$2a$10$gu8wbwPnr1257OSEq/jrO.4wwe3GGYtDMTbxlO3u/UmlNa0.34unW','Guest 1',NULL,NULL,NULL,NULL,NULL,NULL,NULL,'https://storage.googleapis.com/hcmus-alumverse-dev/images/users/avatar/none',NULL,2,'2024-07-07 10:02:31','2024-07-07 10:02:31','2024-07-16 16:16:17',0,'PUBLIC','PUBLIC','PUBLIC','PUBLIC','PUBLIC'),('56bd646a-44cf-4ae2-960c-d7fc24c528f7','guest2@gmail.com','$2a$10$gu8wbwPnr1257OSEq/jrO.4wwe3GGYtDMTbxlO3u/UmlNa0.34unW','Guest 2',NULL,NULL,NULL,NULL,NULL,NULL,NULL,'https://storage.googleapis.com/hcmus-alumverse-dev/images/users/avatar/none',NULL,2,'2024-07-07 10:02:31','2024-07-07 10:02:31','2024-07-07 10:02:31',0,'PUBLIC','PUBLIC','PUBLIC','PUBLIC','PUBLIC'),('67380894-cf8b-43ac-b6b2-d9d9ac154f8f','pmliemhoahoc@gmail.com','$2a$10$Gh588HE82VMgIBpzc3wl1OEhJ3n2cxo9e/YY49zk7w2ravFLBOBaK','Phan Minh Liêm','0293013182',1,NULL,'',7,NULL,NULL,'https://storage.googleapis.com/hcmus-alumverse-dev/images/users/avatar/67380894-cf8b-43ac-b6b2-d9d9ac154f8f','https://storage.googleapis.com/hcmus-alumverse-dev/images/users/cover/67380894-cf8b-43ac-b6b2-d9d9ac154f8f',2,'2024-07-27 17:41:40','2024-07-27 17:43:54','2024-07-27 19:58:00',0,'PUBLIC','PUBLIC','PUBLIC','PUBLIC','PUBLIC'),('6fdfdf3f-81b0-46be-bdde-5ccdcb8ed77b','ntnhuy8292@gmail.com','$2a$10$JJgcYJfzbOi/TlJPEuM.pu0F43/8L8ZX1qweeyvjT4Azi6nwrwMza','Nguyễn Trịnh Như Ý','0901299332',2,'2002-02-14','https://www.facebook.com/profile.php?id=100009273187214',9,NULL,'Thích mọi thứ','https://storage.googleapis.com/hcmus-alumverse-dev/images/users/avatar/6fdfdf3f-81b0-46be-bdde-5ccdcb8ed77b',NULL,2,'2024-07-27 18:09:06','2024-07-27 18:10:01','2024-07-27 19:51:40',0,'PUBLIC','PUBLIC','PUBLIC','PUBLIC','PUBLIC'),('8f43f0d3-4a0d-4baa-920f-05ebe13a4787','ttnhoakhcnvl@gmail.com','$2a$10$JIgD5ccyqUTpYDwXggsxjOSGDYuMrnmgw8FnP70fQPa.NgzSyXfNq','Trần Thị Như Hoa','0920102011',2,NULL,'',6,NULL,NULL,'https://storage.googleapis.com/hcmus-alumverse-dev/images/users/avatar/8f43f0d3-4a0d-4baa-920f-05ebe13a4787',NULL,2,'2024-07-27 17:50:58','2024-07-27 17:51:41','2024-07-27 20:17:44',0,'PUBLIC','PUBLIC','PUBLIC','PUBLIC','PUBLIC'),('a8a2a13d-1993-4cb4-b918-1b6305e81ff0','lquynhnga1998@gmail.com','$2a$10$GciFycNRsp./wgcSkDaeqeVFnTKifmA6h4LybphofycvYqk6bjq7i','Lê Quỳnh Nga','0901299331',2,'1980-10-15','',8,NULL,'Đang là CEO và Founder của Elite Arts Academy - trường học nghệ thuật uy tín hàng đầu tại Việt Nam.','https://storage.googleapis.com/hcmus-alumverse-dev/images/users/avatar/a8a2a13d-1993-4cb4-b918-1b6305e81ff0','https://storage.googleapis.com/hcmus-alumverse-dev/images/users/cover/a8a2a13d-1993-4cb4-b918-1b6305e81ff0',2,'2024-07-27 17:23:53','2024-07-27 17:39:35','2024-07-27 20:16:47',0,'PUBLIC','PUBLIC','PUBLIC','PUBLIC','PUBLIC'),('c67d2ae1-6a5d-447a-91fb-b47400a41ebf','lyenthanhcntt@gmail.com','$2a$10$ZfxjXp0VM.D/A855pJA0v.KwryllUn4TqZAiCndgCunoNA8MhpcJK','Lê Yên Thanh','0823919245',1,NULL,'https://www.facebook.com/yenthanh132',1,NULL,'Founder BusMap - Phenikaa MaaS\nForbes 30 Under 30\nBCH Hội Tin học Việt Nam','https://storage.googleapis.com/hcmus-alumverse-dev/images/users/avatar/c67d2ae1-6a5d-447a-91fb-b47400a41ebf','https://storage.googleapis.com/hcmus-alumverse-dev/images/users/cover/c67d2ae1-6a5d-447a-91fb-b47400a41ebf',2,'2024-07-27 17:46:48','2024-07-27 17:49:32','2024-07-27 19:58:54',0,'PUBLIC','PUBLIC','PUBLIC','PUBLIC','PUBLIC'),('d4b8762d-17b7-45e9-887d-c369b6127e7e','tnhattruong292@gmail.com','$2a$10$mY6ozE//CENBTbpWoM.gRO9HPW9BDEsQeQP2c0Su13M0af4z4wK1C','Trần Nhật Trường','0902842242',1,'2001-08-02','https://www.facebook.com/nhattruong1009',1,NULL,'TNT','https://storage.googleapis.com/hcmus-alumverse-dev/images/users/avatar/d4b8762d-17b7-45e9-887d-c369b6127e7e',NULL,2,'2024-07-27 18:05:13','2024-07-27 18:06:03','2024-07-27 19:51:06',0,'PUBLIC','PUBLIC','PUBLIC','PUBLIC','PUBLIC');
/*!40000 ALTER TABLE `user` ENABLE KEYS */;
UNLOCK TABLES;

--
-- Dumping data for table `user_role`
--

LOCK TABLES `user_role` WRITE;
/*!40000 ALTER TABLE `user_role` DISABLE KEYS */;
INSERT INTO `user_role` VALUES ('15fa6065-98cb-4bb8-9269-ff2c7b8f22c2',4,0),('2cae08b7-ade2-4f4f-b757-14142a09bbac',4,0),('30ff6fa7-035f-42e4-aa13-55c1c94ded1e',1,0),('3bdab96b-ac47-4d48-b9ca-256725fb72f7',4,0),('425d8a36-aad9-4d3b-b944-a4a21c743b20',4,0),('56bd646a-44cf-4ae2-960c-d7fc24c528e5',4,0),('56bd646a-44cf-4ae2-960c-d7fc24c528f2',4,0),('56bd646a-44cf-4ae2-960c-d7fc24c528f3',4,0),('56bd646a-44cf-4ae2-960c-d7fc24c528f4',4,0),('56bd646a-44cf-4ae2-960c-d7fc24c528f5',4,0),('56bd646a-44cf-4ae2-960c-d7fc24c528f6',5,0),('56bd646a-44cf-4ae2-960c-d7fc24c528f7',5,0),('67380894-cf8b-43ac-b6b2-d9d9ac154f8f',4,0),('6fdfdf3f-81b0-46be-bdde-5ccdcb8ed77b',4,0),('8f43f0d3-4a0d-4baa-920f-05ebe13a4787',4,0),('a8a2a13d-1993-4cb4-b918-1b6305e81ff0',4,0),('c67d2ae1-6a5d-447a-91fb-b47400a41ebf',4,0),('d4b8762d-17b7-45e9-887d-c369b6127e7e',4,0);
/*!40000 ALTER TABLE `user_role` ENABLE KEYS */;
UNLOCK TABLES;

--
-- Dumping data for table `user_subscription_token`
--

LOCK TABLES `user_subscription_token` WRITE;
/*!40000 ALTER TABLE `user_subscription_token` DISABLE KEYS */;
INSERT INTO `user_subscription_token` VALUES ('56bd646a-44cf-4ae2-960c-d7fc24c528e5','cT2aNHezSLG5SpNFPkvC04:APA91bES8z80Y9Hv-CXJxV0cOukmebIoL3BueaQ4tiwvZimNPLT5bFiyD1vtb725gvd21ShFUTzl4b9sFGzw-nDxNhlD_UNW0ofg-qbDSBtu4p_WYrKM2pO6ACqMX5bR1Emrov0YV6qJ',0);
/*!40000 ALTER TABLE `user_subscription_token` ENABLE KEYS */;
UNLOCK TABLES;

--
-- Dumping data for table `user_vote_post_advise`
--

LOCK TABLES `user_vote_post_advise` WRITE;
/*!40000 ALTER TABLE `user_vote_post_advise` DISABLE KEYS */;
INSERT INTO `user_vote_post_advise` VALUES (1,'65fb113d-6d92-4c02-8e4d-3d2aa96bbbe3','2cae08b7-ade2-4f4f-b757-14142a09bbac','2024-07-27 19:57:34',0),(1,'65fb113d-6d92-4c02-8e4d-3d2aa96bbbe3','425d8a36-aad9-4d3b-b944-a4a21c743b20','2024-07-27 19:44:06',0),(1,'65fb113d-6d92-4c02-8e4d-3d2aa96bbbe3','56bd646a-44cf-4ae2-960c-d7fc24c528e5','2024-07-07 15:45:41',0),(1,'65fb113d-6d92-4c02-8e4d-3d2aa96bbbe3','6fdfdf3f-81b0-46be-bdde-5ccdcb8ed77b','2024-07-27 19:38:29',0),(1,'65fb113d-6d92-4c02-8e4d-3d2aa96bbbe3','a8a2a13d-1993-4cb4-b918-1b6305e81ff0','2024-07-27 20:17:25',0),(2,'65fb113d-6d92-4c02-8e4d-3d2aa96bbbe3','15fa6065-98cb-4bb8-9269-ff2c7b8f22c2','2024-07-27 19:49:57',0),(2,'65fb113d-6d92-4c02-8e4d-3d2aa96bbbe3','56bd646a-44cf-4ae2-960c-d7fc24c528f2','2024-07-07 15:57:26',0),(2,'65fb113d-6d92-4c02-8e4d-3d2aa96bbbe3','56bd646a-44cf-4ae2-960c-d7fc24c528f3','2024-07-07 16:05:11',0),(2,'65fb113d-6d92-4c02-8e4d-3d2aa96bbbe3','56bd646a-44cf-4ae2-960c-d7fc24c528f5','2024-07-07 16:20:21',0),(2,'65fb113d-6d92-4c02-8e4d-3d2aa96bbbe3','67380894-cf8b-43ac-b6b2-d9d9ac154f8f','2024-07-27 19:58:21',0),(2,'65fb113d-6d92-4c02-8e4d-3d2aa96bbbe3','c67d2ae1-6a5d-447a-91fb-b47400a41ebf','2024-07-27 19:59:20',0),(2,'65fb113d-6d92-4c02-8e4d-3d2aa96bbbe3','d4b8762d-17b7-45e9-887d-c369b6127e7e','2024-07-27 19:45:11',0);
/*!40000 ALTER TABLE `user_vote_post_advise` ENABLE KEYS */;
UNLOCK TABLES;

--
-- Dumping data for table `user_vote_post_group`
--

LOCK TABLES `user_vote_post_group` WRITE;
/*!40000 ALTER TABLE `user_vote_post_group` DISABLE KEYS */;
/*!40000 ALTER TABLE `user_vote_post_group` ENABLE KEYS */;
UNLOCK TABLES;

--
-- Dumping data for table `verify_alumni`
--

LOCK TABLES `verify_alumni` WRITE;
/*!40000 ALTER TABLE `verify_alumni` DISABLE KEYS */;
INSERT INTO `verify_alumni` VALUES ('1263fb78-b560-4aae-a574-58ac69247089','8f43f0d3-4a0d-4baa-920f-05ebe13a4787','20063829',2006,'',6,'','APPROVED','2024-07-27 17:51:41',0),('72a82157-f484-4c0e-ac94-4fc1585ad227','6fdfdf3f-81b0-46be-bdde-5ccdcb8ed77b','18129301',2018,'',9,'','APPROVED','2024-07-27 18:10:01',0),('74c44dab-44aa-4875-ad0b-a19e5e67fa4e','d4b8762d-17b7-45e9-887d-c369b6127e7e','19127281',2019,'',1,'','APPROVED','2024-07-27 18:06:07',0),('78aa94d1-9c5d-444c-9e2e-def2440858ab','c67d2ae1-6a5d-447a-91fb-b47400a41ebf','20127262',2012,'https://www.facebook.com/yenthanh132',1,'','APPROVED','2024-07-27 17:48:01',0),('797334ae-6a0d-492c-9617-28cf18ad8858','3bdab96b-ac47-4d48-b9ca-256725fb72f7','20117293',2020,'',8,'','APPROVED','2024-07-27 17:56:33',0),('96466263-798b-40e4-a558-825837bf7d9d','56bd646a-44cf-4ae2-960c-d7fc24c528f3','20127285',2020,'https://www.facebook.com/tranhongminhphuc.vn',1,NULL,'APPROVED','2024-07-07 10:05:08',0),('96466263-798b-40e4-a558-825837bf7d9e','56bd646a-44cf-4ae2-960c-d7fc24c528e5','20127013',2020,'https://www.facebook.com/ninja2404/',1,'','APPROVED','2024-07-07 10:05:08',0),('96466263-798b-40e4-a558-825837bf7d9f','56bd646a-44cf-4ae2-960c-d7fc24c528f2','20127575',2020,'https://www.facebook.com/caonguyen0811',1,NULL,'APPROVED','2024-07-07 10:05:08',0),('96466263-798b-40e4-a558-825837bf7d9g','56bd646a-44cf-4ae2-960c-d7fc24c528f5','20127610',2020,'https://www.facebook.com/samuel.truong.94',1,NULL,'APPROVED','2024-07-07 10:05:08',0),('96466263-798b-40e4-a558-825837bf7d9k','56bd646a-44cf-4ae2-960c-d7fc24c528f4','20127396',2020,'https://facebook.com/nhat.quynh.927543',1,NULL,'APPROVED','2024-07-07 10:05:08',0),('96466263-798b-40e4-a558-825837bf7d9m','56bd646a-44cf-4ae2-960c-d7fc24c528f6','20127001',2020,'https://www.facebook.com/quocanh2804',1,NULL,'PENDING','2024-07-07 10:05:08',0),('a6286fff-6936-48a8-94ad-e72f62b73b97','15fa6065-98cb-4bb8-9269-ff2c7b8f22c2','19128310',2019,'',5,'','APPROVED','2024-07-27 18:13:10',0),('b2341663-9557-4b8e-ab61-914d774b279b','2cae08b7-ade2-4f4f-b757-14142a09bbac','21127293',2019,'',7,'','APPROVED','2024-07-27 17:58:55',0),('b3325fe0-79c2-4f05-be0c-55c1d760582c','a8a2a13d-1993-4cb4-b918-1b6305e81ff0','1998001',1998,'',8,'','APPROVED','2024-07-27 17:25:15',0),('d9644f07-df68-4797-a5cf-dc28aa52bbea','67380894-cf8b-43ac-b6b2-d9d9ac154f8f','20019201',2001,'',7,'','APPROVED','2024-07-27 17:42:29',0),('e4c69211-5689-4657-b4cf-a52cb8deb91f','425d8a36-aad9-4d3b-b944-a4a21c743b20','15129301',2015,'',8,'','APPROVED','2024-07-27 18:11:40',0);
/*!40000 ALTER TABLE `verify_alumni` ENABLE KEYS */;
UNLOCK TABLES;

--
-- Dumping data for table `vote_option_post_advise`
--

LOCK TABLES `vote_option_post_advise` WRITE;
/*!40000 ALTER TABLE `vote_option_post_advise` DISABLE KEYS */;
INSERT INTO `vote_option_post_advise` VALUES (1,'65fb113d-6d92-4c02-8e4d-3d2aa96bbbe3','Cầu lông',5,'2024-07-07 15:44:31',0),(2,'65fb113d-6d92-4c02-8e4d-3d2aa96bbbe3','Bóng đá',7,'2024-07-07 15:44:31',0);
/*!40000 ALTER TABLE `vote_option_post_advise` ENABLE KEYS */;
UNLOCK TABLES;

--
-- Dumping data for table `vote_option_post_group`
--

LOCK TABLES `vote_option_post_group` WRITE;
/*!40000 ALTER TABLE `vote_option_post_group` DISABLE KEYS */;
/*!40000 ALTER TABLE `vote_option_post_group` ENABLE KEYS */;
UNLOCK TABLES;
/*!40103 SET TIME_ZONE=@OLD_TIME_ZONE */;

/*!40101 SET SQL_MODE=@OLD_SQL_MODE */;
/*!40014 SET FOREIGN_KEY_CHECKS=@OLD_FOREIGN_KEY_CHECKS */;
/*!40014 SET UNIQUE_CHECKS=@OLD_UNIQUE_CHECKS */;
/*!40101 SET CHARACTER_SET_CLIENT=@OLD_CHARACTER_SET_CLIENT */;
/*!40101 SET CHARACTER_SET_RESULTS=@OLD_CHARACTER_SET_RESULTS */;
/*!40101 SET COLLATION_CONNECTION=@OLD_COLLATION_CONNECTION */;
/*!40111 SET SQL_NOTES=@OLD_SQL_NOTES */;

-- Dump completed on 2024-07-28 16:05:33
